ID_Transacao,Data_Lancamento,Data_Prevista,Data_Liquidacao,Valor_Previsto,Valor_Realizado,Status,Tipo_Lancamento,ID_Conta,ID_Fornecedor,Descricao,Canal,Saldo,Dias_em_Aberto,Dias_Divergencia,Faixa_Aging,Faixa_Aging_Div,Criticidade,Criticidade_Div,Ordem_Aging,Ordem_Aging_Div
TRX-00590,2024-05-06,2024-05-19,2024-05-20,20633.92,20633.92,Conciliado,Pagamento,CT-005,FN-010,Ref. NF-5016,Débito,0.00,,,,,,,,
TRX-00103,2024-08-19,2024-08-20,2024-08-23,32410.99,32410.99,Conciliado,Pagamento,CT-005,FN-002,Ref. NF-1672,Pix,0.00,,,,,,,,
TRX-02213,2025-02-09,2025-02-21,2025-02-21,34848.70,34848.70,Conciliado,Pagamento,CT-008,FN-009,Ref. NF-8887,Boleto,0.00,,,,,,,,
TRX-01501,2024-04-02,2024-04-05,2024-04-07,39206.09,39206.09,Conciliado,Estorno,CT-001,FN-010,Ref. NF-3415,Boleto,0.00,,,,,,,,
TRX-00563,2024-03-21,2024-03-31,2024-04-02,15530.77,15530.77,Conciliado,Pagamento,CT-007,FN-008,Ref. NF-3598,Débito,0.00,,,,,,,,
TRX-01248,2025-04-17,2025-05-01,,5363.51,,Pendente,Pagamento,CT-008,FN-007,Ref. NF-6139,Ted,5363.51,30,,0 a 30 dias,,Normal,,1,
TRX-00680,2025-02-02,2025-02-10,2025-02-11,1074.32,1074.32,Conciliado,Pagamento,CT-008,FN-006,Ref. NF-8856,Boleto,0.00,,,,,,,,
TRX-01328,2024-10-20,2024-10-21,2024-10-21,39330.66,39330.66,Conciliado,Pagamento,CT-002,FN-006,Ref. NF-9141,Boleto,0.00,,,,,,,,
TRX-02985,2024-11-14,2024-11-20,2024-11-21,24889.24,24889.24,Conciliado,Estorno,CT-007,FN-009,Ref. NF-9948,Pix,0.00,,,,,,,,
TRX-00164,2024-10-22,2024-11-01,2024-11-01,49291.93,49291.93,Conciliado,Pagamento,CT-005,FN-003,Ref. NF-3869,Boleto,0.00,,,,,,,,
TRX-00399,2025-03-30,2025-04-03,2025-04-03,36898.92,36898.92,Conciliado,Recebimento,CT-001,FN-010,Ref. NF-1694,Boleto,0.00,,,,,,,,
TRX-00292,2024-02-25,2024-03-09,2024-03-09,23140.70,23140.70,Conciliado,Pagamento,CT-002,FN-008,Ref. NF-8091,Boleto,0.00,,,,,,,,
TRX-02372,2024-09-23,2024-10-03,2024-10-03,32637.33,32637.33,Conciliado,Estorno,CT-008,FN-008,Ref. NF-5677,Ted,0.00,,,,,,,,
TRX-01412,2024-04-23,2024-05-04,2024-05-06,18279.12,18279.12,Conciliado,Estorno,CT-003,FN-009,Ref. NF-2157,Boleto,0.00,,,,,,,,
TRX-01298,2025-01-10,2025-01-17,2025-01-19,12195.47,12195.47,Conciliado,Estorno,CT-002,FN-005,Ref. NF-5006,Boleto,0.00,,,,,,,,
TRX-01263,2024-04-29,2024-05-12,2024-05-15,42479.77,42479.77,Conciliado,Pagamento,CT-004,FN-002,Ref. NF-8366,Boleto,0.00,,,,,,,,
TRX-00445,2024-11-08,2024-11-23,2024-11-24,40214.66,40214.66,Conciliado,Pagamento,CT-005,FN-005,Ref. NF-4193,Ted,0.00,,,,,,,,
TRX-00091,2025-03-20,2025-04-04,2025-04-05,5628.23,5628.23,Conciliado,Pagamento,CT-005,FN-006,Ref. NF-7022,Pix,0.00,,,,,,,,
TRX-01991,2024-09-29,2024-10-04,2024-10-05,3031.26,3031.26,Conciliado,Recebimento,CT-003,FN-001,Ref. NF-8320,Boleto,0.00,,,,,,,,
TRX-00414,2025-03-02,2025-03-05,2025-03-06,45850.07,45850.07,Conciliado,Pagamento,CT-006,FN-008,Ref. NF-9797,Ted,0.00,,,,,,,,
TRX-02394,2024-02-27,2024-03-02,2024-03-02,13985.33,13985.33,Conciliado,Pagamento,CT-001,FN-004,Ref. NF-9507,Ted,0.00,,,,,,,,
TRX-00304,2024-06-27,2024-07-01,2024-07-01,15031.93,15031.93,Conciliado,Pagamento,CT-006,FN-006,Ref. NF-4937,Ted,0.00,,,,,,,,
TRX-01796,2024-07-24,2024-07-29,2024-08-01,1712.82,1712.82,Conciliado,Estorno,CT-005,FN-007,Ref. NF-7337,Débito,0.00,,,,,,,,
TRX-00983,2024-10-03,2024-10-13,2024-10-16,47973.31,47973.31,Conciliado,Pagamento,CT-005,FN-001,Ref. NF-3230,Boleto,0.00,,,,,,,,
TRX-01296,2025-01-08,2025-01-10,2025-01-11,48037.35,48037.35,Conciliado,Pagamento,CT-003,FN-008,Ref. NF-4559,Boleto,0.00,,,,,,,,
TRX-01815,2024-10-30,2024-11-13,2024-11-13,7109.12,7109.12,Conciliado,Recebimento,CT-003,FN-004,Ref. NF-1441,Pix,0.00,,,,,,,,
TRX-01628,2024-04-29,2024-05-04,2024-05-06,43784.36,43784.36,Conciliado,Pagamento,CT-005,FN-009,Ref. NF-1380,Ted,0.00,,,,,,,,
TRX-00731,2024-09-26,2024-10-06,2024-10-09,641.87,641.87,Conciliado,Pagamento,CT-004,FN-006,Ref. NF-1976,Ted,0.00,,,,,,,,
TRX-00199,2024-04-05,2024-04-11,2024-04-14,47616.18,47616.18,Conciliado,Estorno,CT-001,FN-006,Ref. NF-8272,Débito,0.00,,,,,,,,
TRX-01694,2025-03-21,2025-03-24,2025-03-25,35804.80,35804.80,Conciliado,Pagamento,CT-004,FN-009,Ref. NF-7941,Boleto,0.00,,,,,,,,
TRX-01062,2024-12-27,2025-01-04,2025-01-06,47195.23,47195.23,Conciliado,Pagamento,CT-004,FN-009,Ref. NF-6089,Ted,0.00,,,,,,,,
TRX-02122,2024-01-18,2024-01-23,,27900.66,,Pendente,Pagamento,CT-004,FN-005,Ref. NF-4965,Pix,27900.66,494,,+360 dias,,Máximo,,7,
TRX-01807,2024-10-20,2024-10-26,2024-10-26,44469.42,44469.42,Conciliado,Pagamento,CT-005,FN-001,Ref. NF-1017,Débito,0.00,,,,,,,,
TRX-02877,2024-02-26,2024-03-05,,4978.60,,Pendente,Pagamento,CT-002,FN-010,Ref. NF-1278,Boleto,4978.60,452,,+360 dias,,Máximo,,7,
TRX-02815,2024-08-04,2024-08-09,,38039.93,,Pendente,Pagamento,CT-008,FN-008,Ref. NF-1068,Boleto,38039.93,295,,181 a 360 dias,,Muito Crítico,,6,
TRX-01204,2024-03-19,2024-03-31,2024-04-03,877.33,877.33,Conciliado,Pagamento,CT-008,FN-007,Ref. NF-4469,Pix,0.00,,,,,,,,
TRX-02482,2025-04-09,2025-04-11,2025-04-11,21530.18,21530.18,Conciliado,Pagamento,CT-004,FN-005,Ref. NF-6446,Ted,0.00,,,,,,,,
TRX-00395,2025-01-26,2025-02-01,2025-02-03,37407.68,37407.68,Conciliado,Recebimento,CT-005,FN-008,Ref. NF-3155,Boleto,0.00,,,,,,,,
TRX-01441,2025-02-18,2025-03-02,2025-03-04,42492.80,42492.80,Conciliado,Pagamento,CT-002,FN-006,Ref. NF-7396,Ted,0.00,,,,,,,,
TRX-00928,2024-07-15,2024-07-25,2024-07-25,32002.64,32002.64,Conciliado,Recebimento,CT-007,FN-004,Ref. NF-1374,Boleto,0.00,,,,,,,,
TRX-01709,2024-12-06,2024-12-10,2024-12-13,27625.69,27625.69,Conciliado,Recebimento,CT-008,FN-002,Ref. NF-5607,Pix,0.00,,,,,,,,
TRX-02796,2025-03-07,2025-03-22,2025-03-25,26715.16,26715.16,Conciliado,Pagamento,CT-005,FN-005,Ref. NF-6121,Ted,0.00,,,,,,,,
TRX-01976,2024-10-18,2024-10-30,2024-10-30,47505.32,47505.32,Conciliado,Recebimento,CT-007,FN-002,Ref. NF-4962,Ted,0.00,,,,,,,,
TRX-00773,2024-04-12,2024-04-22,2024-04-25,8778.83,8778.83,Conciliado,Pagamento,CT-002,FN-008,Ref. NF-9691,Boleto,0.00,,,,,,,,
TRX-01000,2024-09-10,2024-09-14,2024-09-14,32570.81,32570.81,Conciliado,Pagamento,CT-004,FN-008,Ref. NF-8191,Ted,0.00,,,,,,,,
TRX-01909,2024-04-23,2024-05-04,2024-05-06,14910.27,14910.27,Conciliado,Estorno,CT-006,FN-010,Ref. NF-3282,Pix,0.00,,,,,,,,
TRX-01404,2024-06-29,2024-07-01,2024-07-03,28446.27,28446.27,Conciliado,Recebimento,CT-003,FN-004,Ref. NF-1696,Boleto,0.00,,,,,,,,
TRX-01663,2025-04-16,2025-04-20,2025-04-20,44411.15,44411.15,Conciliado,Recebimento,CT-004,FN-008,Ref. NF-4026,Pix,0.00,,,,,,,,
TRX-02248,2024-03-21,2024-03-27,2024-03-29,15935.05,15935.05,Conciliado,Recebimento,CT-001,FN-005,Ref. NF-7330,Pix,0.00,,,,,,,,
TRX-02785,2024-06-20,2024-07-03,,19161.68,,Pendente,Pagamento,CT-008,FN-003,Ref. NF-3338,Boleto,19161.68,332,,181 a 360 dias,,Muito Crítico,,6,
TRX-02574,2024-05-04,2024-05-12,2024-05-12,27395.49,27395.49,Conciliado,Pagamento,CT-001,FN-004,Ref. NF-9654,Pix,0.00,,,,,,,,
TRX-02467,2024-12-29,2025-01-07,2025-01-08,39497.53,39497.53,Conciliado,Estorno,CT-001,FN-001,Ref. NF-9909,Pix,0.00,,,,,,,,
TRX-00020,2024-01-30,2024-02-08,2024-02-09,3864.06,3864.06,Conciliado,Pagamento,CT-002,FN-010,Ref. NF-2343,Pix,0.00,,,,,,,,
TRX-02218,2024-07-09,2024-07-23,2024-07-23,12012.23,12012.23,Conciliado,Pagamento,CT-003,FN-006,Ref. NF-6656,Boleto,0.00,,,,,,,,
TRX-00017,2024-05-07,2024-05-21,2024-05-22,32781.17,32781.17,Conciliado,Recebimento,CT-002,FN-001,Ref. NF-4502,Pix,0.00,,,,,,,,
TRX-02707,2024-08-31,2024-09-07,2024-09-09,35669.36,35669.36,Conciliado,Recebimento,CT-007,FN-005,Ref. NF-7006,Pix,0.00,,,,,,,,
TRX-02349,2025-04-04,2025-04-13,2025-04-14,4280.52,4280.52,Conciliado,Pagamento,CT-004,FN-003,Ref. NF-4253,Débito,0.00,,,,,,,,
TRX-02484,2024-10-19,2024-10-30,2024-10-30,30615.24,30615.24,Conciliado,Recebimento,CT-005,FN-003,Ref. NF-8259,Pix,0.00,,,,,,,,
TRX-02244,2024-06-02,2024-06-08,2024-06-11,45713.29,45713.29,Conciliado,Pagamento,CT-002,FN-002,Ref. NF-5318,Pix,0.00,,,,,,,,
TRX-00042,2024-05-13,2024-05-20,2024-05-22,17206.28,17206.28,Conciliado,Pagamento,CT-008,FN-006,Ref. NF-9837,Boleto,0.00,,,,,,,,
TRX-02510,2024-10-11,2024-10-19,2024-10-22,13164.00,13164.00,Conciliado,Recebimento,CT-008,FN-008,Ref. NF-6787,Ted,0.00,,,,,,,,
TRX-02032,2024-08-01,2024-08-07,2024-08-09,21917.09,21917.09,Conciliado,Pagamento,CT-002,FN-001,Ref. NF-7683,Débito,0.00,,,,,,,,
TRX-00607,2024-08-20,2024-08-29,2024-08-30,5583.14,5583.14,Conciliado,Estorno,CT-004,FN-002,Ref. NF-7897,Boleto,0.00,,,,,,,,
TRX-00924,2024-12-11,2024-12-19,2024-12-22,17905.51,16614.55,Divergente,Pagamento,CT-003,FN-010,Ref. NF-9807,Pix,1290.96,,160,,121 a 180 dias,,Crítico,,5
TRX-02518,2025-01-12,2025-01-26,2025-01-26,4125.95,4125.95,Conciliado,Pagamento,CT-005,FN-003,Ref. NF-4169,Débito,0.00,,,,,,,,
TRX-01316,2024-03-26,2024-04-05,2024-04-06,21596.84,21596.84,Conciliado,Recebimento,CT-002,FN-007,Ref. NF-2753,Pix,0.00,,,,,,,,
TRX-02125,2024-11-15,2024-11-25,2024-11-26,41140.08,41140.08,Conciliado,Pagamento,CT-003,FN-009,Ref. NF-1697,Pix,0.00,,,,,,,,
TRX-02652,2024-10-30,2024-11-10,2024-11-11,49905.41,49905.41,Conciliado,Estorno,CT-003,FN-008,Ref. NF-4035,Ted,0.00,,,,,,,,
TRX-01736,2024-12-29,2025-01-06,2025-01-08,45860.04,45860.04,Conciliado,Estorno,CT-003,FN-006,Ref. NF-5120,Débito,0.00,,,,,,,,
TRX-01910,2024-09-25,2024-10-02,2024-10-02,45626.60,45626.60,Conciliado,Pagamento,CT-005,FN-001,Ref. NF-5841,Ted,0.00,,,,,,,,
TRX-02179,2024-10-03,2024-10-18,2024-10-19,11975.50,11975.50,Conciliado,Pagamento,CT-004,FN-003,Ref. NF-4764,Pix,0.00,,,,,,,,
TRX-00049,2024-06-23,2024-06-28,2024-06-29,47429.10,47429.10,Conciliado,Estorno,CT-001,FN-009,Ref. NF-9041,Ted,0.00,,,,,,,,
TRX-02220,2024-09-11,2024-09-13,2024-09-16,47960.23,47960.23,Conciliado,Recebimento,CT-004,FN-003,Ref. NF-8054,Boleto,0.00,,,,,,,,
TRX-00339,2024-10-15,2024-10-23,2024-10-23,44877.93,44877.93,Conciliado,Pagamento,CT-008,FN-008,Ref. NF-4610,Ted,0.00,,,,,,,,
TRX-01860,2024-03-05,2024-03-09,2024-03-10,38739.50,38739.50,Conciliado,Pagamento,CT-007,FN-005,Ref. NF-8035,Ted,0.00,,,,,,,,
TRX-02168,2024-04-16,2024-04-20,,37924.68,,Pendente,Recebimento,CT-005,FN-002,Ref. NF-8136,Débito,37924.68,406,,+360 dias,,Máximo,,7,
TRX-00061,2024-06-27,2024-07-04,2024-07-04,16825.28,16825.28,Conciliado,Pagamento,CT-002,FN-003,Ref. NF-6296,Boleto,0.00,,,,,,,,
TRX-00242,2024-04-24,2024-05-05,2024-05-10,6803.74,5814.02,Divergente,Recebimento,CT-005,FN-005,Ref. NF-4619,Pix,989.72,,386,,+360 dias,,Máximo,,7
TRX-01110,2024-05-06,2024-05-17,2024-05-20,20616.38,20616.38,Conciliado,Pagamento,CT-004,FN-005,Ref. NF-7122,Boleto,0.00,,,,,,,,
TRX-01545,2025-02-23,2025-03-10,2025-03-12,19202.58,19202.58,Conciliado,Pagamento,CT-005,FN-001,Ref. NF-8826,Boleto,0.00,,,,,,,,
TRX-02374,2024-09-12,2024-09-24,2024-09-26,31368.18,31368.18,Conciliado,Pagamento,CT-003,FN-003,Ref. NF-8171,Ted,0.00,,,,,,,,
TRX-00424,2024-11-11,2024-11-17,2024-11-18,4388.01,4388.01,Conciliado,Pagamento,CT-004,FN-009,Ref. NF-8672,Ted,0.00,,,,,,,,
TRX-01480,2024-05-06,2024-05-11,2024-05-11,15715.88,15715.88,Conciliado,Pagamento,CT-005,FN-004,Ref. NF-5007,Boleto,0.00,,,,,,,,
TRX-02161,2025-04-17,2025-04-21,2025-04-24,36566.96,36566.96,Conciliado,Estorno,CT-004,FN-007,Ref. NF-2852,Pix,0.00,,,,,,,,
TRX-02556,2025-02-28,2025-03-02,2025-03-05,7694.31,7694.31,Conciliado,Pagamento,CT-003,FN-008,Ref. NF-6816,Boleto,0.00,,,,,,,,
TRX-01043,2025-04-21,2025-04-29,,47356.90,,Pendente,Recebimento,CT-001,FN-008,Ref. NF-2128,Pix,47356.90,32,,31 a 60 dias,,Atenção,,2,
TRX-00764,2024-01-14,2024-01-21,2024-01-22,31095.93,29663.26,Divergente,Estorno,CT-003,FN-001,Ref. NF-6867,Pix,1432.67,,495,,+360 dias,,Máximo,,7
TRX-02969,2024-01-27,2024-02-08,2024-02-09,38552.19,38552.19,Conciliado,Pagamento,CT-001,FN-008,Ref. NF-6409,Boleto,0.00,,,,,,,,
TRX-02980,2024-12-25,2025-01-04,2025-01-07,8159.08,8159.08,Conciliado,Pagamento,CT-002,FN-003,Ref. NF-6291,Débito,0.00,,,,,,,,
TRX-02016,2024-12-02,2024-12-11,2024-12-11,2060.55,2060.55,Conciliado,Pagamento,CT-004,FN-003,Ref. NF-9568,Pix,0.00,,,,,,,,
TRX-01624,2024-08-30,2024-09-07,2024-09-12,18399.48,16420.86,Divergente,Pagamento,CT-001,FN-004,Ref. NF-3385,Pix,1978.62,,261,,181 a 360 dias,,Muito Crítico,,6
TRX-01401,2025-03-22,2025-04-06,2025-04-09,43171.19,43171.19,Conciliado,Recebimento,CT-001,FN-007,Ref. NF-4588,Pix,0.00,,,,,,,,
TRX-00683,2024-04-02,2024-04-16,2024-04-16,6590.74,6590.74,Conciliado,Pagamento,CT-008,FN-006,Ref. NF-1573,Pix,0.00,,,,,,,,
TRX-02903,2025-03-31,2025-04-15,2025-04-16,25570.16,25570.16,Conciliado,Recebimento,CT-004,FN-009,Ref. NF-5637,Pix,0.00,,,,,,,,
TRX-01285,2024-10-12,2024-10-25,2024-10-28,43269.70,43269.70,Conciliado,Recebimento,CT-001,FN-006,Ref. NF-3264,Boleto,0.00,,,,,,,,
TRX-00870,2024-11-19,2024-12-02,2024-12-04,40743.29,40743.29,Conciliado,Pagamento,CT-005,FN-002,Ref. NF-9265,Ted,0.00,,,,,,,,
TRX-00793,2025-03-27,2025-03-29,2025-03-29,29366.36,29366.36,Conciliado,Pagamento,CT-006,FN-008,Ref. NF-5762,Pix,0.00,,,,,,,,
TRX-01370,2024-08-13,2024-08-21,2024-08-23,17594.35,17594.35,Conciliado,Pagamento,CT-002,FN-007,Ref. NF-9711,Débito,0.00,,,,,,,,
TRX-00387,2024-08-18,2024-08-26,2024-08-29,10987.83,10987.83,Conciliado,Pagamento,CT-004,FN-009,Ref. NF-1301,Pix,0.00,,,,,,,,
TRX-01672,2024-02-04,2024-02-05,2024-02-06,42748.60,42748.60,Conciliado,Pagamento,CT-006,FN-006,Ref. NF-1547,Pix,0.00,,,,,,,,
TRX-00901,2024-12-03,2024-12-13,2024-12-15,43531.79,43531.79,Conciliado,Pagamento,CT-002,FN-006,Ref. NF-6865,Pix,0.00,,,,,,,,
TRX-01504,2024-08-20,2024-09-03,2024-09-03,39997.92,39997.92,Conciliado,Recebimento,CT-005,FN-001,Ref. NF-5125,Pix,0.00,,,,,,,,
TRX-01486,2024-10-17,2024-10-18,2024-10-20,7249.84,7249.84,Conciliado,Pagamento,CT-006,FN-002,Ref. NF-9663,Pix,0.00,,,,,,,,
TRX-02432,2024-10-19,2024-11-03,2024-11-06,13930.34,13930.34,Conciliado,Pagamento,CT-005,FN-009,Ref. NF-7707,Débito,0.00,,,,,,,,
TRX-00770,2025-03-19,2025-03-25,2025-03-27,7358.97,7358.97,Conciliado,Pagamento,CT-001,FN-006,Ref. NF-2506,Pix,0.00,,,,,,,,
TRX-01542,2024-07-17,2024-07-22,2024-07-25,9983.30,9983.30,Conciliado,Estorno,CT-005,FN-010,Ref. NF-8861,Pix,0.00,,,,,,,,
TRX-00316,2024-05-21,2024-06-04,2024-06-04,23410.99,23410.99,Conciliado,Pagamento,CT-006,FN-008,Ref. NF-5597,Boleto,0.00,,,,,,,,
TRX-01766,2024-10-21,2024-11-01,2024-11-03,31352.41,31352.41,Conciliado,Recebimento,CT-001,FN-001,Ref. NF-5837,Pix,0.00,,,,,,,,
TRX-01539,2024-09-23,2024-09-25,,16829.06,,Pendente,Pagamento,CT-004,FN-001,Ref. NF-8761,Ted,16829.06,248,,181 a 360 dias,,Muito Crítico,,6,
TRX-01564,2024-04-06,2024-04-17,2024-04-19,46348.40,46348.40,Conciliado,Pagamento,CT-008,FN-001,Ref. NF-4376,Débito,0.00,,,,,,,,
TRX-01782,2025-03-17,2025-03-19,2025-03-23,44886.61,41725.48,Divergente,Pagamento,CT-006,FN-003,Ref. NF-4623,Boleto,3161.13,,69,,61 a 90 dias,,Elevado,,3
TRX-00964,2024-06-16,2024-06-30,2024-07-02,15495.01,15495.01,Conciliado,Pagamento,CT-004,FN-004,Ref. NF-8203,Boleto,0.00,,,,,,,,
TRX-01537,2024-05-28,2024-06-03,2024-06-03,40407.08,40407.08,Conciliado,Estorno,CT-003,FN-009,Ref. NF-3687,Pix,0.00,,,,,,,,
TRX-01007,2025-03-17,2025-03-18,2025-03-19,30885.60,30885.60,Conciliado,Pagamento,CT-002,FN-002,Ref. NF-3938,Pix,0.00,,,,,,,,
TRX-00726,2024-12-17,2025-01-01,2025-01-03,11613.86,11613.86,Conciliado,Recebimento,CT-003,FN-002,Ref. NF-2389,Pix,0.00,,,,,,,,
TRX-00302,2024-10-26,2024-11-09,2024-11-09,35629.62,35629.62,Conciliado,Pagamento,CT-006,FN-008,Ref. NF-5934,Ted,0.00,,,,,,,,
TRX-02490,2024-03-08,2024-03-12,2024-03-15,14039.06,14039.06,Conciliado,Pagamento,CT-006,FN-003,Ref. NF-6259,Pix,0.00,,,,,,,,
TRX-01279,2024-01-09,2024-01-19,2024-01-19,11598.23,11598.23,Conciliado,Recebimento,CT-005,FN-005,Ref. NF-8884,Boleto,0.00,,,,,,,,
TRX-02933,2024-09-20,2024-10-03,,15924.02,,Pendente,Pagamento,CT-004,FN-007,Ref. NF-9185,Pix,15924.02,240,,181 a 360 dias,,Muito Crítico,,6,
TRX-00516,2024-08-23,2024-09-03,2024-09-06,1509.91,1509.91,Conciliado,Estorno,CT-007,FN-005,Ref. NF-2601,Boleto,0.00,,,,,,,,
TRX-00645,2024-04-29,2024-04-30,2024-05-03,37983.66,37983.66,Conciliado,Pagamento,CT-004,FN-007,Ref. NF-4348,Pix,0.00,,,,,,,,
TRX-02954,2024-01-03,2024-01-08,2024-01-10,6289.85,6289.85,Conciliado,Estorno,CT-004,FN-006,Ref. NF-3169,Ted,0.00,,,,,,,,
TRX-01507,2025-04-10,2025-04-14,2025-04-16,48820.02,48820.02,Conciliado,Estorno,CT-004,FN-004,Ref. NF-9332,Pix,0.00,,,,,,,,
TRX-01140,2024-08-25,2024-08-28,2024-08-30,44903.42,44903.42,Conciliado,Pagamento,CT-004,FN-003,Ref. NF-8100,Boleto,0.00,,,,,,,,
TRX-01710,2025-02-01,2025-02-03,2025-02-03,32528.61,32528.61,Conciliado,Estorno,CT-008,FN-009,Ref. NF-7794,Pix,0.00,,,,,,,,
TRX-01172,2025-02-02,2025-02-15,,17207.73,,Pendente,Pagamento,CT-002,FN-008,Ref. NF-3000,Ted,17207.73,105,,91 a 120 dias,,Alto,,4,
TRX-01256,2024-05-14,2024-05-16,2024-05-19,11989.60,11391.18,Divergente,Pagamento,CT-004,FN-008,Ref. NF-7575,Ted,598.42,,377,,+360 dias,,Máximo,,7
TRX-00551,2024-09-19,2024-09-25,2024-09-28,26600.30,26600.30,Conciliado,Pagamento,CT-003,FN-008,Ref. NF-5921,Débito,0.00,,,,,,,,
TRX-02487,2024-03-07,2024-03-17,2024-03-20,38048.47,38048.47,Conciliado,Recebimento,CT-002,FN-002,Ref. NF-6053,Débito,0.00,,,,,,,,
TRX-00023,2024-08-12,2024-08-26,2024-08-29,15319.25,13268.92,Divergente,Pagamento,CT-001,FN-009,Ref. NF-5462,Débito,2050.33,,275,,181 a 360 dias,,Muito Crítico,,6
TRX-01573,2025-02-12,2025-02-22,2025-02-22,16426.98,16426.98,Conciliado,Pagamento,CT-006,FN-009,Ref. NF-8378,Pix,0.00,,,,,,,,
TRX-02575,2024-06-01,2024-06-06,2024-06-07,38759.78,38759.78,Conciliado,Estorno,CT-002,FN-007,Ref. NF-5898,Débito,0.00,,,,,,,,
TRX-02186,2024-10-30,2024-11-12,2024-11-14,26461.93,25554.06,Divergente,Estorno,CT-008,FN-010,Ref. NF-3580,Pix,907.87,,198,,181 a 360 dias,,Muito Crítico,,6
TRX-01199,2024-04-21,2024-04-27,2024-04-29,45951.07,39659.80,Divergente,Pagamento,CT-005,FN-001,Ref. NF-2532,Pix,6291.27,,397,,+360 dias,,Máximo,,7
TRX-00529,2025-03-06,2025-03-18,2025-03-18,19542.17,19542.17,Conciliado,Pagamento,CT-005,FN-009,Ref. NF-8248,Pix,0.00,,,,,,,,
TRX-00975,2024-04-25,2024-05-06,2024-05-08,44402.44,44402.44,Conciliado,Pagamento,CT-007,FN-005,Ref. NF-9518,Pix,0.00,,,,,,,,
TRX-02292,2025-01-27,2025-02-06,2025-02-09,6036.93,6036.93,Conciliado,Estorno,CT-001,FN-010,Ref. NF-7316,Pix,0.00,,,,,,,,
TRX-00146,2024-06-11,2024-06-19,2024-06-21,6532.77,6532.77,Conciliado,Estorno,CT-005,FN-005,Ref. NF-5758,Boleto,0.00,,,,,,,,
TRX-00114,2024-07-10,2024-07-14,2024-07-15,39673.34,39673.34,Conciliado,Pagamento,CT-002,FN-006,Ref. NF-1086,Pix,0.00,,,,,,,,
TRX-01856,2024-06-12,2024-06-24,,21508.54,,Pendente,Pagamento,CT-002,FN-007,Ref. NF-3223,Pix,21508.54,341,,181 a 360 dias,,Muito Crítico,,6,
TRX-01502,2025-04-29,2025-05-03,,28883.47,,Pendente,Pagamento,CT-004,FN-008,Ref. NF-2408,Débito,28883.47,28,,0 a 30 dias,,Normal,,1,
TRX-02116,2024-11-03,2024-11-14,2024-11-14,27103.73,27103.73,Conciliado,Estorno,CT-008,FN-005,Ref. NF-9627,Pix,0.00,,,,,,,,
TRX-00545,2025-03-20,2025-03-25,2025-03-26,44599.28,44599.28,Conciliado,Pagamento,CT-005,FN-010,Ref. NF-9161,Pix,0.00,,,,,,,,
TRX-00646,2024-11-24,2024-11-25,,7146.22,,Pendente,Estorno,CT-008,FN-006,Ref. NF-7797,Ted,7146.22,187,,181 a 360 dias,,Muito Crítico,,6,
TRX-01091,2024-08-09,2024-08-11,2024-08-12,32450.47,32450.47,Conciliado,Pagamento,CT-006,FN-006,Ref. NF-3376,Ted,0.00,,,,,,,,
TRX-00142,2024-07-07,2024-07-13,2024-07-14,30047.03,30047.03,Conciliado,Recebimento,CT-005,FN-001,Ref. NF-3793,Pix,0.00,,,,,,,,
TRX-01802,2024-04-13,2024-04-22,2024-04-22,25871.66,25871.66,Conciliado,Estorno,CT-007,FN-001,Ref. NF-5016,Boleto,0.00,,,,,,,,
TRX-02996,2025-04-08,2025-04-15,2025-04-17,25533.15,25533.15,Conciliado,Recebimento,CT-005,FN-003,Ref. NF-7496,Débito,0.00,,,,,,,,
TRX-01897,2024-05-28,2024-05-30,2024-05-30,38078.96,38078.96,Conciliado,Recebimento,CT-001,FN-010,Ref. NF-5916,Boleto,0.00,,,,,,,,
TRX-02786,2024-06-16,2024-06-24,2024-06-28,36033.08,35475.72,Divergente,Recebimento,CT-004,FN-005,Ref. NF-3897,Pix,557.36,,337,,181 a 360 dias,,Muito Crítico,,6
TRX-02665,2024-05-03,2024-05-04,2024-05-04,1824.18,1824.18,Conciliado,Pagamento,CT-005,FN-001,Ref. NF-9964,Boleto,0.00,,,,,,,,
TRX-01453,2025-04-16,2025-04-19,2025-04-19,15804.84,15804.84,Conciliado,Pagamento,CT-003,FN-002,Ref. NF-4714,Débito,0.00,,,,,,,,
TRX-00273,2024-01-08,2024-01-23,2024-01-25,33999.03,33999.03,Conciliado,Estorno,CT-004,FN-001,Ref. NF-9246,Boleto,0.00,,,,,,,,
TRX-02264,2025-04-14,2025-04-24,2025-04-25,790.25,790.25,Conciliado,Recebimento,CT-001,FN-007,Ref. NF-3052,Boleto,0.00,,,,,,,,
TRX-00168,2024-12-10,2024-12-20,2024-12-22,36353.11,36353.11,Conciliado,Pagamento,CT-004,FN-010,Ref. NF-4113,Pix,0.00,,,,,,,,
TRX-02673,2024-12-02,2024-12-04,2024-12-05,48562.59,48562.59,Conciliado,Pagamento,CT-002,FN-009,Ref. NF-4683,Pix,0.00,,,,,,,,
TRX-00856,2024-11-06,2024-11-19,2024-11-19,5250.81,5250.81,Conciliado,Pagamento,CT-005,FN-003,Ref. NF-9844,Pix,0.00,,,,,,,,
TRX-02988,2024-08-20,2024-09-02,2024-09-05,26733.04,26733.04,Conciliado,Pagamento,CT-005,FN-006,Ref. NF-5404,Ted,0.00,,,,,,,,
TRX-02113,2025-01-02,2025-01-11,2025-01-13,12650.73,12650.73,Conciliado,Pagamento,CT-004,FN-003,Ref. NF-7920,Pix,0.00,,,,,,,,
TRX-02477,2024-03-01,2024-03-10,2024-03-11,4552.51,4552.51,Conciliado,Pagamento,CT-002,FN-009,Ref. NF-4631,Boleto,0.00,,,,,,,,
TRX-01794,2024-06-23,2024-06-30,2024-07-01,42438.61,42438.61,Conciliado,Estorno,CT-008,FN-002,Ref. NF-8914,Débito,0.00,,,,,,,,
TRX-02719,2024-10-02,2024-10-03,2024-10-04,23510.42,23100.27,Divergente,Pagamento,CT-005,FN-002,Ref. NF-9408,Boleto,410.15,,239,,181 a 360 dias,,Muito Crítico,,6
TRX-00330,2024-05-25,2024-06-04,2024-06-04,770.74,770.74,Conciliado,Recebimento,CT-005,FN-004,Ref. NF-4365,Débito,0.00,,,,,,,,
TRX-02253,2024-05-03,2024-05-05,2024-05-06,30326.75,30326.75,Conciliado,Pagamento,CT-001,FN-009,Ref. NF-7365,Pix,0.00,,,,,,,,
TRX-00075,2025-04-11,2025-04-21,2025-04-22,40195.63,40195.63,Conciliado,Pagamento,CT-004,FN-010,Ref. NF-1645,Débito,0.00,,,,,,,,
TRX-00258,2025-03-20,2025-03-24,2025-03-27,13836.29,13836.29,Conciliado,Pagamento,CT-008,FN-006,Ref. NF-8937,Pix,0.00,,,,,,,,
TRX-00198,2024-12-21,2024-12-24,2024-12-25,7324.43,7324.43,Conciliado,Recebimento,CT-007,FN-010,Ref. NF-3298,Débito,0.00,,,,,,,,
TRX-00828,2025-04-04,2025-04-14,2025-04-14,22107.98,22107.98,Conciliado,Pagamento,CT-004,FN-006,Ref. NF-9785,Boleto,0.00,,,,,,,,
TRX-00011,2025-04-12,2025-04-14,2025-04-19,19008.74,17020.08,Divergente,Estorno,CT-004,FN-003,Ref. NF-6038,Ted,1988.66,,42,,31 a 60 dias,,Atenção,,2
TRX-02023,2024-07-05,2024-07-13,2024-07-13,27451.30,27451.30,Conciliado,Recebimento,CT-002,FN-004,Ref. NF-5729,Ted,0.00,,,,,,,,
TRX-00210,2024-12-01,2024-12-03,2024-12-03,4357.97,4357.97,Conciliado,Pagamento,CT-004,FN-008,Ref. NF-2975,Pix,0.00,,,,,,,,
TRX-01466,2024-12-02,2024-12-08,2024-12-08,39642.33,39642.33,Conciliado,Pagamento,CT-006,FN-005,Ref. NF-2102,Boleto,0.00,,,,,,,,
TRX-00850,2025-03-02,2025-03-09,2025-03-11,25987.41,25987.41,Conciliado,Pagamento,CT-002,FN-003,Ref. NF-4955,Pix,0.00,,,,,,,,
TRX-01559,2024-03-10,2024-03-20,2024-03-20,48597.60,48597.60,Conciliado,Recebimento,CT-007,FN-005,Ref. NF-9720,Ted,0.00,,,,,,,,
TRX-02866,2025-01-26,2025-01-27,2025-01-30,46974.85,46974.85,Conciliado,Pagamento,CT-007,FN-008,Ref. NF-6631,Pix,0.00,,,,,,,,
TRX-02096,2025-04-02,2025-04-03,,16328.45,,Pendente,Pagamento,CT-005,FN-006,Ref. NF-6004,Boleto,16328.45,58,,31 a 60 dias,,Atenção,,2,
TRX-00978,2024-08-19,2024-08-23,2024-08-25,22273.22,22273.22,Conciliado,Estorno,CT-005,FN-009,Ref. NF-5182,Débito,0.00,,,,,,,,
TRX-00375,2025-03-28,2025-03-30,2025-04-02,17206.89,16799.91,Divergente,Pagamento,CT-007,FN-009,Ref. NF-7090,Pix,406.98,,59,,31 a 60 dias,,Atenção,,2
TRX-02084,2024-03-30,2024-04-14,2024-04-17,18050.39,18050.39,Conciliado,Pagamento,CT-005,FN-001,Ref. NF-8390,Pix,0.00,,,,,,,,
TRX-02383,2024-02-17,2024-02-22,2024-02-23,16323.64,16323.64,Conciliado,Recebimento,CT-005,FN-005,Ref. NF-5293,Boleto,0.00,,,,,,,,
TRX-00835,2025-04-10,2025-04-20,2025-04-20,17376.75,17376.75,Conciliado,Pagamento,CT-004,FN-001,Ref. NF-5709,Boleto,0.00,,,,,,,,
TRX-00736,2024-12-14,2024-12-29,2024-12-31,25342.69,25342.69,Conciliado,Estorno,CT-005,FN-010,Ref. NF-3050,Débito,0.00,,,,,,,,
TRX-01321,2024-08-17,2024-08-19,2024-08-19,48722.96,48722.96,Conciliado,Estorno,CT-001,FN-002,Ref. NF-1882,Pix,0.00,,,,,,,,
TRX-02927,2024-07-07,2024-07-12,2024-07-13,27169.23,24087.67,Divergente,Estorno,CT-003,FN-006,Ref. NF-6687,Pix,3081.56,,322,,181 a 360 dias,,Muito Crítico,,6
TRX-02342,2024-05-17,2024-05-28,2024-05-30,21401.92,21401.92,Conciliado,Pagamento,CT-004,FN-010,Ref. NF-6677,Débito,0.00,,,,,,,,
TRX-00783,2024-10-22,2024-10-30,2024-11-01,11678.61,11678.61,Conciliado,Pagamento,CT-006,FN-008,Ref. NF-4373,Débito,0.00,,,,,,,,
TRX-02965,2024-10-10,2024-10-13,2024-10-14,31377.74,31377.74,Conciliado,Pagamento,CT-008,FN-009,Ref. NF-2048,Pix,0.00,,,,,,,,
TRX-00162,2024-08-23,2024-08-29,2024-08-30,2094.76,2094.76,Conciliado,Pagamento,CT-004,FN-002,Ref. NF-1550,Pix,0.00,,,,,,,,
TRX-02698,2024-05-09,2024-05-14,2024-05-14,39819.02,39819.02,Conciliado,Estorno,CT-007,FN-005,Ref. NF-9717,Ted,0.00,,,,,,,,
TRX-00570,2025-04-28,2025-04-30,2025-05-01,49106.27,49106.27,Conciliado,Pagamento,CT-006,FN-007,Ref. NF-9516,Pix,0.00,,,,,,,,
TRX-01318,2024-09-11,2024-09-21,2024-09-23,31333.87,31333.87,Conciliado,Pagamento,CT-007,FN-005,Ref. NF-5032,Débito,0.00,,,,,,,,
TRX-00236,2024-05-07,2024-05-18,2024-05-20,24244.38,24244.38,Conciliado,Pagamento,CT-007,FN-006,Ref. NF-6224,Débito,0.00,,,,,,,,
TRX-00438,2024-11-09,2024-11-10,2024-11-13,22974.72,22974.72,Conciliado,Estorno,CT-001,FN-008,Ref. NF-5827,Boleto,0.00,,,,,,,,
TRX-01774,2024-10-25,2024-10-26,2024-10-29,46712.00,46712.00,Conciliado,Recebimento,CT-002,FN-010,Ref. NF-5920,Boleto,0.00,,,,,,,,
TRX-01406,2024-03-13,2024-03-19,2024-03-21,34493.51,34493.51,Conciliado,Recebimento,CT-007,FN-001,Ref. NF-5391,Ted,0.00,,,,,,,,
TRX-01450,2025-02-12,2025-02-20,2025-02-25,6065.22,5504.36,Divergente,Pagamento,CT-008,FN-001,Ref. NF-3418,Ted,560.86,,95,,91 a 120 dias,,Alto,,4
TRX-02508,2024-09-08,2024-09-23,2024-09-25,11112.12,11112.12,Conciliado,Estorno,CT-001,FN-004,Ref. NF-8192,Ted,0.00,,,,,,,,
TRX-00791,2024-09-10,2024-09-14,2024-09-17,35439.74,35439.74,Conciliado,Pagamento,CT-006,FN-005,Ref. NF-4909,Pix,0.00,,,,,,,,
TRX-02994,2024-12-21,2025-01-02,2025-01-05,17393.08,17393.08,Conciliado,Pagamento,CT-007,FN-004,Ref. NF-1623,Pix,0.00,,,,,,,,
TRX-00686,2024-05-01,2024-05-02,2024-05-04,47892.43,47892.43,Conciliado,Pagamento,CT-005,FN-004,Ref. NF-2218,Ted,0.00,,,,,,,,
TRX-01981,2024-09-24,2024-10-02,2024-10-03,49624.69,49624.69,Conciliado,Recebimento,CT-006,FN-008,Ref. NF-3456,Débito,0.00,,,,,,,,
TRX-00189,2025-01-01,2025-01-08,2025-01-11,24222.12,24222.12,Conciliado,Pagamento,CT-008,FN-010,Ref. NF-6890,Boleto,0.00,,,,,,,,
TRX-00634,2024-05-29,2024-06-09,2024-06-10,49623.29,45683.96,Divergente,Pagamento,CT-008,FN-007,Ref. NF-3700,Pix,3939.33,,355,,181 a 360 dias,,Muito Crítico,,6
TRX-02961,2024-08-28,2024-09-01,2024-09-04,26185.00,26185.00,Conciliado,Estorno,CT-002,FN-001,Ref. NF-5553,Boleto,0.00,,,,,,,,
TRX-01899,2024-10-11,2024-10-18,2024-10-19,2302.43,2302.43,Conciliado,Pagamento,CT-003,FN-009,Ref. NF-6641,Débito,0.00,,,,,,,,
TRX-02433,2025-04-23,2025-05-04,2025-05-06,3433.63,3433.63,Conciliado,Estorno,CT-007,FN-006,Ref. NF-7997,Pix,0.00,,,,,,,,
TRX-00797,2024-11-23,2024-11-25,2024-11-28,9160.14,9160.14,Conciliado,Estorno,CT-008,FN-009,Ref. NF-5526,Ted,0.00,,,,,,,,
TRX-00514,2024-01-15,2024-01-25,2024-01-27,40572.89,40572.89,Conciliado,Pagamento,CT-006,FN-006,Ref. NF-6855,Pix,0.00,,,,,,,,
TRX-00976,2024-09-21,2024-10-01,2024-10-04,19051.15,19051.15,Conciliado,Pagamento,CT-006,FN-007,Ref. NF-3984,Ted,0.00,,,,,,,,
TRX-01857,2025-03-12,2025-03-15,2025-03-16,11989.31,11989.31,Conciliado,Pagamento,CT-001,FN-006,Ref. NF-1451,Ted,0.00,,,,,,,,
TRX-01050,2025-02-02,2025-02-04,2025-02-07,43572.90,43572.90,Conciliado,Pagamento,CT-001,FN-006,Ref. NF-2733,Pix,0.00,,,,,,,,
TRX-02354,2025-02-13,2025-02-16,2025-02-19,31173.84,31173.84,Conciliado,Recebimento,CT-008,FN-007,Ref. NF-5567,Pix,0.00,,,,,,,,
TRX-02598,2024-12-23,2025-01-01,2025-01-02,10529.17,10529.17,Conciliado,Recebimento,CT-008,FN-010,Ref. NF-1273,Pix,0.00,,,,,,,,
TRX-02731,2025-02-01,2025-02-08,2025-02-11,27212.78,27212.78,Conciliado,Pagamento,CT-001,FN-010,Ref. NF-1756,Boleto,0.00,,,,,,,,
TRX-02118,2024-11-09,2024-11-16,,39043.16,,Pendente,Pagamento,CT-002,FN-006,Ref. NF-9673,Boleto,39043.16,196,,181 a 360 dias,,Muito Crítico,,6,
TRX-00692,2024-12-17,2024-12-26,2024-12-28,28594.26,27020.15,Divergente,Pagamento,CT-003,FN-007,Ref. NF-8191,Pix,1574.11,,154,,121 a 180 dias,,Crítico,,5
TRX-02078,2025-04-12,2025-04-16,2025-04-16,31749.24,31749.24,Conciliado,Recebimento,CT-007,FN-001,Ref. NF-2289,Pix,0.00,,,,,,,,
TRX-02344,2024-02-17,2024-03-03,,38483.84,,Pendente,Pagamento,CT-008,FN-010,Ref. NF-8328,Ted,38483.84,454,,+360 dias,,Máximo,,7,
TRX-00263,2025-03-18,2025-03-31,2025-04-02,30256.53,30256.53,Conciliado,Recebimento,CT-003,FN-003,Ref. NF-6713,Pix,0.00,,,,,,,,
TRX-00416,2024-02-03,2024-02-06,2024-02-07,31512.29,31512.29,Conciliado,Pagamento,CT-006,FN-007,Ref. NF-6050,Ted,0.00,,,,,,,,
TRX-00365,2024-06-15,2024-06-16,2024-06-19,39562.62,39562.62,Conciliado,Pagamento,CT-002,FN-007,Ref. NF-2466,Pix,0.00,,,,,,,,
TRX-02659,2024-06-28,2024-07-03,2024-07-04,33142.64,30939.68,Divergente,Estorno,CT-007,FN-004,Ref. NF-4774,Pix,2202.96,,331,,181 a 360 dias,,Muito Crítico,,6
TRX-02024,2024-12-07,2024-12-14,2024-12-15,44344.44,44344.44,Conciliado,Pagamento,CT-005,FN-007,Ref. NF-2809,Pix,0.00,,,,,,,,
TRX-02277,2024-06-09,2024-06-12,2024-06-17,34347.81,31287.45,Divergente,Pagamento,CT-005,FN-005,Ref. NF-2902,Boleto,3060.36,,348,,181 a 360 dias,,Muito Crítico,,6
TRX-00163,2024-08-16,2024-08-26,2024-08-27,22228.66,22228.66,Conciliado,Pagamento,CT-001,FN-007,Ref. NF-6224,Pix,0.00,,,,,,,,
TRX-00309,2024-07-27,2024-08-03,2024-08-03,1336.10,1336.10,Conciliado,Recebimento,CT-007,FN-006,Ref. NF-2189,Débito,0.00,,,,,,,,
TRX-00559,2024-07-31,2024-08-14,2024-08-17,24631.08,24631.08,Conciliado,Estorno,CT-005,FN-001,Ref. NF-1311,Débito,0.00,,,,,,,,
TRX-01924,2024-07-13,2024-07-23,2024-07-26,35823.48,35823.48,Conciliado,Pagamento,CT-008,FN-009,Ref. NF-6584,Ted,0.00,,,,,,,,
TRX-02689,2024-05-05,2024-05-10,,36577.44,,Pendente,Recebimento,CT-005,FN-004,Ref. NF-1464,Ted,36577.44,386,,+360 dias,,Máximo,,7,
TRX-00860,2025-04-22,2025-05-04,2025-05-04,33225.96,33225.96,Conciliado,Pagamento,CT-004,FN-009,Ref. NF-4607,Débito,0.00,,,,,,,,
TRX-02963,2024-12-12,2024-12-24,2024-12-26,16353.60,16353.60,Conciliado,Estorno,CT-002,FN-007,Ref. NF-5320,Boleto,0.00,,,,,,,,
TRX-02910,2024-01-11,2024-01-20,2024-01-23,12321.50,12321.50,Conciliado,Estorno,CT-004,FN-007,Ref. NF-7256,Pix,0.00,,,,,,,,
TRX-00242,2024-04-24,2024-05-05,2024-05-10,6803.74,5814.02,Divergente,Recebimento,CT-005,FN-005,Ref. NF-4619,Pix,989.72,,386,,+360 dias,,Máximo,,7
TRX-02776,2024-12-26,2025-01-09,,39558.92,,Pendente,Estorno,CT-007,FN-006,Ref. NF-4746,Boleto,39558.92,142,,121 a 180 dias,,Crítico,,5,
TRX-02020,2024-09-27,2024-10-03,2024-10-06,13609.15,13609.15,Conciliado,Pagamento,CT-002,FN-010,Ref. NF-7478,Pix,0.00,,,,,,,,
TRX-01242,2024-02-15,2024-03-01,2024-03-02,39284.77,39284.77,Conciliado,Pagamento,CT-003,FN-009,Ref. NF-5823,Débito,0.00,,,,,,,,
TRX-01777,2025-02-16,2025-02-27,2025-02-28,1763.91,1763.91,Conciliado,Estorno,CT-003,FN-003,Ref. NF-8848,Pix,0.00,,,,,,,,
TRX-00138,2024-10-01,2024-10-02,2024-10-02,36511.65,36511.65,Conciliado,Recebimento,CT-003,FN-005,Ref. NF-5728,Pix,0.00,,,,,,,,
TRX-01640,2024-11-04,2024-11-15,2024-11-17,13349.29,13349.29,Conciliado,Estorno,CT-006,FN-008,Ref. NF-2939,Boleto,0.00,,,,,,,,
TRX-01103,2024-07-17,2024-07-30,2024-07-31,9542.55,9542.55,Conciliado,Recebimento,CT-001,FN-005,Ref. NF-2902,Pix,0.00,,,,,,,,
TRX-00678,2024-07-11,2024-07-18,2024-07-20,48720.86,48720.86,Conciliado,Pagamento,CT-002,FN-006,Ref. NF-7619,Pix,0.00,,,,,,,,
TRX-02430,2024-03-09,2024-03-11,2024-03-14,976.50,976.50,Conciliado,Pagamento,CT-004,FN-008,Ref. NF-9522,Pix,0.00,,,,,,,,
TRX-01644,2024-02-21,2024-02-27,2024-03-02,38300.71,36378.33,Divergente,Recebimento,CT-008,FN-006,Ref. NF-6406,Pix,1922.38,,455,,+360 dias,,Máximo,,7
TRX-00733,2024-12-22,2025-01-03,2025-01-06,18898.37,18898.37,Conciliado,Recebimento,CT-001,FN-007,Ref. NF-1494,Pix,0.00,,,,,,,,
TRX-00622,2024-07-03,2024-07-04,2024-07-06,33917.81,33917.81,Conciliado,Pagamento,CT-006,FN-004,Ref. NF-3258,Débito,0.00,,,,,,,,
TRX-01055,2024-04-21,2024-04-28,2024-04-29,845.66,845.66,Conciliado,Pagamento,CT-004,FN-009,Ref. NF-6639,Ted,0.00,,,,,,,,
TRX-02154,2025-04-11,2025-04-18,2025-04-22,24343.32,20849.31,Divergente,Pagamento,CT-001,FN-009,Ref. NF-8916,Pix,3494.01,,39,,31 a 60 dias,,Atenção,,2
TRX-01747,2025-03-12,2025-03-17,2025-03-20,30642.22,30642.22,Conciliado,Recebimento,CT-005,FN-009,Ref. NF-3108,Ted,0.00,,,,,,,,
TRX-01963,2025-02-19,2025-02-22,2025-02-23,34787.33,34787.33,Conciliado,Pagamento,CT-002,FN-008,Ref. NF-7436,Pix,0.00,,,,,,,,
TRX-00192,2024-03-18,2024-03-24,2024-03-25,21090.78,21090.78,Conciliado,Recebimento,CT-002,FN-005,Ref. NF-4389,Pix,0.00,,,,,,,,
TRX-02158,2024-06-14,2024-06-26,,39339.06,,Pendente,Estorno,CT-001,FN-007,Ref. NF-8971,Ted,39339.06,339,,181 a 360 dias,,Muito Crítico,,6,
TRX-01213,2024-07-13,2024-07-24,,13409.80,,Pendente,Estorno,CT-005,FN-005,Ref. NF-9847,Pix,13409.80,311,,181 a 360 dias,,Muito Crítico,,6,
TRX-02905,2024-09-11,2024-09-13,2024-09-15,10455.83,10455.83,Conciliado,Pagamento,CT-003,FN-002,Ref. NF-6873,Débito,0.00,,,,,,,,
TRX-02331,2024-07-28,2024-07-29,2024-07-30,22278.06,22278.06,Conciliado,Pagamento,CT-007,FN-005,Ref. NF-8631,Boleto,0.00,,,,,,,,
TRX-01594,2024-03-13,2024-03-16,2024-03-16,43571.87,43571.87,Conciliado,Pagamento,CT-005,FN-006,Ref. NF-3739,Pix,0.00,,,,,,,,
TRX-01060,2024-10-30,2024-11-02,2024-11-05,23878.27,23878.27,Conciliado,Pagamento,CT-001,FN-007,Ref. NF-5549,Ted,0.00,,,,,,,,
TRX-00665,2024-09-20,2024-09-27,2024-10-01,31871.98,28133.34,Divergente,Pagamento,CT-006,FN-001,Ref. NF-2333,Ted,3738.64,,242,,181 a 360 dias,,Muito Crítico,,6
TRX-00939,2024-11-25,2024-11-28,2024-12-01,43337.73,43337.73,Conciliado,Pagamento,CT-006,FN-007,Ref. NF-1233,Débito,0.00,,,,,,,,
TRX-02768,2024-03-31,2024-04-01,2024-04-03,690.84,690.84,Conciliado,Pagamento,CT-002,FN-001,Ref. NF-5753,Boleto,0.00,,,,,,,,
TRX-01937,2025-03-10,2025-03-18,2025-03-19,30459.98,30459.98,Conciliado,Pagamento,CT-003,FN-009,Ref. NF-5148,Boleto,0.00,,,,,,,,
TRX-02427,2025-01-04,2025-01-15,2025-01-16,734.23,734.23,Conciliado,Pagamento,CT-008,FN-008,Ref. NF-2553,Débito,0.00,,,,,,,,
TRX-02856,2024-07-12,2024-07-17,2024-07-17,31065.26,31065.26,Conciliado,Pagamento,CT-005,FN-006,Ref. NF-5097,Boleto,0.00,,,,,,,,
TRX-00562,2025-01-05,2025-01-17,2025-01-17,40087.88,40087.88,Conciliado,Recebimento,CT-006,FN-008,Ref. NF-4268,Boleto,0.00,,,,,,,,
TRX-00659,2024-09-25,2024-10-02,2024-10-02,19045.24,19045.24,Conciliado,Recebimento,CT-003,FN-003,Ref. NF-4041,Ted,0.00,,,,,,,,
TRX-02816,2024-05-08,2024-05-20,2024-05-22,25487.68,25487.68,Conciliado,Pagamento,CT-005,FN-008,Ref. NF-1971,Boleto,0.00,,,,,,,,
TRX-00830,2024-03-07,2024-03-17,2024-03-19,4280.70,4280.70,Conciliado,Recebimento,CT-002,FN-002,Ref. NF-8266,Boleto,0.00,,,,,,,,
TRX-00231,2024-07-21,2024-07-30,2024-07-31,2038.56,2038.56,Conciliado,Pagamento,CT-005,FN-003,Ref. NF-3290,Pix,0.00,,,,,,,,
TRX-00275,2024-06-24,2024-07-09,2024-07-10,47430.18,47430.18,Conciliado,Pagamento,CT-004,FN-003,Ref. NF-1359,Débito,0.00,,,,,,,,
TRX-00431,2024-06-02,2024-06-12,2024-06-14,29344.99,29344.99,Conciliado,Recebimento,CT-006,FN-002,Ref. NF-1870,Ted,0.00,,,,,,,,
TRX-00062,2024-02-29,2024-03-13,2024-03-16,23367.83,23367.83,Conciliado,Estorno,CT-001,FN-009,Ref. NF-4335,Boleto,0.00,,,,,,,,
TRX-02835,2024-01-31,2024-02-09,2024-02-12,27625.80,27625.80,Conciliado,Pagamento,CT-005,FN-010,Ref. NF-8416,Boleto,0.00,,,,,,,,
TRX-01958,2024-12-15,2024-12-27,2024-12-27,10414.39,10414.39,Conciliado,Pagamento,CT-008,FN-010,Ref. NF-1217,Boleto,0.00,,,,,,,,
TRX-00539,2024-12-31,2025-01-07,2025-01-10,5216.33,5216.33,Conciliado,Estorno,CT-005,FN-002,Ref. NF-1745,Boleto,0.00,,,,,,,,
TRX-00172,2024-05-11,2024-05-24,2024-05-27,36772.23,36772.23,Conciliado,Recebimento,CT-008,FN-003,Ref. NF-1962,Débito,0.00,,,,,,,,
TRX-02841,2025-03-23,2025-03-26,2025-03-29,31819.89,31819.89,Conciliado,Pagamento,CT-007,FN-010,Ref. NF-8667,Débito,0.00,,,,,,,,
TRX-02638,2024-12-06,2024-12-20,2024-12-22,6531.40,6531.40,Conciliado,Estorno,CT-006,FN-005,Ref. NF-9485,Pix,0.00,,,,,,,,
TRX-01613,2024-12-18,2024-12-27,2024-12-28,22613.55,22613.55,Conciliado,Pagamento,CT-004,FN-009,Ref. NF-1551,Pix,0.00,,,,,,,,
TRX-00470,2024-10-22,2024-10-31,2024-11-02,24716.06,24716.06,Conciliado,Pagamento,CT-007,FN-009,Ref. NF-5041,Ted,0.00,,,,,,,,
TRX-01557,2024-07-28,2024-08-03,2024-08-03,40702.31,40702.31,Conciliado,Pagamento,CT-004,FN-008,Ref. NF-4080,Ted,0.00,,,,,,,,
TRX-00615,2024-07-08,2024-07-21,2024-07-22,6365.42,6365.42,Conciliado,Pagamento,CT-007,FN-002,Ref. NF-6209,Boleto,0.00,,,,,,,,
TRX-01041,2024-06-04,2024-06-06,2024-06-09,21051.70,21051.70,Conciliado,Pagamento,CT-003,FN-003,Ref. NF-5086,Débito,0.00,,,,,,,,
TRX-01018,2025-03-01,2025-03-02,2025-03-02,37518.64,37518.64,Conciliado,Pagamento,CT-005,FN-010,Ref. NF-5963,Ted,0.00,,,,,,,,
TRX-00125,2024-11-05,2024-11-08,2024-11-10,38272.68,38272.68,Conciliado,Pagamento,CT-006,FN-008,Ref. NF-2858,Débito,0.00,,,,,,,,
TRX-02092,2024-10-07,2024-10-22,2024-10-23,3719.02,3719.02,Conciliado,Pagamento,CT-004,FN-009,Ref. NF-3835,Pix,0.00,,,,,,,,
TRX-01727,2025-04-05,2025-04-06,2025-04-08,40620.07,40620.07,Conciliado,Pagamento,CT-001,FN-005,Ref. NF-2474,Pix,0.00,,,,,,,,
TRX-02317,2024-10-31,2024-11-12,2024-11-14,12660.52,12660.52,Conciliado,Pagamento,CT-003,FN-003,Ref. NF-6848,Pix,0.00,,,,,,,,
TRX-00289,2024-01-01,2024-01-15,2024-01-17,28335.46,28335.46,Conciliado,Estorno,CT-005,FN-009,Ref. NF-8445,Pix,0.00,,,,,,,,
TRX-01068,2024-09-05,2024-09-11,2024-09-13,30451.53,30451.53,Conciliado,Pagamento,CT-004,FN-010,Ref. NF-1178,Débito,0.00,,,,,,,,
TRX-01134,2025-02-20,2025-02-21,2025-02-22,7179.98,7179.98,Conciliado,Estorno,CT-001,FN-007,Ref. NF-5575,Débito,0.00,,,,,,,,
TRX-00448,2024-02-14,2024-02-28,2024-03-02,34934.85,34934.85,Conciliado,Recebimento,CT-003,FN-002,Ref. NF-7995,Pix,0.00,,,,,,,,
TRX-00796,2024-03-16,2024-03-23,2024-03-25,2029.78,2029.78,Conciliado,Pagamento,CT-006,FN-008,Ref. NF-7189,Ted,0.00,,,,,,,,
TRX-00094,2024-02-05,2024-02-08,2024-02-10,21281.71,21281.71,Conciliado,Pagamento,CT-004,FN-007,Ref. NF-2391,Pix,0.00,,,,,,,,
TRX-01056,2025-04-07,2025-04-19,2025-04-19,33864.73,33864.73,Conciliado,Estorno,CT-007,FN-002,Ref. NF-6922,Pix,0.00,,,,,,,,
TRX-01988,2025-03-13,2025-03-20,2025-03-23,41578.58,41578.58,Conciliado,Pagamento,CT-007,FN-007,Ref. NF-1074,Débito,0.00,,,,,,,,
TRX-01828,2024-11-29,2024-12-14,2024-12-14,42616.17,42616.17,Conciliado,Pagamento,CT-004,FN-006,Ref. NF-9746,Pix,0.00,,,,,,,,
TRX-01281,2024-02-15,2024-02-21,2024-02-23,41466.17,41466.17,Conciliado,Recebimento,CT-002,FN-006,Ref. NF-7872,Ted,0.00,,,,,,,,
TRX-02232,2025-01-03,2025-01-04,2025-01-07,16898.19,16898.19,Conciliado,Pagamento,CT-006,FN-007,Ref. NF-4277,Pix,0.00,,,,,,,,
TRX-02947,2024-04-17,2024-04-27,2024-04-29,1448.31,1448.31,Conciliado,Pagamento,CT-006,FN-009,Ref. NF-7741,Ted,0.00,,,,,,,,
TRX-01469,2024-01-10,2024-01-15,2024-01-15,4020.47,4020.47,Conciliado,Recebimento,CT-003,FN-001,Ref. NF-4306,Pix,0.00,,,,,,,,
TRX-01229,2025-04-01,2025-04-02,2025-04-02,49864.52,49864.52,Conciliado,Pagamento,CT-004,FN-001,Ref. NF-9583,Pix,0.00,,,,,,,,
TRX-00694,2024-07-27,2024-08-09,2024-08-09,36632.67,36632.67,Conciliado,Pagamento,CT-002,FN-002,Ref. NF-9074,Boleto,0.00,,,,,,,,
TRX-01252,2024-09-27,2024-09-28,2024-09-29,4121.56,4121.56,Conciliado,Pagamento,CT-005,FN-010,Ref. NF-8263,Ted,0.00,,,,,,,,
TRX-01174,2024-02-02,2024-02-05,2024-02-07,40853.29,40853.29,Conciliado,Pagamento,CT-003,FN-009,Ref. NF-8084,Pix,0.00,,,,,,,,
TRX-02108,2024-01-05,2024-01-20,2024-01-21,45176.26,45176.26,Conciliado,Recebimento,CT-005,FN-008,Ref. NF-2986,Ted,0.00,,,,,,,,
TRX-00775,2024-01-05,2024-01-11,2024-01-14,28589.73,28589.73,Conciliado,Pagamento,CT-004,FN-008,Ref. NF-4562,Pix,0.00,,,,,,,,
TRX-01329,2025-04-20,2025-05-05,2025-05-05,32577.33,32577.33,Conciliado,Estorno,CT-008,FN-004,Ref. NF-5794,Boleto,0.00,,,,,,,,
TRX-00422,2024-02-22,2024-02-26,2024-02-27,7507.06,7507.06,Conciliado,Pagamento,CT-006,FN-005,Ref. NF-6549,Débito,0.00,,,,,,,,
TRX-02937,2024-01-19,2024-01-26,2024-01-26,43382.10,43382.10,Conciliado,Pagamento,CT-001,FN-003,Ref. NF-6496,Boleto,0.00,,,,,,,,
TRX-01440,2025-02-16,2025-02-20,2025-02-21,44503.69,44503.69,Conciliado,Pagamento,CT-008,FN-003,Ref. NF-1569,Pix,0.00,,,,,,,,
TRX-01787,2024-09-16,2024-09-19,,18876.89,,Pendente,Recebimento,CT-007,FN-003,Ref. NF-1225,Boleto,18876.89,254,,181 a 360 dias,,Muito Crítico,,6,
TRX-00293,2025-03-05,2025-03-15,2025-03-17,9095.69,9095.69,Conciliado,Estorno,CT-003,FN-010,Ref. NF-5067,Débito,0.00,,,,,,,,
TRX-01230,2025-04-18,2025-04-19,2025-04-19,32023.26,32023.26,Conciliado,Recebimento,CT-006,FN-008,Ref. NF-1050,Ted,0.00,,,,,,,,
TRX-00611,2024-11-11,2024-11-16,2024-11-16,22987.95,22987.95,Conciliado,Pagamento,CT-003,FN-002,Ref. NF-8643,Boleto,0.00,,,,,,,,
TRX-02995,2024-11-20,2024-11-23,2024-11-24,20841.14,20841.14,Conciliado,Pagamento,CT-002,FN-002,Ref. NF-5761,Pix,0.00,,,,,,,,
TRX-02014,2024-12-13,2024-12-19,2024-12-20,39545.98,39545.98,Conciliado,Pagamento,CT-003,FN-004,Ref. NF-8313,Ted,0.00,,,,,,,,
TRX-00040,2025-04-27,2025-05-03,2025-05-06,37502.03,37502.03,Conciliado,Recebimento,CT-007,FN-009,Ref. NF-1475,Ted,0.00,,,,,,,,
TRX-01934,2024-05-29,2024-06-06,2024-06-08,22513.02,22513.02,Conciliado,Pagamento,CT-004,FN-004,Ref. NF-7466,Débito,0.00,,,,,,,,
TRX-01835,2025-04-29,2025-05-07,2025-05-07,42404.67,42404.67,Conciliado,Pagamento,CT-005,FN-007,Ref. NF-6844,Ted,0.00,,,,,,,,
TRX-02288,2024-10-05,2024-10-13,2024-10-16,24757.81,24757.81,Conciliado,Pagamento,CT-007,FN-003,Ref. NF-6361,Ted,0.00,,,,,,,,
TRX-01759,2024-12-13,2024-12-14,2024-12-15,35702.82,35702.82,Conciliado,Recebimento,CT-005,FN-006,Ref. NF-2309,Débito,0.00,,,,,,,,
TRX-01604,2024-07-29,2024-08-04,2024-08-05,35863.59,35863.59,Conciliado,Recebimento,CT-003,FN-003,Ref. NF-3431,Ted,0.00,,,,,,,,
TRX-02748,2024-05-03,2024-05-17,2024-05-19,40148.08,40148.08,Conciliado,Pagamento,CT-002,FN-002,Ref. NF-6621,Pix,0.00,,,,,,,,
TRX-01195,2024-03-17,2024-03-18,2024-03-20,17394.16,17394.16,Conciliado,Estorno,CT-007,FN-010,Ref. NF-5455,Boleto,0.00,,,,,,,,
TRX-01250,2025-03-02,2025-03-05,2025-03-05,33551.96,33551.96,Conciliado,Pagamento,CT-001,FN-001,Ref. NF-7343,Débito,0.00,,,,,,,,
TRX-02406,2024-10-21,2024-10-29,2024-10-29,13377.33,13377.33,Conciliado,Recebimento,CT-001,FN-002,Ref. NF-2302,Débito,0.00,,,,,,,,
TRX-00635,2024-05-09,2024-05-13,2024-05-15,4123.18,4123.18,Conciliado,Pagamento,CT-008,FN-001,Ref. NF-7499,Débito,0.00,,,,,,,,
TRX-02299,2025-03-03,2025-03-06,2025-03-06,2498.65,2498.65,Conciliado,Recebimento,CT-003,FN-007,Ref. NF-6877,Débito,0.00,,,,,,,,
TRX-02604,2024-03-02,2024-03-09,2024-03-09,2133.74,2133.74,Conciliado,Pagamento,CT-008,FN-008,Ref. NF-8222,Ted,0.00,,,,,,,,
TRX-02541,2025-03-31,2025-04-06,2025-04-07,26641.19,26641.19,Conciliado,Pagamento,CT-005,FN-008,Ref. NF-8656,Débito,0.00,,,,,,,,
TRX-01332,2025-03-28,2025-04-04,2025-04-05,3023.55,2607.70,Divergente,Pagamento,CT-004,FN-008,Ref. NF-1449,Pix,415.85,,56,,31 a 60 dias,,Atenção,,2
TRX-01130,2024-01-25,2024-02-07,2024-02-09,30964.77,30964.77,Conciliado,Pagamento,CT-003,FN-002,Ref. NF-8141,Ted,0.00,,,,,,,,
TRX-02754,2024-05-25,2024-05-28,2024-05-28,24519.70,24519.70,Conciliado,Estorno,CT-006,FN-002,Ref. NF-3148,Boleto,0.00,,,,,,,,
TRX-00530,2024-07-17,2024-07-18,2024-07-21,46847.96,46847.96,Conciliado,Pagamento,CT-005,FN-002,Ref. NF-7656,Boleto,0.00,,,,,,,,
TRX-01823,2024-04-22,2024-04-30,2024-05-03,27887.32,27887.32,Conciliado,Estorno,CT-003,FN-007,Ref. NF-8440,Pix,0.00,,,,,,,,
TRX-02992,2025-02-18,2025-02-21,2025-02-21,37826.77,37826.77,Conciliado,Estorno,CT-002,FN-008,Ref. NF-1195,Boleto,0.00,,,,,,,,
TRX-00360,2024-11-12,2024-11-20,2024-11-22,16371.86,16144.73,Divergente,Estorno,CT-008,FN-004,Ref. NF-8183,Ted,227.13,,190,,181 a 360 dias,,Muito Crítico,,6
TRX-02184,2024-03-08,2024-03-14,2024-03-17,43052.17,43052.17,Conciliado,Pagamento,CT-008,FN-009,Ref. NF-3956,Boleto,0.00,,,,,,,,
TRX-01206,2024-12-04,2024-12-14,2024-12-15,30741.96,30741.96,Conciliado,Recebimento,CT-007,FN-003,Ref. NF-1328,Ted,0.00,,,,,,,,
TRX-01990,2024-11-01,2024-11-13,2024-11-15,1677.07,1677.07,Conciliado,Estorno,CT-001,FN-006,Ref. NF-3865,Boleto,0.00,,,,,,,,
TRX-02365,2024-01-23,2024-01-27,2024-01-28,27249.50,27249.50,Conciliado,Pagamento,CT-003,FN-010,Ref. NF-1274,Pix,0.00,,,,,,,,
TRX-00652,2025-01-23,2025-02-07,2025-02-09,36469.09,36469.09,Conciliado,Estorno,CT-003,FN-009,Ref. NF-2178,Ted,0.00,,,,,,,,
TRX-01942,2024-12-17,2024-12-21,2024-12-23,25995.05,25995.05,Conciliado,Pagamento,CT-002,FN-005,Ref. NF-1196,Boleto,0.00,,,,,,,,
TRX-02335,2024-06-20,2024-06-27,2024-06-29,4176.40,4176.40,Conciliado,Estorno,CT-001,FN-004,Ref. NF-7024,Boleto,0.00,,,,,,,,
TRX-02571,2024-10-25,2024-10-29,2024-11-02,39032.60,33374.69,Divergente,Recebimento,CT-007,FN-001,Ref. NF-9481,Ted,5657.91,,210,,181 a 360 dias,,Muito Crítico,,6
TRX-00417,2024-12-27,2025-01-10,2025-01-11,4796.49,4796.49,Conciliado,Pagamento,CT-005,FN-007,Ref. NF-7131,Boleto,0.00,,,,,,,,
TRX-01393,2025-03-30,2025-04-11,2025-04-13,24531.00,23217.09,Divergente,Pagamento,CT-001,FN-002,Ref. NF-3232,Ted,1313.91,,48,,31 a 60 dias,,Atenção,,2
TRX-01721,2025-04-06,2025-04-20,2025-04-20,10385.80,10385.80,Conciliado,Pagamento,CT-006,FN-001,Ref. NF-7754,Débito,0.00,,,,,,,,
TRX-00663,2024-07-08,2024-07-19,2024-07-21,33421.38,33421.38,Conciliado,Pagamento,CT-004,FN-006,Ref. NF-7583,Boleto,0.00,,,,,,,,
TRX-00196,2024-04-05,2024-04-11,2024-04-13,13486.49,13486.49,Conciliado,Pagamento,CT-008,FN-002,Ref. NF-2871,Boleto,0.00,,,,,,,,
TRX-00009,2024-03-19,2024-03-30,2024-03-30,19390.15,19390.15,Conciliado,Recebimento,CT-002,FN-007,Ref. NF-9797,Pix,0.00,,,,,,,,
TRX-02300,2025-02-14,2025-03-01,2025-03-02,23808.95,23808.95,Conciliado,Estorno,CT-001,FN-010,Ref. NF-4607,Débito,0.00,,,,,,,,
TRX-00018,2025-03-18,2025-03-25,,49272.79,,Pendente,Pagamento,CT-007,FN-001,Ref. NF-8973,Pix,49272.79,67,,61 a 90 dias,,Elevado,,3,
TRX-01424,2024-08-11,2024-08-15,,27754.75,,Pendente,Pagamento,CT-006,FN-009,Ref. NF-8707,Débito,27754.75,289,,181 a 360 dias,,Muito Crítico,,6,
TRX-02516,2024-12-02,2024-12-07,2024-12-08,48360.14,48360.14,Conciliado,Pagamento,CT-002,FN-003,Ref. NF-8763,Boleto,0.00,,,,,,,,
TRX-01273,2024-06-11,2024-06-22,2024-06-24,34275.77,34275.77,Conciliado,Pagamento,CT-007,FN-003,Ref. NF-6904,Débito,0.00,,,,,,,,
TRX-00389,2024-07-17,2024-07-28,2024-07-28,14978.53,14978.53,Conciliado,Pagamento,CT-002,FN-001,Ref. NF-9709,Ted,0.00,,,,,,,,
TRX-02606,2024-07-10,2024-07-17,2024-07-20,30453.94,30453.94,Conciliado,Pagamento,CT-008,FN-007,Ref. NF-4915,Débito,0.00,,,,,,,,
TRX-00782,2024-05-18,2024-05-30,2024-06-02,6751.29,6751.29,Conciliado,Pagamento,CT-008,FN-002,Ref. NF-4940,Pix,0.00,,,,,,,,
TRX-02028,2025-01-26,2025-02-01,2025-02-03,24386.44,24386.44,Conciliado,Pagamento,CT-002,FN-003,Ref. NF-1817,Pix,0.00,,,,,,,,
TRX-01596,2024-04-04,2024-04-10,2024-04-11,7631.50,6638.40,Divergente,Pagamento,CT-007,FN-001,Ref. NF-1278,Pix,993.10,,415,,+360 dias,,Máximo,,7
TRX-00238,2025-01-26,2025-01-30,2025-01-30,12209.28,12209.28,Conciliado,Pagamento,CT-003,FN-003,Ref. NF-3328,Boleto,0.00,,,,,,,,
TRX-00113,2025-04-08,2025-04-17,2025-04-18,40926.81,37059.37,Divergente,Recebimento,CT-002,FN-004,Ref. NF-2337,Pix,3867.44,,43,,31 a 60 dias,,Atenção,,2
TRX-01932,2024-04-05,2024-04-08,2024-04-11,27730.14,27106.19,Divergente,Pagamento,CT-008,FN-008,Ref. NF-8596,Ted,623.95,,415,,+360 dias,,Máximo,,7
TRX-00249,2024-08-06,2024-08-08,2024-08-11,5300.85,5300.85,Conciliado,Estorno,CT-008,FN-004,Ref. NF-7512,Ted,0.00,,,,,,,,
TRX-01236,2024-07-22,2024-08-06,2024-08-07,34402.95,33831.52,Divergente,Pagamento,CT-007,FN-003,Ref. NF-6579,Pix,571.43,,297,,181 a 360 dias,,Muito Crítico,,6
TRX-02145,2024-08-09,2024-08-16,,20995.30,,Pendente,Pagamento,CT-008,FN-010,Ref. NF-1366,Ted,20995.30,288,,181 a 360 dias,,Muito Crítico,,6,
TRX-01386,2024-04-02,2024-04-08,2024-04-09,1656.99,1656.99,Conciliado,Pagamento,CT-008,FN-007,Ref. NF-6873,Débito,0.00,,,,,,,,
TRX-02964,2024-10-02,2024-10-16,2024-10-19,46685.71,46685.71,Conciliado,Recebimento,CT-007,FN-008,Ref. NF-2092,Boleto,0.00,,,,,,,,
TRX-02742,2024-08-13,2024-08-24,2024-08-27,46644.56,46644.56,Conciliado,Recebimento,CT-008,FN-007,Ref. NF-7456,Boleto,0.00,,,,,,,,
TRX-01076,2024-01-10,2024-01-19,2024-01-20,27726.54,27726.54,Conciliado,Recebimento,CT-001,FN-007,Ref. NF-2320,Ted,0.00,,,,,,,,
TRX-01960,2025-01-16,2025-01-28,2025-01-28,35587.54,35587.54,Conciliado,Pagamento,CT-002,FN-007,Ref. NF-4423,Pix,0.00,,,,,,,,
TRX-00144,2024-07-29,2024-08-07,2024-08-10,10763.41,10763.41,Conciliado,Pagamento,CT-003,FN-009,Ref. NF-9734,Débito,0.00,,,,,,,,
TRX-02793,2024-05-04,2024-05-18,2024-05-21,38517.15,38517.15,Conciliado,Pagamento,CT-002,FN-005,Ref. NF-9999,Boleto,0.00,,,,,,,,
TRX-01170,2025-04-29,2025-05-07,2025-05-10,8866.62,8866.62,Conciliado,Pagamento,CT-003,FN-005,Ref. NF-2599,Pix,0.00,,,,,,,,
TRX-01471,2025-04-02,2025-04-10,2025-04-12,22173.53,22173.53,Conciliado,Pagamento,CT-003,FN-003,Ref. NF-9761,Ted,0.00,,,,,,,,
TRX-02102,2024-11-11,2024-11-19,2024-11-21,23422.49,23422.49,Conciliado,Pagamento,CT-004,FN-009,Ref. NF-1732,Pix,0.00,,,,,,,,
TRX-02069,2025-03-16,2025-03-22,2025-03-25,26446.95,26446.95,Conciliado,Recebimento,CT-008,FN-006,Ref. NF-4183,Pix,0.00,,,,,,,,
TRX-00461,2024-03-09,2024-03-11,2024-03-15,4495.77,4257.90,Divergente,Pagamento,CT-001,FN-008,Ref. NF-3079,Boleto,237.87,,442,,+360 dias,,Máximo,,7
TRX-01163,2024-11-19,2024-11-25,,635.50,,Pendente,Estorno,CT-006,FN-006,Ref. NF-3421,Boleto,635.50,187,,181 a 360 dias,,Muito Crítico,,6,
TRX-02204,2024-08-02,2024-08-14,2024-08-15,21052.38,21052.38,Conciliado,Recebimento,CT-004,FN-008,Ref. NF-3519,Boleto,0.00,,,,,,,,
TRX-01764,2024-05-16,2024-05-30,2024-05-30,43049.26,43049.26,Conciliado,Estorno,CT-002,FN-001,Ref. NF-1472,Pix,0.00,,,,,,,,
TRX-01546,2024-03-11,2024-03-17,2024-03-19,6681.77,6681.77,Conciliado,Pagamento,CT-003,FN-003,Ref. NF-9174,Boleto,0.00,,,,,,,,
TRX-01159,2024-08-17,2024-08-20,2024-08-23,34542.43,34542.43,Conciliado,Pagamento,CT-005,FN-006,Ref. NF-5956,Pix,0.00,,,,,,,,
TRX-02746,2024-10-31,2024-11-14,2024-11-17,21873.83,21873.83,Conciliado,Recebimento,CT-004,FN-009,Ref. NF-8074,Débito,0.00,,,,,,,,
TRX-01005,2025-03-20,2025-04-01,2025-04-01,47759.35,47759.35,Conciliado,Pagamento,CT-006,FN-002,Ref. NF-3184,Pix,0.00,,,,,,,,
TRX-02778,2025-03-30,2025-04-02,2025-04-03,17979.76,17979.76,Conciliado,Pagamento,CT-005,FN-006,Ref. NF-8940,Boleto,0.00,,,,,,,,
TRX-01685,2024-05-20,2024-05-21,2024-05-24,26755.04,26755.04,Conciliado,Pagamento,CT-006,FN-009,Ref. NF-7627,Débito,0.00,,,,,,,,
TRX-00342,2025-03-22,2025-03-27,2025-03-27,41898.57,41898.57,Conciliado,Pagamento,CT-004,FN-004,Ref. NF-1108,Ted,0.00,,,,,,,,
TRX-00458,2024-05-04,2024-05-16,2024-05-17,45280.79,45280.79,Conciliado,Pagamento,CT-003,FN-001,Ref. NF-2742,Pix,0.00,,,,,,,,
TRX-02077,2024-07-22,2024-07-28,2024-07-31,36256.40,36256.40,Conciliado,Pagamento,CT-004,FN-005,Ref. NF-3953,Débito,0.00,,,,,,,,
TRX-02845,2025-04-16,2025-04-27,2025-04-29,24549.12,24549.12,Conciliado,Pagamento,CT-008,FN-004,Ref. NF-6410,Boleto,0.00,,,,,,,,
TRX-00136,2024-05-07,2024-05-21,2024-05-23,38274.51,38274.51,Conciliado,Pagamento,CT-006,FN-004,Ref. NF-7442,Pix,0.00,,,,,,,,
TRX-02165,2025-04-11,2025-04-20,2025-04-23,16855.74,16855.74,Conciliado,Pagamento,CT-002,FN-010,Ref. NF-4613,Ted,0.00,,,,,,,,
TRX-00116,2024-08-02,2024-08-13,2024-08-14,30038.58,30038.58,Conciliado,Pagamento,CT-002,FN-008,Ref. NF-6780,Débito,0.00,,,,,,,,
TRX-02355,2024-06-17,2024-06-26,2024-07-01,12162.21,12025.48,Divergente,Recebimento,CT-005,FN-002,Ref. NF-1053,Ted,136.73,,334,,181 a 360 dias,,Muito Crítico,,6
TRX-02664,2025-04-01,2025-04-15,2025-04-15,30513.11,30513.11,Conciliado,Pagamento,CT-002,FN-005,Ref. NF-3653,Ted,0.00,,,,,,,,
TRX-01399,2025-04-18,2025-04-21,2025-04-21,4590.80,4590.80,Conciliado,Pagamento,CT-005,FN-009,Ref. NF-6763,Débito,0.00,,,,,,,,
TRX-00810,2025-03-06,2025-03-20,2025-03-21,6598.23,6598.23,Conciliado,Pagamento,CT-008,FN-010,Ref. NF-9956,Débito,0.00,,,,,,,,
TRX-01202,2024-01-14,2024-01-26,2024-01-27,10030.96,10030.96,Conciliado,Estorno,CT-001,FN-005,Ref. NF-3172,Pix,0.00,,,,,,,,
TRX-01358,2024-03-23,2024-04-06,,15058.56,,Pendente,Pagamento,CT-003,FN-003,Ref. NF-8837,Pix,15058.56,420,,+360 dias,,Máximo,,7,
TRX-00930,2024-08-22,2024-08-28,,16474.85,,Pendente,Pagamento,CT-008,FN-004,Ref. NF-8523,Ted,16474.85,276,,181 a 360 dias,,Muito Crítico,,6,
TRX-01600,2025-01-10,2025-01-20,2025-01-22,28022.13,24657.94,Divergente,Recebimento,CT-005,FN-008,Ref. NF-1158,Débito,3364.19,,129,,121 a 180 dias,,Crítico,,5
TRX-00936,2024-05-31,2024-06-12,2024-06-14,28627.44,28627.44,Conciliado,Pagamento,CT-008,FN-005,Ref. NF-6942,Débito,0.00,,,,,,,,
TRX-01277,2024-04-05,2024-04-14,2024-04-15,19759.29,19759.29,Conciliado,Recebimento,CT-003,FN-006,Ref. NF-9679,Boleto,0.00,,,,,,,,
TRX-00479,2024-03-25,2024-03-30,2024-04-02,43812.16,43812.16,Conciliado,Pagamento,CT-008,FN-003,Ref. NF-3163,Pix,0.00,,,,,,,,
TRX-02012,2024-10-13,2024-10-21,2024-10-22,37366.42,37366.42,Conciliado,Estorno,CT-001,FN-004,Ref. NF-8415,Débito,0.00,,,,,,,,
TRX-00158,2025-01-02,2025-01-12,2025-01-15,22944.90,22944.90,Conciliado,Pagamento,CT-008,FN-001,Ref. NF-1356,Débito,0.00,,,,,,,,
TRX-01497,2025-02-21,2025-03-01,,13907.24,,Pendente,Pagamento,CT-001,FN-004,Ref. NF-5849,Pix,13907.24,91,,91 a 120 dias,,Alto,,4,
TRX-00188,2025-01-07,2025-01-15,2025-01-16,41038.80,41038.80,Conciliado,Recebimento,CT-005,FN-002,Ref. NF-3525,Ted,0.00,,,,,,,,
TRX-02306,2024-10-22,2024-11-06,2024-11-08,34948.62,32254.85,Divergente,Recebimento,CT-002,FN-006,Ref. NF-9504,Pix,2693.77,,204,,181 a 360 dias,,Muito Crítico,,6
TRX-01107,2024-10-25,2024-11-01,2024-11-01,10521.14,10521.14,Conciliado,Estorno,CT-001,FN-004,Ref. NF-1199,Pix,0.00,,,,,,,,
TRX-00203,2025-03-16,2025-03-28,2025-03-30,40769.73,40769.73,Conciliado,Pagamento,CT-003,FN-004,Ref. NF-5794,Boleto,0.00,,,,,,,,
TRX-02056,2024-07-15,2024-07-25,2024-07-27,1530.77,1530.77,Conciliado,Estorno,CT-006,FN-006,Ref. NF-9569,Pix,0.00,,,,,,,,
TRX-01989,2025-04-18,2025-04-27,2025-04-29,38686.95,38686.95,Conciliado,Pagamento,CT-003,FN-007,Ref. NF-8055,Ted,0.00,,,,,,,,
TRX-01019,2024-07-16,2024-07-20,2024-07-20,37057.73,37057.73,Conciliado,Estorno,CT-001,FN-007,Ref. NF-4042,Boleto,0.00,,,,,,,,
TRX-02703,2024-04-21,2024-04-24,2024-04-26,15208.77,15208.77,Conciliado,Pagamento,CT-004,FN-010,Ref. NF-8535,Boleto,0.00,,,,,,,,
TRX-02058,2025-03-05,2025-03-19,2025-03-19,13301.41,13301.41,Conciliado,Recebimento,CT-006,FN-001,Ref. NF-6574,Débito,0.00,,,,,,,,
TRX-02013,2025-01-24,2025-01-31,,921.19,,Pendente,Pagamento,CT-001,FN-005,Ref. NF-8524,Pix,921.19,120,,91 a 120 dias,,Alto,,4,
TRX-02585,2024-11-22,2024-12-04,2024-12-06,47061.64,43078.57,Divergente,Recebimento,CT-005,FN-005,Ref. NF-8117,Débito,3983.07,,176,,121 a 180 dias,,Crítico,,5
TRX-00664,2025-01-06,2025-01-20,,14333.64,,Pendente,Pagamento,CT-002,FN-009,Ref. NF-8785,Pix,14333.64,131,,121 a 180 dias,,Crítico,,5,
TRX-02322,2024-08-07,2024-08-08,2024-08-10,30482.90,28668.05,Divergente,Recebimento,CT-008,FN-009,Ref. NF-4140,Débito,1814.85,,294,,181 a 360 dias,,Muito Crítico,,6
TRX-01977,2025-02-17,2025-02-23,2025-02-25,17399.22,17399.22,Conciliado,Pagamento,CT-003,FN-006,Ref. NF-7228,Débito,0.00,,,,,,,,
TRX-02860,2025-01-17,2025-01-31,2025-02-03,8280.73,7690.71,Divergente,Pagamento,CT-008,FN-007,Ref. NF-3225,Ted,590.02,,117,,91 a 120 dias,,Alto,,4
TRX-00757,2024-03-31,2024-04-09,2024-04-11,14608.88,14608.88,Conciliado,Estorno,CT-007,FN-007,Ref. NF-2625,Pix,0.00,,,,,,,,
TRX-00480,2024-08-30,2024-09-05,,9858.50,,Pendente,Recebimento,CT-001,FN-005,Ref. NF-7745,Boleto,9858.50,268,,181 a 360 dias,,Muito Crítico,,6,
TRX-01906,2025-01-31,2025-02-14,2025-02-16,26809.44,26809.44,Conciliado,Pagamento,CT-006,FN-001,Ref. NF-1078,Débito,0.00,,,,,,,,
TRX-01215,2024-08-27,2024-08-28,2024-08-30,33270.84,33270.84,Conciliado,Estorno,CT-001,FN-001,Ref. NF-5506,Pix,0.00,,,,,,,,
TRX-01063,2024-12-16,2024-12-26,2024-12-27,6906.69,6906.69,Conciliado,Estorno,CT-002,FN-010,Ref. NF-2034,Boleto,0.00,,,,,,,,
TRX-02525,2024-08-24,2024-09-04,2024-09-05,48901.51,48901.51,Conciliado,Recebimento,CT-008,FN-003,Ref. NF-8083,Ted,0.00,,,,,,,,
TRX-01677,2024-11-24,2024-11-26,2024-11-29,49306.19,49306.19,Conciliado,Recebimento,CT-006,FN-010,Ref. NF-8890,Ted,0.00,,,,,,,,
TRX-02501,2024-12-27,2025-01-08,2025-01-09,3252.97,3252.97,Conciliado,Recebimento,CT-002,FN-003,Ref. NF-6896,Débito,0.00,,,,,,,,
TRX-00548,2024-06-14,2024-06-27,2024-06-28,20243.50,17265.11,Divergente,Pagamento,CT-007,FN-002,Ref. NF-7592,Pix,2978.39,,337,,181 a 360 dias,,Muito Crítico,,6
TRX-02770,2024-03-25,2024-04-09,,8281.92,,Pendente,Recebimento,CT-004,FN-006,Ref. NF-8307,Débito,8281.92,417,,+360 dias,,Máximo,,7,
TRX-00002,2024-04-21,2024-04-25,2024-04-28,10342.46,10342.46,Conciliado,Estorno,CT-001,FN-009,Ref. NF-1106,Débito,0.00,,,,,,,,
TRX-00884,2024-05-23,2024-05-26,2024-05-28,39945.78,39945.78,Conciliado,Estorno,CT-002,FN-003,Ref. NF-8756,Ted,0.00,,,,,,,,
TRX-00609,2024-03-16,2024-03-24,2024-03-25,18757.08,18757.08,Conciliado,Estorno,CT-006,FN-005,Ref. NF-1894,Ted,0.00,,,,,,,,
TRX-02832,2024-05-04,2024-05-16,2024-05-16,40049.49,40049.49,Conciliado,Pagamento,CT-002,FN-003,Ref. NF-2270,Débito,0.00,,,,,,,,
TRX-00187,2024-10-21,2024-11-03,2024-11-04,40916.48,40916.48,Conciliado,Pagamento,CT-007,FN-005,Ref. NF-1440,Ted,0.00,,,,,,,,
TRX-00599,2024-03-06,2024-03-11,2024-03-16,42459.53,41340.05,Divergente,Estorno,CT-005,FN-004,Ref. NF-1849,Ted,1119.48,,441,,+360 dias,,Máximo,,7
TRX-00863,2025-03-25,2025-03-30,2025-04-01,39938.94,39938.94,Conciliado,Pagamento,CT-008,FN-008,Ref. NF-5706,Ted,0.00,,,,,,,,
TRX-01790,2025-01-18,2025-01-28,2025-01-30,30137.73,30137.73,Conciliado,Pagamento,CT-002,FN-005,Ref. NF-5621,Débito,0.00,,,,,,,,
TRX-00307,2024-09-30,2024-10-01,,41865.42,,Pendente,Pagamento,CT-004,FN-007,Ref. NF-2181,Pix,41865.42,242,,181 a 360 dias,,Muito Crítico,,6,
TRX-02465,2025-04-08,2025-04-13,2025-04-13,13348.07,13348.07,Conciliado,Pagamento,CT-008,FN-007,Ref. NF-7980,Pix,0.00,,,,,,,,
TRX-02367,2024-08-06,2024-08-15,2024-08-17,26694.62,22713.94,Divergente,Pagamento,CT-008,FN-003,Ref. NF-4710,Boleto,3980.68,,287,,181 a 360 dias,,Muito Crítico,,6
TRX-02936,2024-09-30,2024-10-11,2024-10-11,8560.65,8560.65,Conciliado,Recebimento,CT-007,FN-003,Ref. NF-2307,Boleto,0.00,,,,,,,,
TRX-01282,2024-08-31,2024-09-12,2024-09-14,22642.68,22642.68,Conciliado,Pagamento,CT-004,FN-007,Ref. NF-2787,Débito,0.00,,,,,,,,
TRX-01664,2024-07-30,2024-08-13,2024-08-14,19148.39,19148.39,Conciliado,Pagamento,CT-005,FN-005,Ref. NF-8098,Débito,0.00,,,,,,,,
TRX-01760,2024-08-15,2024-08-28,2024-08-30,41232.28,41232.28,Conciliado,Pagamento,CT-007,FN-002,Ref. NF-7348,Pix,0.00,,,,,,,,
TRX-02614,2025-02-05,2025-02-06,,35034.20,,Pendente,Pagamento,CT-008,FN-003,Ref. NF-6502,Pix,35034.20,114,,91 a 120 dias,,Alto,,4,
TRX-02940,2024-05-16,2024-05-28,2024-05-29,40112.52,40112.52,Conciliado,Pagamento,CT-008,FN-002,Ref. NF-3767,Ted,0.00,,,,,,,,
TRX-00999,2024-03-09,2024-03-24,2024-03-25,28720.29,25400.99,Divergente,Pagamento,CT-005,FN-010,Ref. NF-1431,Boleto,3319.30,,432,,+360 dias,,Máximo,,7
TRX-02239,2024-01-29,2024-01-30,2024-02-02,6917.14,6917.14,Conciliado,Pagamento,CT-004,FN-001,Ref. NF-2672,Pix,0.00,,,,,,,,
TRX-01262,2024-02-22,2024-03-04,,28839.73,,Pendente,Pagamento,CT-007,FN-003,Ref. NF-8175,Ted,28839.73,453,,+360 dias,,Máximo,,7,
TRX-02138,2024-02-22,2024-02-27,2024-02-28,13097.03,13097.03,Conciliado,Estorno,CT-008,FN-002,Ref. NF-6722,Boleto,0.00,,,,,,,,
TRX-01841,2025-04-13,2025-04-17,2025-04-18,39774.97,39774.97,Conciliado,Pagamento,CT-001,FN-003,Ref. NF-1649,Ted,0.00,,,,,,,,
TRX-00769,2024-09-04,2024-09-14,2024-09-14,37213.99,37213.99,Conciliado,Pagamento,CT-003,FN-009,Ref. NF-4543,Débito,0.00,,,,,,,,
TRX-02548,2024-05-05,2024-05-17,,16618.29,,Pendente,Recebimento,CT-008,FN-009,Ref. NF-1682,Pix,16618.29,379,,+360 dias,,Máximo,,7,
TRX-02524,2024-12-26,2025-01-05,2025-01-08,49071.43,49071.43,Conciliado,Pagamento,CT-002,FN-006,Ref. NF-7240,Pix,0.00,,,,,,,,
TRX-01627,2025-02-14,2025-02-19,2025-02-20,24906.35,24906.35,Conciliado,Pagamento,CT-002,FN-010,Ref. NF-8029,Pix,0.00,,,,,,,,
TRX-00004,2025-02-17,2025-02-18,2025-02-19,4400.61,4400.61,Conciliado,Estorno,CT-002,FN-007,Ref. NF-4733,Débito,0.00,,,,,,,,
TRX-02958,2024-04-06,2024-04-09,2024-04-12,35388.39,35388.39,Conciliado,Recebimento,CT-004,FN-005,Ref. NF-6391,Débito,0.00,,,,,,,,
TRX-01711,2024-04-14,2024-04-19,,1691.48,,Pendente,Estorno,CT-008,FN-007,Ref. NF-1358,Pix,1691.48,407,,+360 dias,,Máximo,,7,
TRX-02491,2025-01-16,2025-01-30,2025-01-30,19828.71,19828.71,Conciliado,Estorno,CT-005,FN-010,Ref. NF-6897,Débito,0.00,,,,,,,,
TRX-02447,2025-04-12,2025-04-27,2025-04-29,34822.59,34822.59,Conciliado,Pagamento,CT-004,FN-002,Ref. NF-7891,Débito,0.00,,,,,,,,
TRX-01548,2024-04-25,2024-05-01,2024-05-01,14729.76,14729.76,Conciliado,Recebimento,CT-002,FN-003,Ref. NF-3092,Pix,0.00,,,,,,,,
TRX-01338,2024-12-06,2024-12-17,2024-12-20,18054.74,18054.74,Conciliado,Pagamento,CT-001,FN-010,Ref. NF-9099,Pix,0.00,,,,,,,,
TRX-00284,2025-04-27,2025-05-11,2025-05-14,24392.41,24392.41,Conciliado,Pagamento,CT-007,FN-010,Ref. NF-3140,Pix,0.00,,,,,,,,
TRX-02231,2024-01-24,2024-01-30,2024-02-02,12822.72,12822.72,Conciliado,Recebimento,CT-004,FN-005,Ref. NF-1266,Boleto,0.00,,,,,,,,
TRX-00418,2025-02-05,2025-02-06,2025-02-08,1734.27,1734.27,Conciliado,Pagamento,CT-008,FN-009,Ref. NF-9579,Ted,0.00,,,,,,,,
TRX-00218,2024-07-19,2024-07-29,2024-07-29,3366.34,3366.34,Conciliado,Pagamento,CT-007,FN-004,Ref. NF-3877,Pix,0.00,,,,,,,,
TRX-02503,2024-01-02,2024-01-13,2024-01-16,14229.47,14229.47,Conciliado,Pagamento,CT-007,FN-002,Ref. NF-8558,Pix,0.00,,,,,,,,
TRX-00116,2024-08-02,2024-08-13,2024-08-14,30038.58,30038.58,Conciliado,Pagamento,CT-002,FN-008,Ref. NF-6780,Débito,0.00,,,,,,,,
TRX-02955,2024-12-19,2025-01-03,2025-01-04,46798.40,46798.40,Conciliado,Recebimento,CT-005,FN-009,Ref. NF-8535,Boleto,0.00,,,,,,,,
TRX-01839,2024-04-13,2024-04-26,2024-04-29,48477.60,48477.60,Conciliado,Pagamento,CT-007,FN-006,Ref. NF-4090,Pix,0.00,,,,,,,,
TRX-00693,2024-06-30,2024-07-13,2024-07-15,47654.51,47654.51,Conciliado,Estorno,CT-005,FN-005,Ref. NF-6007,Débito,0.00,,,,,,,,
TRX-00851,2024-12-30,2025-01-04,2025-01-06,30633.49,30633.49,Conciliado,Pagamento,CT-006,FN-010,Ref. NF-8368,Pix,0.00,,,,,,,,
TRX-01117,2024-11-22,2024-11-26,2024-11-29,44420.03,44420.03,Conciliado,Estorno,CT-006,FN-003,Ref. NF-8521,Ted,0.00,,,,,,,,
TRX-01120,2024-06-09,2024-06-11,2024-06-13,38126.16,38126.16,Conciliado,Pagamento,CT-002,FN-006,Ref. NF-3087,Pix,0.00,,,,,,,,
TRX-01086,2024-05-18,2024-05-19,2024-05-22,3725.31,3725.31,Conciliado,Pagamento,CT-003,FN-004,Ref. NF-1217,Débito,0.00,,,,,,,,
TRX-02214,2024-04-29,2024-05-04,2024-05-05,9449.03,9449.03,Conciliado,Pagamento,CT-004,FN-001,Ref. NF-5153,Boleto,0.00,,,,,,,,
TRX-00288,2024-02-10,2024-02-18,2024-02-18,42901.17,42901.17,Conciliado,Estorno,CT-008,FN-002,Ref. NF-9996,Débito,0.00,,,,,,,,
TRX-01515,2025-02-23,2025-03-06,2025-03-08,47512.96,47512.96,Conciliado,Pagamento,CT-003,FN-002,Ref. NF-2845,Pix,0.00,,,,,,,,
TRX-01232,2024-02-25,2024-03-05,2024-03-08,26729.48,26729.48,Conciliado,Pagamento,CT-004,FN-007,Ref. NF-3583,Ted,0.00,,,,,,,,
TRX-01536,2025-03-05,2025-03-13,2025-03-15,36787.27,36787.27,Conciliado,Pagamento,CT-004,FN-007,Ref. NF-5345,Débito,0.00,,,,,,,,
TRX-00962,2024-10-21,2024-10-26,2024-10-28,922.63,922.63,Conciliado,Estorno,CT-007,FN-001,Ref. NF-4282,Pix,0.00,,,,,,,,
TRX-00805,2025-04-12,2025-04-21,2025-04-23,30952.82,30952.82,Conciliado,Recebimento,CT-002,FN-003,Ref. NF-5806,Pix,0.00,,,,,,,,
TRX-01239,2024-09-01,2024-09-15,2024-09-15,2782.97,2782.97,Conciliado,Estorno,CT-003,FN-007,Ref. NF-8397,Débito,0.00,,,,,,,,
TRX-02915,2024-07-12,2024-07-18,,46209.72,,Pendente,Recebimento,CT-002,FN-004,Ref. NF-6955,Boleto,46209.72,317,,181 a 360 dias,,Muito Crítico,,6,
TRX-01804,2024-10-03,2024-10-13,2024-10-13,38954.52,38954.52,Conciliado,Pagamento,CT-001,FN-010,Ref. NF-2084,Débito,0.00,,,,,,,,
TRX-01957,2024-09-25,2024-10-09,2024-10-11,1295.85,1295.85,Conciliado,Pagamento,CT-005,FN-005,Ref. NF-7223,Ted,0.00,,,,,,,,
TRX-02197,2024-03-23,2024-04-02,,40622.43,,Pendente,Pagamento,CT-006,FN-006,Ref. NF-2364,Pix,40622.43,424,,+360 dias,,Máximo,,7,
TRX-00156,2024-12-25,2025-01-03,,34176.93,,Pendente,Estorno,CT-004,FN-004,Ref. NF-6927,Débito,34176.93,148,,121 a 180 dias,,Crítico,,5,
TRX-00572,2025-03-30,2025-04-08,2025-04-09,44108.25,44108.25,Conciliado,Pagamento,CT-007,FN-004,Ref. NF-4501,Débito,0.00,,,,,,,,
TRX-02666,2024-07-09,2024-07-21,2024-07-21,3852.25,3852.25,Conciliado,Pagamento,CT-001,FN-003,Ref. NF-3207,Pix,0.00,,,,,,,,
TRX-01396,2024-01-28,2024-02-11,2024-02-11,23387.59,23387.59,Conciliado,Pagamento,CT-001,FN-001,Ref. NF-2419,Pix,0.00,,,,,,,,
TRX-02162,2024-08-04,2024-08-14,2024-08-15,39737.03,39737.03,Conciliado,Estorno,CT-008,FN-006,Ref. NF-9933,Pix,0.00,,,,,,,,
TRX-01560,2024-10-31,2024-11-09,,1339.61,,Pendente,Recebimento,CT-004,FN-010,Ref. NF-3682,Boleto,1339.61,203,,181 a 360 dias,,Muito Crítico,,6,
TRX-01713,2025-03-18,2025-03-25,2025-03-26,10693.67,10693.67,Conciliado,Pagamento,CT-007,FN-007,Ref. NF-1242,Débito,0.00,,,,,,,,
TRX-02302,2024-02-24,2024-03-06,2024-03-09,35577.74,35577.74,Conciliado,Recebimento,CT-004,FN-001,Ref. NF-2705,Ted,0.00,,,,,,,,
TRX-00243,2024-11-23,2024-12-03,2024-12-04,37394.49,36086.90,Divergente,Recebimento,CT-003,FN-006,Ref. NF-6500,Pix,1307.59,,178,,121 a 180 dias,,Crítico,,5
TRX-01205,2024-02-07,2024-02-10,2024-02-12,35134.53,35134.53,Conciliado,Pagamento,CT-007,FN-004,Ref. NF-9730,Boleto,0.00,,,,,,,,
TRX-02715,2025-03-31,2025-04-05,2025-04-07,44739.31,44739.31,Conciliado,Pagamento,CT-006,FN-001,Ref. NF-1439,Pix,0.00,,,,,,,,
TRX-02185,2024-01-22,2024-01-26,2024-01-28,44441.83,44441.83,Conciliado,Pagamento,CT-002,FN-004,Ref. NF-4421,Pix,0.00,,,,,,,,
TRX-01654,2024-08-31,2024-09-07,2024-09-07,44709.27,44709.27,Conciliado,Pagamento,CT-003,FN-004,Ref. NF-1494,Pix,0.00,,,,,,,,
TRX-00625,2024-08-07,2024-08-20,2024-08-22,42720.73,42720.73,Conciliado,Pagamento,CT-008,FN-008,Ref. NF-6810,Boleto,0.00,,,,,,,,
TRX-02973,2024-03-02,2024-03-11,2024-03-11,38508.61,38508.61,Conciliado,Pagamento,CT-007,FN-001,Ref. NF-3585,Boleto,0.00,,,,,,,,
TRX-00269,2024-08-03,2024-08-16,2024-08-16,15055.53,15055.53,Conciliado,Pagamento,CT-005,FN-010,Ref. NF-2963,Boleto,0.00,,,,,,,,
TRX-00128,2025-03-11,2025-03-14,2025-03-14,49264.06,49264.06,Conciliado,Pagamento,CT-004,FN-002,Ref. NF-8657,Pix,0.00,,,,,,,,
TRX-02680,2025-03-23,2025-04-01,2025-04-01,48760.25,48760.25,Conciliado,Estorno,CT-003,FN-003,Ref. NF-1149,Débito,0.00,,,,,,,,
TRX-00623,2025-03-13,2025-03-26,2025-03-31,14451.34,13816.82,Divergente,Pagamento,CT-001,FN-005,Ref. NF-3445,Débito,634.52,,61,,61 a 90 dias,,Elevado,,3
TRX-02453,2024-04-11,2024-04-13,,2049.91,,Pendente,Pagamento,CT-008,FN-004,Ref. NF-8663,Débito,2049.91,413,,+360 dias,,Máximo,,7,
TRX-01733,2024-10-24,2024-10-29,2024-10-30,47590.14,47590.14,Conciliado,Pagamento,CT-003,FN-001,Ref. NF-3110,Débito,0.00,,,,,,,,
TRX-00519,2024-05-19,2024-05-21,,17692.17,,Pendente,Recebimento,CT-007,FN-004,Ref. NF-8092,Débito,17692.17,375,,+360 dias,,Máximo,,7,
TRX-01884,2024-09-08,2024-09-15,2024-09-19,4051.51,3614.89,Divergente,Recebimento,CT-004,FN-010,Ref. NF-7208,Ted,436.62,,254,,181 a 360 dias,,Muito Crítico,,6
TRX-01683,2025-02-09,2025-02-11,2025-02-12,24413.57,24413.57,Conciliado,Pagamento,CT-005,FN-009,Ref. NF-3787,Pix,0.00,,,,,,,,
TRX-00940,2024-12-08,2024-12-10,2024-12-11,11603.34,11603.34,Conciliado,Pagamento,CT-005,FN-004,Ref. NF-1199,Boleto,0.00,,,,,,,,
TRX-00628,2024-02-23,2024-03-05,2024-03-07,24686.36,24686.36,Conciliado,Pagamento,CT-001,FN-010,Ref. NF-9591,Débito,0.00,,,,,,,,
TRX-00217,2025-01-27,2025-02-03,2025-02-04,27113.94,27113.94,Conciliado,Recebimento,CT-002,FN-009,Ref. NF-6353,Boleto,0.00,,,,,,,,
TRX-02756,2024-03-22,2024-03-24,,28820.49,,Pendente,Pagamento,CT-006,FN-002,Ref. NF-3810,Pix,28820.49,433,,+360 dias,,Máximo,,7,
TRX-01768,2024-11-18,2024-11-27,2024-11-29,31647.90,31647.90,Conciliado,Estorno,CT-007,FN-006,Ref. NF-3750,Pix,0.00,,,,,,,,
TRX-00296,2024-09-14,2024-09-23,2024-09-25,24278.31,24278.31,Conciliado,Pagamento,CT-006,FN-009,Ref. NF-1209,Boleto,0.00,,,,,,,,
TRX-00601,2024-08-17,2024-08-23,2024-08-24,4549.54,4549.54,Conciliado,Recebimento,CT-004,FN-006,Ref. NF-2219,Pix,0.00,,,,,,,,
TRX-00415,2025-04-03,2025-04-09,2025-04-09,15317.52,15317.52,Conciliado,Recebimento,CT-001,FN-009,Ref. NF-6793,Débito,0.00,,,,,,,,
TRX-01826,2024-02-21,2024-02-27,2024-02-27,22278.93,22278.93,Conciliado,Pagamento,CT-001,FN-006,Ref. NF-4647,Boleto,0.00,,,,,,,,
TRX-01851,2024-09-02,2024-09-06,2024-09-09,4673.23,4673.23,Conciliado,Pagamento,CT-004,FN-010,Ref. NF-2702,Pix,0.00,,,,,,,,
TRX-02120,2025-03-04,2025-03-05,2025-03-06,9041.32,9041.32,Conciliado,Pagamento,CT-008,FN-003,Ref. NF-3742,Pix,0.00,,,,,,,,
TRX-02258,2024-11-11,2024-11-12,,15039.37,,Pendente,Pagamento,CT-005,FN-005,Ref. NF-7928,Pix,15039.37,200,,181 a 360 dias,,Muito Crítico,,6,
TRX-02736,2024-05-02,2024-05-11,2024-05-11,45373.99,45373.99,Conciliado,Recebimento,CT-003,FN-002,Ref. NF-7138,Débito,0.00,,,,,,,,
TRX-02074,2025-03-05,2025-03-14,2025-03-15,22583.19,22583.19,Conciliado,Pagamento,CT-006,FN-004,Ref. NF-8787,Boleto,0.00,,,,,,,,
TRX-00487,2024-04-23,2024-05-06,2024-05-09,27151.41,27151.41,Conciliado,Pagamento,CT-001,FN-002,Ref. NF-9381,Ted,0.00,,,,,,,,
TRX-01402,2025-01-02,2025-01-07,,15530.17,,Pendente,Estorno,CT-004,FN-009,Ref. NF-5881,Ted,15530.17,144,,121 a 180 dias,,Crítico,,5,
TRX-00745,2024-05-12,2024-05-20,2024-05-23,48598.19,48598.19,Conciliado,Recebimento,CT-003,FN-002,Ref. NF-3113,Ted,0.00,,,,,,,,
TRX-02528,2025-03-02,2025-03-10,2025-03-13,727.82,727.82,Conciliado,Pagamento,CT-003,FN-007,Ref. NF-7882,Débito,0.00,,,,,,,,
TRX-00213,2025-03-16,2025-03-20,2025-03-22,29683.91,26261.06,Divergente,Pagamento,CT-003,FN-002,Ref. NF-5668,Pix,3422.85,,70,,61 a 90 dias,,Elevado,,3
TRX-01167,2024-07-21,2024-07-26,2024-07-29,11479.15,11479.15,Conciliado,Estorno,CT-004,FN-001,Ref. NF-5483,Pix,0.00,,,,,,,,
TRX-01822,2024-09-24,2024-10-05,2024-10-10,32618.37,27892.97,Divergente,Pagamento,CT-003,FN-001,Ref. NF-3161,Boleto,4725.40,,233,,181 a 360 dias,,Muito Crítico,,6
TRX-01712,2025-03-08,2025-03-19,2025-03-22,41507.57,41507.57,Conciliado,Estorno,CT-003,FN-003,Ref. NF-9930,Ted,0.00,,,,,,,,
TRX-00049,2024-06-23,2024-06-28,2024-06-29,47429.10,47429.10,Conciliado,Estorno,CT-001,FN-009,Ref. NF-9041,Ted,0.00,,,,,,,,
TRX-00755,2024-11-03,2024-11-10,2024-11-10,48601.35,48601.35,Conciliado,Pagamento,CT-004,FN-004,Ref. NF-3043,Ted,0.00,,,,,,,,
TRX-02682,2024-12-08,2024-12-16,2024-12-19,47159.23,47159.23,Conciliado,Pagamento,CT-005,FN-002,Ref. NF-7855,Débito,0.00,,,,,,,,
TRX-00088,2024-03-05,2024-03-10,2024-03-10,26762.56,26762.56,Conciliado,Pagamento,CT-007,FN-010,Ref. NF-4522,Débito,0.00,,,,,,,,
TRX-02745,2024-09-06,2024-09-09,2024-09-11,7516.29,7516.29,Conciliado,Pagamento,CT-005,FN-005,Ref. NF-3788,Débito,0.00,,,,,,,,
TRX-01097,2025-04-28,2025-05-04,2025-05-07,19693.49,19693.49,Conciliado,Pagamento,CT-005,FN-006,Ref. NF-9050,Boleto,0.00,,,,,,,,
TRX-02878,2025-03-04,2025-03-13,2025-03-16,719.33,719.33,Conciliado,Pagamento,CT-004,FN-007,Ref. NF-4376,Boleto,0.00,,,,,,,,
TRX-01270,2025-02-18,2025-03-03,2025-03-06,46220.64,46220.64,Conciliado,Recebimento,CT-002,FN-006,Ref. NF-4059,Pix,0.00,,,,,,,,
TRX-01465,2024-11-30,2024-12-09,2024-12-11,11377.70,11377.70,Conciliado,Pagamento,CT-001,FN-002,Ref. NF-8758,Boleto,0.00,,,,,,,,
TRX-02734,2025-02-14,2025-02-15,,13981.61,,Pendente,Pagamento,CT-001,FN-008,Ref. NF-8293,Boleto,13981.61,105,,91 a 120 dias,,Alto,,4,
TRX-02498,2024-09-14,2024-09-23,2024-09-24,41286.27,41286.27,Conciliado,Pagamento,CT-004,FN-008,Ref. NF-6356,Débito,0.00,,,,,,,,
TRX-00626,2024-06-22,2024-06-26,2024-06-27,15332.04,15332.04,Conciliado,Recebimento,CT-007,FN-009,Ref. NF-6410,Boleto,0.00,,,,,,,,
TRX-01365,2024-05-26,2024-06-06,2024-06-07,42352.74,42352.74,Conciliado,Pagamento,CT-003,FN-004,Ref. NF-5677,Débito,0.00,,,,,,,,
TRX-00821,2024-09-13,2024-09-19,,22224.46,,Pendente,Estorno,CT-003,FN-002,Ref. NF-9474,Boleto,22224.46,254,,181 a 360 dias,,Muito Crítico,,6,
TRX-02053,2025-02-04,2025-02-17,2025-02-18,39755.95,39755.95,Conciliado,Estorno,CT-001,FN-010,Ref. NF-3911,Ted,0.00,,,,,,,,
TRX-01099,2025-04-30,2025-05-11,2025-05-11,48157.03,48157.03,Conciliado,Pagamento,CT-007,FN-001,Ref. NF-2540,Débito,0.00,,,,,,,,
TRX-01168,2024-10-01,2024-10-15,2024-10-15,43493.02,43493.02,Conciliado,Recebimento,CT-001,FN-009,Ref. NF-9750,Débito,0.00,,,,,,,,
TRX-02578,2024-02-17,2024-02-28,2024-03-02,13994.99,13994.99,Conciliado,Recebimento,CT-008,FN-005,Ref. NF-5214,Débito,0.00,,,,,,,,
TRX-00303,2024-09-08,2024-09-21,2024-09-22,26507.06,26507.06,Conciliado,Pagamento,CT-002,FN-006,Ref. NF-2506,Débito,0.00,,,,,,,,
TRX-02072,2025-03-29,2025-04-06,2025-04-09,23346.77,23346.77,Conciliado,Pagamento,CT-006,FN-008,Ref. NF-9817,Ted,0.00,,,,,,,,
TRX-02203,2024-11-24,2024-11-29,2024-11-29,43275.13,43275.13,Conciliado,Pagamento,CT-008,FN-010,Ref. NF-2078,Pix,0.00,,,,,,,,
TRX-01193,2024-11-26,2024-12-04,2024-12-06,13749.95,13749.95,Conciliado,Pagamento,CT-003,FN-002,Ref. NF-6082,Boleto,0.00,,,,,,,,
TRX-01755,2024-11-05,2024-11-13,2024-11-16,45440.21,45440.21,Conciliado,Pagamento,CT-001,FN-009,Ref. NF-8912,Ted,0.00,,,,,,,,
TRX-02939,2025-03-23,2025-04-07,2025-04-09,17782.72,17348.24,Divergente,Pagamento,CT-002,FN-007,Ref. NF-6677,Ted,434.48,,52,,31 a 60 dias,,Atenção,,2
TRX-00687,2024-10-08,2024-10-13,2024-10-14,23075.35,23075.35,Conciliado,Recebimento,CT-003,FN-007,Ref. NF-5413,Ted,0.00,,,,,,,,
TRX-02332,2024-12-21,2024-12-26,2024-12-29,22355.18,22355.18,Conciliado,Recebimento,CT-005,FN-001,Ref. NF-1866,Débito,0.00,,,,,,,,
TRX-00679,2024-05-05,2024-05-06,2024-05-09,15483.14,15483.14,Conciliado,Pagamento,CT-007,FN-008,Ref. NF-2468,Pix,0.00,,,,,,,,
TRX-02502,2024-11-05,2024-11-09,2024-11-09,6855.53,6855.53,Conciliado,Pagamento,CT-003,FN-007,Ref. NF-4602,Pix,0.00,,,,,,,,
TRX-02210,2024-08-09,2024-08-14,2024-08-16,15404.75,15404.75,Conciliado,Recebimento,CT-002,FN-005,Ref. NF-1860,Débito,0.00,,,,,,,,
TRX-00140,2024-04-11,2024-04-21,,2426.24,,Pendente,Recebimento,CT-001,FN-001,Ref. NF-9446,Débito,2426.24,405,,+360 dias,,Máximo,,7,
TRX-01384,2025-01-30,2025-02-08,2025-02-11,10513.95,10513.95,Conciliado,Recebimento,CT-007,FN-009,Ref. NF-1252,Ted,0.00,,,,,,,,
TRX-00052,2025-01-05,2025-01-15,2025-01-15,41715.10,41715.10,Conciliado,Estorno,CT-005,FN-002,Ref. NF-1745,Débito,0.00,,,,,,,,
TRX-00351,2025-03-20,2025-03-23,2025-03-25,4416.04,4416.04,Conciliado,Recebimento,CT-007,FN-002,Ref. NF-7479,Boleto,0.00,,,,,,,,
TRX-00147,2024-01-22,2024-01-27,,37493.26,,Pendente,Pagamento,CT-008,FN-005,Ref. NF-5450,Pix,37493.26,490,,+360 dias,,Máximo,,7,
TRX-02269,2025-03-09,2025-03-19,2025-03-20,48413.17,48413.17,Conciliado,Pagamento,CT-005,FN-005,Ref. NF-1019,Débito,0.00,,,,,,,,
TRX-01291,2025-01-03,2025-01-08,2025-01-10,18631.56,18631.56,Conciliado,Pagamento,CT-001,FN-003,Ref. NF-2140,Boleto,0.00,,,,,,,,
TRX-00467,2024-04-27,2024-05-10,2024-05-10,12237.36,12237.36,Conciliado,Pagamento,CT-004,FN-002,Ref. NF-8141,Pix,0.00,,,,,,,,
TRX-02948,2024-12-01,2024-12-05,2024-12-10,16306.51,15812.29,Divergente,Estorno,CT-001,FN-009,Ref. NF-1454,Pix,494.22,,172,,121 a 180 dias,,Crítico,,5
TRX-00379,2024-10-19,2024-10-26,2024-10-26,9058.67,9058.67,Conciliado,Pagamento,CT-006,FN-008,Ref. NF-7251,Ted,0.00,,,,,,,,
TRX-01779,2025-04-23,2025-05-06,2025-05-07,8684.23,8684.23,Conciliado,Recebimento,CT-003,FN-005,Ref. NF-6540,Débito,0.00,,,,,,,,
TRX-02526,2024-06-05,2024-06-09,2024-06-11,40022.71,40022.71,Conciliado,Pagamento,CT-006,FN-009,Ref. NF-8683,Pix,0.00,,,,,,,,
TRX-00493,2024-01-15,2024-01-17,2024-01-20,37405.50,37405.50,Conciliado,Recebimento,CT-002,FN-010,Ref. NF-7114,Ted,0.00,,,,,,,,
TRX-02810,2024-07-05,2024-07-06,2024-07-08,16082.51,16082.51,Conciliado,Pagamento,CT-001,FN-007,Ref. NF-2272,Pix,0.00,,,,,,,,
TRX-00450,2024-02-05,2024-02-13,2024-02-14,32451.42,32451.42,Conciliado,Estorno,CT-007,FN-003,Ref. NF-8234,Ted,0.00,,,,,,,,
TRX-00720,2024-03-20,2024-03-28,2024-03-29,45157.32,45157.32,Conciliado,Recebimento,CT-006,FN-003,Ref. NF-3955,Ted,0.00,,,,,,,,
TRX-00661,2024-05-21,2024-05-23,2024-05-23,24517.12,24517.12,Conciliado,Pagamento,CT-004,FN-008,Ref. NF-1685,Boleto,0.00,,,,,,,,
TRX-02420,2024-01-28,2024-01-30,2024-02-01,48314.81,48314.81,Conciliado,Pagamento,CT-008,FN-009,Ref. NF-7636,Débito,0.00,,,,,,,,
TRX-01268,2024-05-27,2024-06-09,2024-06-10,44662.74,44662.74,Conciliado,Pagamento,CT-003,FN-003,Ref. NF-5108,Débito,0.00,,,,,,,,
TRX-02791,2024-11-26,2024-12-10,2024-12-11,48487.46,46481.31,Divergente,Recebimento,CT-008,FN-010,Ref. NF-1455,Ted,2006.15,,171,,121 a 180 dias,,Crítico,,5
TRX-01454,2024-10-20,2024-11-01,2024-11-01,40403.09,40403.09,Conciliado,Pagamento,CT-007,FN-009,Ref. NF-6666,Pix,0.00,,,,,,,,
TRX-00104,2024-08-18,2024-09-02,2024-09-02,7967.62,7967.62,Conciliado,Pagamento,CT-008,FN-009,Ref. NF-5059,Ted,0.00,,,,,,,,
TRX-00185,2024-07-03,2024-07-08,2024-07-13,5795.13,5234.07,Divergente,Recebimento,CT-004,FN-008,Ref. NF-8055,Ted,561.06,,322,,181 a 360 dias,,Muito Crítico,,6
TRX-00812,2025-02-20,2025-02-27,2025-03-02,6446.26,6446.26,Conciliado,Pagamento,CT-005,FN-008,Ref. NF-3282,Pix,0.00,,,,,,,,
TRX-02272,2024-06-11,2024-06-23,2024-06-24,49397.38,49397.38,Conciliado,Pagamento,CT-003,FN-003,Ref. NF-2337,Boleto,0.00,,,,,,,,
TRX-00239,2024-10-15,2024-10-19,2024-10-19,24776.60,24776.60,Conciliado,Estorno,CT-005,FN-003,Ref. NF-4300,Débito,0.00,,,,,,,,
TRX-01337,2024-02-16,2024-02-29,2024-03-01,13885.60,13885.60,Conciliado,Pagamento,CT-008,FN-010,Ref. NF-8817,Pix,0.00,,,,,,,,
TRX-02436,2024-01-30,2024-02-03,2024-02-05,9005.61,7667.51,Divergente,Recebimento,CT-005,FN-006,Ref. NF-8560,Pix,1338.10,,481,,+360 dias,,Máximo,,7
TRX-00696,2024-12-31,2025-01-07,2025-01-08,34361.87,34361.87,Conciliado,Pagamento,CT-004,FN-009,Ref. NF-3184,Débito,0.00,,,,,,,,
TRX-00845,2024-10-16,2024-10-25,2024-10-28,40011.17,40011.17,Conciliado,Recebimento,CT-002,FN-009,Ref. NF-5801,Débito,0.00,,,,,,,,
TRX-01104,2024-02-21,2024-02-24,2024-02-26,25059.21,25059.21,Conciliado,Pagamento,CT-001,FN-008,Ref. NF-8760,Pix,0.00,,,,,,,,
TRX-02268,2024-06-17,2024-06-18,2024-06-19,2871.57,2474.27,Divergente,Recebimento,CT-001,FN-001,Ref. NF-2153,Pix,397.30,,346,,181 a 360 dias,,Muito Crítico,,6
TRX-00766,2024-05-20,2024-05-22,2024-05-24,23226.82,23226.82,Conciliado,Pagamento,CT-002,FN-002,Ref. NF-9097,Pix,0.00,,,,,,,,
TRX-01070,2024-11-16,2024-11-23,2024-11-26,5833.37,5833.37,Conciliado,Pagamento,CT-008,FN-006,Ref. NF-6288,Débito,0.00,,,,,,,,
TRX-01054,2024-12-25,2025-01-07,2025-01-09,37936.17,37936.17,Conciliado,Pagamento,CT-003,FN-006,Ref. NF-5676,Pix,0.00,,,,,,,,
TRX-01148,2024-12-07,2024-12-18,2024-12-20,40839.13,40839.13,Conciliado,Pagamento,CT-004,FN-004,Ref. NF-7630,Débito,0.00,,,,,,,,
TRX-02314,2024-06-10,2024-06-21,2024-06-22,26962.77,26962.77,Conciliado,Pagamento,CT-008,FN-009,Ref. NF-5628,Pix,0.00,,,,,,,,
TRX-01995,2024-04-06,2024-04-08,2024-04-11,33012.61,33012.61,Conciliado,Pagamento,CT-003,FN-004,Ref. NF-5328,Pix,0.00,,,,,,,,
TRX-00954,2024-12-18,2025-01-02,2025-01-04,29512.66,29512.66,Conciliado,Pagamento,CT-005,FN-010,Ref. NF-5656,Débito,0.00,,,,,,,,
TRX-00632,2024-05-27,2024-06-07,2024-06-08,30844.86,30844.86,Conciliado,Pagamento,CT-005,FN-007,Ref. NF-8501,Débito,0.00,,,,,,,,
TRX-02478,2024-04-10,2024-04-11,2024-04-12,43803.42,43803.42,Conciliado,Pagamento,CT-006,FN-010,Ref. NF-4623,Pix,0.00,,,,,,,,
TRX-00803,2024-12-15,2024-12-28,2024-12-31,27937.05,27937.05,Conciliado,Pagamento,CT-003,FN-007,Ref. NF-8158,Ted,0.00,,,,,,,,
TRX-01489,2024-01-25,2024-02-09,2024-02-09,41526.27,41526.27,Conciliado,Pagamento,CT-003,FN-004,Ref. NF-8495,Ted,0.00,,,,,,,,
TRX-01265,2025-04-05,2025-04-12,2025-04-13,38344.53,38344.53,Conciliado,Pagamento,CT-001,FN-006,Ref. NF-6372,Débito,0.00,,,,,,,,
TRX-01732,2024-07-29,2024-08-01,2024-08-04,2402.80,2402.80,Conciliado,Pagamento,CT-004,FN-007,Ref. NF-7108,Ted,0.00,,,,,,,,
TRX-02405,2024-09-21,2024-09-28,2024-09-29,11928.97,11928.97,Conciliado,Pagamento,CT-002,FN-007,Ref. NF-3763,Débito,0.00,,,,,,,,
TRX-00703,2024-03-01,2024-03-08,,16581.94,,Pendente,Estorno,CT-008,FN-003,Ref. NF-7370,Débito,16581.94,449,,+360 dias,,Máximo,,7,
TRX-02297,2024-06-15,2024-06-24,2024-06-27,31980.07,29407.98,Divergente,Pagamento,CT-008,FN-008,Ref. NF-4251,Débito,2572.09,,338,,181 a 360 dias,,Muito Crítico,,6
TRX-00739,2024-02-03,2024-02-07,2024-02-07,10485.43,10485.43,Conciliado,Pagamento,CT-004,FN-009,Ref. NF-1748,Pix,0.00,,,,,,,,
TRX-02075,2024-05-24,2024-05-25,2024-05-27,21351.90,21351.90,Conciliado,Pagamento,CT-001,FN-008,Ref. NF-6195,Ted,0.00,,,,,,,,
TRX-00735,2024-08-28,2024-09-04,2024-09-05,6007.70,6007.70,Conciliado,Recebimento,CT-001,FN-005,Ref. NF-7940,Boleto,0.00,,,,,,,,
TRX-00498,2025-02-23,2025-02-26,2025-02-28,34707.01,34707.01,Conciliado,Recebimento,CT-006,FN-005,Ref. NF-2943,Pix,0.00,,,,,,,,
TRX-00668,2024-05-03,2024-05-07,2024-05-10,22027.22,22027.22,Conciliado,Pagamento,CT-002,FN-002,Ref. NF-5220,Ted,0.00,,,,,,,,
TRX-02726,2024-11-15,2024-11-19,2024-11-24,22998.45,20233.73,Divergente,Estorno,CT-006,FN-004,Ref. NF-5357,Débito,2764.72,,188,,181 a 360 dias,,Muito Crítico,,6
TRX-02655,2024-02-06,2024-02-20,2024-02-20,32714.63,32714.63,Conciliado,Recebimento,CT-003,FN-002,Ref. NF-1054,Pix,0.00,,,,,,,,
TRX-01744,2025-02-11,2025-02-16,2025-02-18,16240.39,16240.39,Conciliado,Pagamento,CT-002,FN-003,Ref. NF-1849,Débito,0.00,,,,,,,,
TRX-00712,2025-04-27,2025-05-06,2025-05-08,26911.10,26911.10,Conciliado,Pagamento,CT-008,FN-004,Ref. NF-6690,Boleto,0.00,,,,,,,,
TRX-02870,2024-09-07,2024-09-18,,34162.73,,Pendente,Pagamento,CT-002,FN-006,Ref. NF-2150,Débito,34162.73,255,,181 a 360 dias,,Muito Crítico,,6,
TRX-00165,2024-11-16,2024-11-27,2024-11-29,48628.37,48628.37,Conciliado,Estorno,CT-008,FN-001,Ref. NF-5913,Boleto,0.00,,,,,,,,
TRX-01015,2024-06-22,2024-06-26,2024-06-26,9822.84,9822.84,Conciliado,Pagamento,CT-004,FN-008,Ref. NF-6251,Boleto,0.00,,,,,,,,
TRX-02289,2024-06-29,2024-07-05,2024-07-07,44307.59,44307.59,Conciliado,Pagamento,CT-001,FN-006,Ref. NF-3833,Pix,0.00,,,,,,,,
TRX-02828,2024-07-03,2024-07-07,2024-07-12,40571.29,35736.56,Divergente,Pagamento,CT-008,FN-006,Ref. NF-3906,Pix,4834.73,,323,,181 a 360 dias,,Muito Crítico,,6
TRX-02200,2025-01-07,2025-01-15,2025-01-17,9006.63,9006.63,Conciliado,Recebimento,CT-008,FN-008,Ref. NF-5985,Ted,0.00,,,,,,,,
TRX-01183,2024-02-18,2024-02-28,2024-02-29,23726.54,23726.54,Conciliado,Pagamento,CT-008,FN-001,Ref. NF-5056,Pix,0.00,,,,,,,,
TRX-02616,2024-10-30,2024-11-13,2024-11-15,43333.37,43333.37,Conciliado,Pagamento,CT-001,FN-006,Ref. NF-8529,Pix,0.00,,,,,,,,
TRX-00472,2024-08-28,2024-09-09,2024-09-12,20018.85,20018.85,Conciliado,Pagamento,CT-007,FN-009,Ref. NF-1203,Débito,0.00,,,,,,,,
TRX-00121,2024-05-19,2024-05-21,2024-05-25,44784.56,40370.08,Divergente,Recebimento,CT-007,FN-008,Ref. NF-2353,Boleto,4414.48,,371,,+360 dias,,Máximo,,7
TRX-00154,2025-01-20,2025-01-25,2025-01-28,32857.33,32857.33,Conciliado,Pagamento,CT-001,FN-005,Ref. NF-9233,Boleto,0.00,,,,,,,,
TRX-00853,2024-12-11,2024-12-22,2024-12-23,9247.75,9247.75,Conciliado,Recebimento,CT-006,FN-008,Ref. NF-9481,Débito,0.00,,,,,,,,
TRX-02951,2024-12-18,2024-12-23,,37838.45,,Pendente,Recebimento,CT-006,FN-008,Ref. NF-7177,Débito,37838.45,159,,121 a 180 dias,,Crítico,,5,
TRX-02576,2024-09-19,2024-10-01,2024-10-02,37271.46,37271.46,Conciliado,Pagamento,CT-005,FN-003,Ref. NF-5502,Pix,0.00,,,,,,,,
TRX-00674,2024-12-26,2025-01-02,2025-01-02,42479.46,42479.46,Conciliado,Pagamento,CT-003,FN-004,Ref. NF-8987,Pix,0.00,,,,,,,,
TRX-00404,2024-07-12,2024-07-21,2024-07-22,28491.83,28491.83,Conciliado,Pagamento,CT-003,FN-006,Ref. NF-6047,Boleto,0.00,,,,,,,,
TRX-00056,2025-04-30,2025-05-13,2025-05-16,8274.33,8274.33,Conciliado,Pagamento,CT-005,FN-002,Ref. NF-5771,Ted,0.00,,,,,,,,
TRX-00912,2024-08-04,2024-08-17,,37232.22,,Pendente,Pagamento,CT-007,FN-005,Ref. NF-8758,Pix,37232.22,287,,181 a 360 dias,,Muito Crítico,,6,
TRX-00523,2024-12-17,2024-12-27,,7923.13,,Pendente,Recebimento,CT-004,FN-002,Ref. NF-8145,Ted,7923.13,155,,121 a 180 dias,,Crítico,,5,
TRX-00027,2024-11-13,2024-11-25,2024-11-28,44130.10,44130.10,Conciliado,Pagamento,CT-003,FN-003,Ref. NF-5065,Pix,0.00,,,,,,,,
TRX-00627,2024-10-17,2024-10-28,2024-10-31,3653.61,3653.61,Conciliado,Recebimento,CT-004,FN-007,Ref. NF-3808,Boleto,0.00,,,,,,,,
TRX-00526,2024-04-30,2024-05-02,2024-05-04,44285.96,44285.96,Conciliado,Pagamento,CT-005,FN-008,Ref. NF-4865,Débito,0.00,,,,,,,,
TRX-01162,2024-07-31,2024-08-02,2024-08-03,44268.85,44268.85,Conciliado,Pagamento,CT-003,FN-001,Ref. NF-1151,Débito,0.00,,,,,,,,
TRX-00182,2024-07-03,2024-07-05,2024-07-08,18315.92,18315.92,Conciliado,Pagamento,CT-005,FN-008,Ref. NF-7685,Pix,0.00,,,,,,,,
TRX-00391,2024-01-10,2024-01-16,2024-01-18,49801.72,49801.72,Conciliado,Pagamento,CT-005,FN-004,Ref. NF-1482,Boleto,0.00,,,,,,,,
TRX-01425,2024-03-26,2024-04-07,2024-04-12,37645.42,36033.53,Divergente,Recebimento,CT-001,FN-001,Ref. NF-2100,Pix,1611.89,,414,,+360 dias,,Máximo,,7
TRX-00776,2024-02-22,2024-03-02,2024-03-04,44686.87,44686.87,Conciliado,Estorno,CT-002,FN-010,Ref. NF-9092,Ted,0.00,,,,,,,,
TRX-01208,2024-10-13,2024-10-21,2024-10-22,26138.74,26138.74,Conciliado,Estorno,CT-003,FN-001,Ref. NF-9907,Boleto,0.00,,,,,,,,
TRX-02701,2025-02-18,2025-02-24,2025-02-25,5082.70,5082.70,Conciliado,Estorno,CT-007,FN-001,Ref. NF-5143,Ted,0.00,,,,,,,,
TRX-02801,2024-02-20,2024-02-27,2024-03-01,8698.40,8698.40,Conciliado,Estorno,CT-006,FN-005,Ref. NF-2367,Débito,0.00,,,,,,,,
TRX-00098,2024-02-06,2024-02-13,2024-02-16,46097.54,46097.54,Conciliado,Recebimento,CT-001,FN-008,Ref. NF-2887,Pix,0.00,,,,,,,,
TRX-01145,2024-02-17,2024-02-27,2024-03-02,2573.64,2392.72,Divergente,Pagamento,CT-007,FN-004,Ref. NF-3484,Boleto,180.92,,455,,+360 dias,,Máximo,,7
TRX-02852,2024-09-23,2024-09-26,2024-09-26,34731.41,34731.41,Conciliado,Pagamento,CT-004,FN-004,Ref. NF-7301,Boleto,0.00,,,,,,,,
TRX-02880,2025-03-26,2025-03-27,2025-03-28,10560.35,10560.35,Conciliado,Pagamento,CT-003,FN-008,Ref. NF-7241,Pix,0.00,,,,,,,,
TRX-00786,2025-04-14,2025-04-20,2025-04-20,9803.70,9803.70,Conciliado,Recebimento,CT-004,FN-007,Ref. NF-2805,Boleto,0.00,,,,,,,,
TRX-01632,2024-02-11,2024-02-13,,15241.79,,Pendente,Pagamento,CT-001,FN-004,Ref. NF-9132,Ted,15241.79,473,,+360 dias,,Máximo,,7,
TRX-01916,2024-04-26,2024-04-27,2024-04-30,37273.54,37273.54,Conciliado,Pagamento,CT-004,FN-003,Ref. NF-2236,Ted,0.00,,,,,,,,
TRX-00787,2024-05-03,2024-05-04,2024-05-04,24073.90,24073.90,Conciliado,Pagamento,CT-005,FN-001,Ref. NF-7503,Débito,0.00,,,,,,,,
TRX-01873,2024-09-15,2024-09-29,2024-09-29,35274.54,35274.54,Conciliado,Pagamento,CT-003,FN-007,Ref. NF-1419,Pix,0.00,,,,,,,,
TRX-01459,2025-02-07,2025-02-09,2025-02-09,2409.43,2409.43,Conciliado,Pagamento,CT-004,FN-007,Ref. NF-4641,Débito,0.00,,,,,,,,
TRX-00407,2024-01-26,2024-01-29,2024-01-31,7696.03,7696.03,Conciliado,Pagamento,CT-006,FN-001,Ref. NF-2784,Pix,0.00,,,,,,,,
TRX-02191,2024-12-14,2024-12-25,2024-12-28,41349.21,41349.21,Conciliado,Pagamento,CT-005,FN-003,Ref. NF-5789,Débito,0.00,,,,,,,,
TRX-02594,2025-03-03,2025-03-06,2025-03-07,30674.66,30674.66,Conciliado,Pagamento,CT-004,FN-002,Ref. NF-7523,Pix,0.00,,,,,,,,
TRX-02320,2024-06-15,2024-06-16,2024-06-17,8858.57,7982.06,Divergente,Recebimento,CT-002,FN-003,Ref. NF-6778,Débito,876.51,,348,,181 a 360 dias,,Muito Crítico,,6
TRX-01243,2024-01-11,2024-01-24,,44581.71,,Pendente,Pagamento,CT-004,FN-003,Ref. NF-3314,Débito,44581.71,493,,+360 dias,,Máximo,,7,
TRX-02345,2024-07-13,2024-07-22,2024-07-24,16351.42,16351.42,Conciliado,Recebimento,CT-001,FN-009,Ref. NF-6950,Pix,0.00,,,,,,,,
TRX-00458,2024-05-04,2024-05-16,2024-05-17,45280.79,45280.79,Conciliado,Pagamento,CT-003,FN-001,Ref. NF-2742,Pix,0.00,,,,,,,,
TRX-00961,2024-11-29,2024-12-05,,26621.84,,Pendente,Pagamento,CT-006,FN-008,Ref. NF-7577,Pix,26621.84,177,,121 a 180 dias,,Crítico,,5,
TRX-00544,2024-01-21,2024-01-29,,24902.93,,Pendente,Estorno,CT-008,FN-008,Ref. NF-4337,Boleto,24902.93,488,,+360 dias,,Máximo,,7,
TRX-02874,2025-04-30,2025-05-03,,28123.13,,Pendente,Estorno,CT-008,FN-005,Ref. NF-5983,Boleto,28123.13,28,,0 a 30 dias,,Normal,,1,
TRX-01666,2024-02-25,2024-03-08,2024-03-08,23369.86,23369.86,Conciliado,Estorno,CT-004,FN-003,Ref. NF-7350,Ted,0.00,,,,,,,,
TRX-02859,2024-01-12,2024-01-15,2024-01-17,7361.42,7361.42,Conciliado,Pagamento,CT-001,FN-007,Ref. NF-3020,Boleto,0.00,,,,,,,,
TRX-02243,2024-01-08,2024-01-11,2024-01-12,27066.21,27066.21,Conciliado,Pagamento,CT-003,FN-005,Ref. NF-2258,Pix,0.00,,,,,,,,
TRX-02002,2024-01-17,2024-01-29,2024-01-29,45761.79,45761.79,Conciliado,Estorno,CT-003,FN-003,Ref. NF-4527,Boleto,0.00,,,,,,,,
TRX-00359,2024-08-04,2024-08-15,2024-08-15,32598.62,32598.62,Conciliado,Estorno,CT-005,FN-005,Ref. NF-8460,Ted,0.00,,,,,,,,
TRX-00614,2024-04-01,2024-04-05,2024-04-07,1539.19,1539.19,Conciliado,Pagamento,CT-005,FN-002,Ref. NF-4934,Pix,0.00,,,,,,,,
TRX-01883,2024-05-28,2024-05-30,2024-06-04,16197.13,14250.85,Divergente,Pagamento,CT-008,FN-005,Ref. NF-7037,Pix,1946.28,,361,,+360 dias,,Máximo,,7
TRX-02175,2024-06-21,2024-06-26,2024-06-29,25619.80,25619.80,Conciliado,Pagamento,CT-001,FN-010,Ref. NF-3981,Pix,0.00,,,,,,,,
TRX-02202,2024-04-24,2024-05-09,,45831.58,,Pendente,Pagamento,CT-003,FN-010,Ref. NF-1307,Débito,45831.58,387,,+360 dias,,Máximo,,7,
TRX-00697,2024-09-20,2024-09-26,2024-09-27,8938.96,8938.96,Conciliado,Recebimento,CT-008,FN-007,Ref. NF-2931,Pix,0.00,,,,,,,,
TRX-00022,2024-01-05,2024-01-13,,13627.42,,Pendente,Pagamento,CT-004,FN-009,Ref. NF-3584,Pix,13627.42,504,,+360 dias,,Máximo,,7,
TRX-01646,2024-05-12,2024-05-25,2024-05-25,16342.84,16342.84,Conciliado,Recebimento,CT-007,FN-002,Ref. NF-8357,Pix,0.00,,,,,,,,
TRX-00174,2024-11-12,2024-11-23,2024-11-25,26844.52,26844.52,Conciliado,Recebimento,CT-001,FN-001,Ref. NF-9228,Débito,0.00,,,,,,,,
TRX-00368,2024-10-04,2024-10-16,2024-10-17,17709.40,17709.40,Conciliado,Pagamento,CT-003,FN-009,Ref. NF-5844,Débito,0.00,,,,,,,,
TRX-02941,2024-05-04,2024-05-15,2024-05-16,21969.19,21969.19,Conciliado,Pagamento,CT-001,FN-007,Ref. NF-9185,Pix,0.00,,,,,,,,
TRX-01071,2024-01-09,2024-01-11,2024-01-14,7516.77,7516.77,Conciliado,Pagamento,CT-008,FN-006,Ref. NF-6351,Pix,0.00,,,,,,,,
TRX-00837,2024-02-13,2024-02-17,2024-02-19,20032.76,20032.76,Conciliado,Pagamento,CT-006,FN-010,Ref. NF-1202,Débito,0.00,,,,,,,,
TRX-02178,2024-02-05,2024-02-16,2024-02-17,49423.62,49423.62,Conciliado,Pagamento,CT-008,FN-004,Ref. NF-7666,Pix,0.00,,,,,,,,
TRX-00459,2024-02-28,2024-03-07,2024-03-09,17198.48,17198.48,Conciliado,Pagamento,CT-004,FN-007,Ref. NF-9943,Ted,0.00,,,,,,,,
TRX-01881,2024-04-15,2024-04-30,,16534.31,,Pendente,Recebimento,CT-001,FN-002,Ref. NF-2900,Débito,16534.31,396,,+360 dias,,Máximo,,7,
TRX-02457,2025-01-31,2025-02-13,2025-02-13,25947.85,25947.85,Conciliado,Estorno,CT-004,FN-008,Ref. NF-1954,Débito,0.00,,,,,,,,
TRX-01968,2025-03-13,2025-03-27,2025-03-27,32363.01,32363.01,Conciliado,Pagamento,CT-003,FN-009,Ref. NF-3944,Débito,0.00,,,,,,,,
TRX-02326,2024-08-22,2024-08-29,2024-08-30,9524.92,9524.92,Conciliado,Pagamento,CT-002,FN-007,Ref. NF-2188,Débito,0.00,,,,,,,,
TRX-01946,2024-04-13,2024-04-24,2024-04-26,24086.27,24086.27,Conciliado,Pagamento,CT-007,FN-002,Ref. NF-7142,Ted,0.00,,,,,,,,
TRX-01999,2024-04-12,2024-04-16,2024-04-19,49885.53,49885.53,Conciliado,Pagamento,CT-007,FN-002,Ref. NF-3732,Débito,0.00,,,,,,,,
TRX-00987,2024-04-28,2024-05-09,2024-05-11,37274.13,37274.13,Conciliado,Pagamento,CT-002,FN-009,Ref. NF-1671,Débito,0.00,,,,,,,,
TRX-01383,2025-02-17,2025-02-25,2025-02-28,30898.87,30898.87,Conciliado,Pagamento,CT-002,FN-007,Ref. NF-7017,Débito,0.00,,,,,,,,
TRX-01875,2024-02-28,2024-03-06,2024-03-08,2177.42,2177.42,Conciliado,Estorno,CT-005,FN-010,Ref. NF-7869,Ted,0.00,,,,,,,,
TRX-00051,2024-06-29,2024-07-11,2024-07-12,11911.63,11911.63,Conciliado,Pagamento,CT-005,FN-005,Ref. NF-5530,Débito,0.00,,,,,,,,
TRX-01391,2024-06-12,2024-06-19,2024-06-19,7506.03,7506.03,Conciliado,Pagamento,CT-001,FN-010,Ref. NF-7542,Débito,0.00,,,,,,,,
TRX-00578,2024-08-13,2024-08-25,2024-08-25,25536.40,25536.40,Conciliado,Recebimento,CT-003,FN-003,Ref. NF-1534,Débito,0.00,,,,,,,,
TRX-01572,2024-09-11,2024-09-15,2024-09-18,4403.86,4403.86,Conciliado,Recebimento,CT-003,FN-008,Ref. NF-4964,Boleto,0.00,,,,,,,,
TRX-00937,2024-12-31,2025-01-05,2025-01-06,35797.40,35797.40,Conciliado,Pagamento,CT-005,FN-008,Ref. NF-7295,Ted,0.00,,,,,,,,
TRX-02444,2024-09-01,2024-09-08,2024-09-09,15141.72,15141.72,Conciliado,Estorno,CT-001,FN-007,Ref. NF-9837,Boleto,0.00,,,,,,,,
TRX-00328,2024-08-31,2024-09-15,2024-09-18,24370.93,24370.93,Conciliado,Estorno,CT-002,FN-002,Ref. NF-1711,Pix,0.00,,,,,,,,
TRX-00760,2024-07-30,2024-08-14,2024-08-17,25624.26,25624.26,Conciliado,Pagamento,CT-006,FN-004,Ref. NF-7792,Boleto,0.00,,,,,,,,
TRX-00885,2024-04-17,2024-04-20,2024-04-20,46512.58,46512.58,Conciliado,Pagamento,CT-004,FN-002,Ref. NF-1855,Pix,0.00,,,,,,,,
TRX-01775,2025-03-09,2025-03-21,2025-03-23,16839.84,16839.84,Conciliado,Estorno,CT-004,FN-007,Ref. NF-8536,Boleto,0.00,,,,,,,,
TRX-01113,2024-07-08,2024-07-13,2024-07-16,15523.10,15523.10,Conciliado,Pagamento,CT-008,FN-006,Ref. NF-3248,Boleto,0.00,,,,,,,,
TRX-00372,2024-01-26,2024-02-01,2024-02-04,46545.45,46545.45,Conciliado,Estorno,CT-002,FN-001,Ref. NF-7814,Ted,0.00,,,,,,,,
TRX-01147,2024-02-28,2024-03-01,2024-03-03,47805.59,47805.59,Conciliado,Pagamento,CT-006,FN-008,Ref. NF-3549,Débito,0.00,,,,,,,,
TRX-00369,2025-02-23,2025-02-28,2025-03-02,38907.94,38907.94,Conciliado,Pagamento,CT-008,FN-001,Ref. NF-2037,Débito,0.00,,,,,,,,
TRX-02171,2024-06-19,2024-07-04,2024-07-04,39084.34,39084.34,Conciliado,Pagamento,CT-006,FN-002,Ref. NF-8189,Débito,0.00,,,,,,,,
TRX-02840,2025-01-08,2025-01-19,2025-01-20,38708.10,38708.10,Conciliado,Pagamento,CT-006,FN-001,Ref. NF-1416,Débito,0.00,,,,,,,,
TRX-01970,2024-03-28,2024-04-06,2024-04-08,49259.74,49259.74,Conciliado,Estorno,CT-002,FN-003,Ref. NF-5965,Pix,0.00,,,,,,,,
TRX-00097,2025-01-27,2025-01-30,2025-01-31,882.63,882.63,Conciliado,Pagamento,CT-006,FN-002,Ref. NF-6802,Ted,0.00,,,,,,,,
TRX-02281,2024-06-01,2024-06-03,2024-06-06,16314.01,16314.01,Conciliado,Pagamento,CT-003,FN-010,Ref. NF-4204,Débito,0.00,,,,,,,,
TRX-00490,2025-03-03,2025-03-13,2025-03-18,23993.35,22934.19,Divergente,Pagamento,CT-004,FN-005,Ref. NF-5478,Pix,1059.16,,74,,61 a 90 dias,,Elevado,,3
TRX-02780,2024-03-20,2024-03-23,2024-03-25,31186.72,31186.72,Conciliado,Pagamento,CT-002,FN-001,Ref. NF-3503,Débito,0.00,,,,,,,,
TRX-02495,2024-12-14,2024-12-28,2025-01-02,2734.06,2380.32,Divergente,Recebimento,CT-003,FN-005,Ref. NF-9471,Débito,353.74,,149,,121 a 180 dias,,Crítico,,5
TRX-00255,2024-08-22,2024-09-06,2024-09-06,21014.90,21014.90,Conciliado,Estorno,CT-007,FN-002,Ref. NF-5687,Pix,0.00,,,,,,,,
TRX-02155,2024-08-10,2024-08-12,2024-08-15,7646.87,7646.87,Conciliado,Pagamento,CT-008,FN-007,Ref. NF-7816,Débito,0.00,,,,,,,,
TRX-02519,2025-04-10,2025-04-22,2025-04-25,24698.63,24698.63,Conciliado,Pagamento,CT-008,FN-003,Ref. NF-7965,Boleto,0.00,,,,,,,,
TRX-02398,2024-10-31,2024-11-10,2024-11-11,34477.73,34477.73,Conciliado,Recebimento,CT-007,FN-007,Ref. NF-9079,Ted,0.00,,,,,,,,
TRX-02699,2025-03-23,2025-04-01,2025-04-03,22002.32,22002.32,Conciliado,Recebimento,CT-005,FN-009,Ref. NF-4733,Pix,0.00,,,,,,,,
TRX-01059,2024-08-02,2024-08-03,,20271.20,,Pendente,Pagamento,CT-007,FN-003,Ref. NF-3474,Pix,20271.20,301,,181 a 360 dias,,Muito Crítico,,6,
TRX-02199,2025-02-27,2025-03-03,2025-03-04,17618.44,15414.27,Divergente,Pagamento,CT-007,FN-003,Ref. NF-8697,Boleto,2204.17,,88,,61 a 90 dias,,Elevado,,3
TRX-02273,2024-09-26,2024-10-08,2024-10-09,19528.12,19528.12,Conciliado,Pagamento,CT-002,FN-008,Ref. NF-7774,Boleto,0.00,,,,,,,,
TRX-00274,2024-10-28,2024-11-02,2024-11-04,47448.94,47448.94,Conciliado,Pagamento,CT-001,FN-005,Ref. NF-3192,Pix,0.00,,,,,,,,
TRX-02692,2024-07-03,2024-07-17,2024-07-18,13606.53,13606.53,Conciliado,Pagamento,CT-002,FN-005,Ref. NF-4279,Pix,0.00,,,,,,,,
TRX-00247,2024-06-22,2024-07-02,2024-07-03,30562.22,30562.22,Conciliado,Pagamento,CT-007,FN-003,Ref. NF-9849,Débito,0.00,,,,,,,,
TRX-00511,2025-01-26,2025-01-27,2025-01-28,16070.68,16070.68,Conciliado,Pagamento,CT-007,FN-008,Ref. NF-5965,Boleto,0.00,,,,,,,,
TRX-02076,2025-01-21,2025-01-29,2025-01-31,29623.85,29623.85,Conciliado,Pagamento,CT-001,FN-010,Ref. NF-7104,Ted,0.00,,,,,,,,
TRX-00501,2024-10-27,2024-11-11,2024-11-14,4993.58,4356.79,Divergente,Pagamento,CT-006,FN-001,Ref. NF-4962,Ted,636.79,,198,,181 a 360 dias,,Muito Crítico,,6
TRX-00291,2024-01-24,2024-02-08,2024-02-09,5794.59,5794.59,Conciliado,Recebimento,CT-003,FN-007,Ref. NF-6536,Pix,0.00,,,,,,,,
TRX-02729,2024-12-08,2024-12-20,2024-12-21,38927.57,38927.57,Conciliado,Recebimento,CT-004,FN-006,Ref. NF-5082,Pix,0.00,,,,,,,,
TRX-00285,2024-09-04,2024-09-19,2024-09-20,2775.63,2775.63,Conciliado,Pagamento,CT-007,FN-008,Ref. NF-6542,Débito,0.00,,,,,,,,
TRX-00650,2024-05-05,2024-05-12,2024-05-15,14624.97,14624.97,Conciliado,Estorno,CT-004,FN-005,Ref. NF-7524,Pix,0.00,,,,,,,,
TRX-02946,2024-05-08,2024-05-18,2024-05-19,11902.51,11902.51,Conciliado,Pagamento,CT-004,FN-009,Ref. NF-5208,Boleto,0.00,,,,,,,,
TRX-01306,2024-02-04,2024-02-10,2024-02-12,39057.77,39057.77,Conciliado,Pagamento,CT-002,FN-001,Ref. NF-4257,Pix,0.00,,,,,,,,
TRX-02876,2024-07-18,2024-07-28,2024-07-28,36722.85,36722.85,Conciliado,Pagamento,CT-006,FN-010,Ref. NF-1163,Pix,0.00,,,,,,,,
TRX-02944,2024-10-07,2024-10-08,2024-10-08,21790.51,21790.51,Conciliado,Pagamento,CT-007,FN-010,Ref. NF-3226,Pix,0.00,,,,,,,,
TRX-00281,2025-04-08,2025-04-13,2025-04-15,23481.73,23481.73,Conciliado,Recebimento,CT-005,FN-005,Ref. NF-7979,Ted,0.00,,,,,,,,
TRX-01121,2025-02-05,2025-02-07,2025-02-10,3464.05,3152.88,Divergente,Pagamento,CT-001,FN-010,Ref. NF-5370,Boleto,311.17,,110,,91 a 120 dias,,Alto,,4
TRX-01258,2024-05-01,2024-05-15,2024-05-16,25039.53,25039.53,Conciliado,Pagamento,CT-003,FN-008,Ref. NF-9932,Débito,0.00,,,,,,,,
TRX-01022,2024-11-14,2024-11-25,2024-11-26,47043.50,42726.05,Divergente,Recebimento,CT-005,FN-004,Ref. NF-4104,Ted,4317.45,,186,,181 a 360 dias,,Muito Crítico,,6
TRX-00571,2024-05-31,2024-06-07,2024-06-08,45506.93,45506.93,Conciliado,Estorno,CT-005,FN-006,Ref. NF-4360,Boleto,0.00,,,,,,,,
TRX-00115,2025-04-08,2025-04-10,2025-04-12,27665.81,27665.81,Conciliado,Pagamento,CT-004,FN-003,Ref. NF-4906,Pix,0.00,,,,,,,,
TRX-00956,2024-10-20,2024-10-29,,7453.14,,Pendente,Estorno,CT-005,FN-001,Ref. NF-6143,Ted,7453.14,214,,181 a 360 dias,,Muito Crítico,,6,
TRX-00385,2024-10-31,2024-11-11,2024-11-14,31002.94,31002.94,Conciliado,Pagamento,CT-003,FN-006,Ref. NF-4271,Pix,0.00,,,,,,,,
TRX-02999,2024-09-10,2024-09-22,2024-09-23,24802.95,24802.95,Conciliado,Recebimento,CT-007,FN-006,Ref. NF-6658,Pix,0.00,,,,,,,,
TRX-02709,2025-01-02,2025-01-12,2025-01-13,34118.96,34118.96,Conciliado,Pagamento,CT-008,FN-005,Ref. NF-7881,Pix,0.00,,,,,,,,
TRX-02916,2024-02-18,2024-03-01,2024-03-03,18141.76,18141.76,Conciliado,Pagamento,CT-004,FN-008,Ref. NF-9490,Ted,0.00,,,,,,,,
TRX-01885,2024-03-03,2024-03-16,2024-03-17,6389.03,6389.03,Conciliado,Pagamento,CT-004,FN-003,Ref. NF-6431,Ted,0.00,,,,,,,,
TRX-00439,2024-05-28,2024-05-31,2024-05-31,13391.94,13391.94,Conciliado,Estorno,CT-005,FN-010,Ref. NF-1447,Pix,0.00,,,,,,,,
TRX-02857,2024-04-13,2024-04-19,2024-04-20,19400.03,19400.03,Conciliado,Pagamento,CT-001,FN-003,Ref. NF-3216,Pix,0.00,,,,,,,,
TRX-01171,2025-01-26,2025-02-10,,49149.27,,Pendente,Pagamento,CT-002,FN-002,Ref. NF-2081,Ted,49149.27,110,,91 a 120 dias,,Alto,,4,
TRX-00655,2025-01-29,2025-02-13,2025-02-15,34974.54,32067.51,Divergente,Estorno,CT-008,FN-006,Ref. NF-1462,Boleto,2907.03,,105,,91 a 120 dias,,Alto,,4
TRX-00047,2024-12-28,2024-12-31,2025-01-02,40505.86,40505.86,Conciliado,Pagamento,CT-005,FN-010,Ref. NF-2419,Boleto,0.00,,,,,,,,
TRX-02470,2024-02-17,2024-03-03,2024-03-03,37509.84,37509.84,Conciliado,Estorno,CT-001,FN-007,Ref. NF-7122,Boleto,0.00,,,,,,,,
TRX-00613,2024-08-13,2024-08-17,,10292.34,,Pendente,Pagamento,CT-001,FN-004,Ref. NF-5029,Boleto,10292.34,287,,181 a 360 dias,,Muito Crítico,,6,
TRX-02895,2024-09-09,2024-09-18,,33612.59,,Pendente,Recebimento,CT-003,FN-001,Ref. NF-4517,Pix,33612.59,255,,181 a 360 dias,,Muito Crítico,,6,
TRX-02727,2024-07-01,2024-07-12,2024-07-12,49335.02,49335.02,Conciliado,Pagamento,CT-005,FN-004,Ref. NF-4291,Débito,0.00,,,,,,,,
TRX-00098,2024-02-06,2024-02-13,2024-02-16,46097.54,46097.54,Conciliado,Recebimento,CT-001,FN-008,Ref. NF-2887,Pix,0.00,,,,,,,,
TRX-00701,2024-07-05,2024-07-12,2024-07-14,49473.78,49473.78,Conciliado,Estorno,CT-005,FN-002,Ref. NF-4251,Pix,0.00,,,,,,,,
TRX-01843,2024-06-16,2024-06-19,2024-06-21,14080.22,14080.22,Conciliado,Pagamento,CT-007,FN-002,Ref. NF-7479,Ted,0.00,,,,,,,,
TRX-01722,2024-11-18,2024-11-23,2024-11-23,2038.85,2038.85,Conciliado,Recebimento,CT-001,FN-004,Ref. NF-9662,Pix,0.00,,,,,,,,
TRX-02830,2024-02-16,2024-02-19,2024-02-20,37267.93,37267.93,Conciliado,Recebimento,CT-005,FN-004,Ref. NF-2163,Ted,0.00,,,,,,,,
TRX-01460,2025-04-02,2025-04-11,2025-04-13,33477.92,33477.92,Conciliado,Pagamento,CT-002,FN-008,Ref. NF-7595,Débito,0.00,,,,,,,,
TRX-02363,2024-02-10,2024-02-19,2024-02-23,7405.74,6900.37,Divergente,Pagamento,CT-003,FN-006,Ref. NF-5464,Pix,505.37,,463,,+360 dias,,Máximo,,7
TRX-00657,2024-07-22,2024-08-03,2024-08-06,8708.27,8708.27,Conciliado,Estorno,CT-004,FN-007,Ref. NF-2456,Pix,0.00,,,,,,,,
TRX-00867,2024-10-01,2024-10-05,2024-10-05,30445.58,30445.58,Conciliado,Estorno,CT-006,FN-003,Ref. NF-6778,Pix,0.00,,,,,,,,
TRX-01033,2025-03-27,2025-03-30,2025-03-31,7627.20,7627.20,Conciliado,Pagamento,CT-007,FN-005,Ref. NF-6782,Boleto,0.00,,,,,,,,
TRX-00658,2024-02-25,2024-03-07,2024-03-10,46535.83,46535.83,Conciliado,Pagamento,CT-005,FN-004,Ref. NF-7845,Boleto,0.00,,,,,,,,
TRX-02261,2024-11-16,2024-11-23,2024-11-24,47883.62,47883.62,Conciliado,Pagamento,CT-007,FN-002,Ref. NF-5971,Boleto,0.00,,,,,,,,
TRX-01902,2025-01-23,2025-01-28,2025-01-30,30335.77,30335.77,Conciliado,Estorno,CT-001,FN-007,Ref. NF-9900,Pix,0.00,,,,,,,,
TRX-01226,2025-03-28,2025-04-09,2025-04-12,40394.43,40394.43,Conciliado,Recebimento,CT-004,FN-003,Ref. NF-9919,Pix,0.00,,,,,,,,
TRX-00942,2025-03-22,2025-03-24,2025-03-25,13175.57,13175.57,Conciliado,Recebimento,CT-004,FN-004,Ref. NF-3907,Pix,0.00,,,,,,,,
TRX-01876,2025-03-02,2025-03-10,,2756.73,,Pendente,Pagamento,CT-002,FN-005,Ref. NF-2017,Ted,2756.73,82,,61 a 90 dias,,Elevado,,3,
TRX-02422,2024-06-09,2024-06-21,,24427.97,,Pendente,Pagamento,CT-004,FN-004,Ref. NF-7641,Boleto,24427.97,344,,181 a 360 dias,,Muito Crítico,,6,
TRX-02496,2024-02-11,2024-02-20,2024-02-22,19451.88,19451.88,Conciliado,Pagamento,CT-001,FN-010,Ref. NF-8130,Pix,0.00,,,,,,,,
TRX-02753,2025-01-31,2025-02-14,2025-02-15,46746.44,46746.44,Conciliado,Pagamento,CT-005,FN-007,Ref. NF-9792,Boleto,0.00,,,,,,,,
TRX-02871,2024-06-26,2024-07-02,2024-07-05,41874.61,41874.61,Conciliado,Pagamento,CT-006,FN-006,Ref. NF-5940,Débito,0.00,,,,,,,,
TRX-01891,2025-03-15,2025-03-26,2025-03-27,49348.02,49348.02,Conciliado,Pagamento,CT-004,FN-001,Ref. NF-9387,Ted,0.00,,,,,,,,
TRX-02148,2024-07-18,2024-07-25,2024-07-26,47867.25,47867.25,Conciliado,Pagamento,CT-003,FN-003,Ref. NF-7186,Pix,0.00,,,,,,,,
TRX-02021,2024-06-25,2024-07-01,2024-07-01,21675.41,21675.41,Conciliado,Pagamento,CT-003,FN-008,Ref. NF-9199,Boleto,0.00,,,,,,,,
TRX-00441,2024-12-03,2024-12-11,,24503.47,,Pendente,Pagamento,CT-005,FN-004,Ref. NF-3376,Boleto,24503.47,171,,121 a 180 dias,,Crítico,,5,
TRX-02157,2024-01-23,2024-01-27,2024-01-27,39894.34,39894.34,Conciliado,Recebimento,CT-005,FN-006,Ref. NF-1606,Pix,0.00,,,,,,,,
TRX-02802,2024-07-24,2024-08-01,,49367.20,,Pendente,Pagamento,CT-002,FN-007,Ref. NF-3223,Débito,49367.20,303,,181 a 360 dias,,Muito Crítico,,6,
TRX-02509,2024-01-08,2024-01-13,,36725.87,,Pendente,Pagamento,CT-002,FN-005,Ref. NF-7493,Débito,36725.87,504,,+360 dias,,Máximo,,7,
TRX-01207,2024-04-10,2024-04-17,2024-04-18,43798.87,43798.87,Conciliado,Recebimento,CT-008,FN-002,Ref. NF-2854,Ted,0.00,,,,,,,,
TRX-02914,2024-05-01,2024-05-12,2024-05-13,19214.53,19214.53,Conciliado,Pagamento,CT-007,FN-001,Ref. NF-3866,Pix,0.00,,,,,,,,
TRX-02517,2025-01-22,2025-02-03,2025-02-06,12994.80,12994.80,Conciliado,Pagamento,CT-004,FN-007,Ref. NF-6921,Pix,0.00,,,,,,,,
TRX-00198,2024-12-21,2024-12-24,2024-12-25,7324.43,7324.43,Conciliado,Recebimento,CT-007,FN-010,Ref. NF-3298,Débito,0.00,,,,,,,,
TRX-01161,2024-12-03,2024-12-10,2024-12-11,37391.42,37391.42,Conciliado,Recebimento,CT-003,FN-006,Ref. NF-5105,Boleto,0.00,,,,,,,,
TRX-02139,2024-12-31,2025-01-06,2025-01-06,46972.09,46972.09,Conciliado,Pagamento,CT-004,FN-008,Ref. NF-7361,Boleto,0.00,,,,,,,,
TRX-02696,2024-01-29,2024-02-10,2024-02-13,26134.64,22381.18,Divergente,Pagamento,CT-003,FN-009,Ref. NF-2442,Ted,3753.46,,473,,+360 dias,,Máximo,,7
TRX-02781,2024-03-26,2024-04-05,2024-04-08,28604.41,28604.41,Conciliado,Pagamento,CT-002,FN-005,Ref. NF-6380,Boleto,0.00,,,,,,,,
TRX-00444,2025-03-21,2025-03-28,2025-03-28,34085.42,34085.42,Conciliado,Pagamento,CT-008,FN-007,Ref. NF-8074,Pix,0.00,,,,,,,,
TRX-00435,2024-11-15,2024-11-18,2024-11-18,41093.54,41093.54,Conciliado,Estorno,CT-007,FN-009,Ref. NF-4878,Débito,0.00,,,,,,,,
TRX-00343,2025-01-26,2025-02-09,2025-02-13,31223.04,27338.96,Divergente,Pagamento,CT-008,FN-006,Ref. NF-7518,Débito,3884.08,,107,,91 a 120 dias,,Alto,,4
TRX-02323,2024-10-22,2024-11-03,2024-11-06,1946.97,1946.97,Conciliado,Pagamento,CT-007,FN-001,Ref. NF-3328,Pix,0.00,,,,,,,,
TRX-01716,2024-01-16,2024-01-20,2024-01-21,47903.24,42610.83,Divergente,Pagamento,CT-002,FN-004,Ref. NF-7857,Débito,5292.41,,496,,+360 dias,,Máximo,,7
TRX-01472,2024-11-14,2024-11-22,2024-11-24,42112.67,36475.48,Divergente,Recebimento,CT-006,FN-004,Ref. NF-6387,Débito,5637.19,,188,,181 a 360 dias,,Muito Crítico,,6
TRX-01353,2024-07-13,2024-07-21,,32975.17,,Pendente,Pagamento,CT-001,FN-010,Ref. NF-5099,Pix,32975.17,314,,181 a 360 dias,,Muito Crítico,,6,
TRX-00327,2025-01-05,2025-01-16,2025-01-19,19221.46,19221.46,Conciliado,Recebimento,CT-002,FN-004,Ref. NF-3906,Boleto,0.00,,,,,,,,
TRX-00401,2025-01-31,2025-02-14,2025-02-17,15073.78,15073.78,Conciliado,Recebimento,CT-003,FN-007,Ref. NF-9202,Ted,0.00,,,,,,,,
TRX-01430,2024-09-11,2024-09-17,2024-09-17,36033.69,36033.69,Conciliado,Pagamento,CT-004,FN-006,Ref. NF-7670,Pix,0.00,,,,,,,,
TRX-00893,2025-03-12,2025-03-16,2025-03-20,45333.38,41175.99,Divergente,Pagamento,CT-006,FN-003,Ref. NF-4161,Pix,4157.39,,72,,61 a 90 dias,,Elevado,,3
TRX-02619,2024-11-06,2024-11-10,2024-11-13,15691.30,15691.30,Conciliado,Estorno,CT-006,FN-009,Ref. NF-3369,Boleto,0.00,,,,,,,,
TRX-02366,2024-04-16,2024-04-30,,6775.41,,Pendente,Recebimento,CT-007,FN-005,Ref. NF-3231,Boleto,6775.41,396,,+360 dias,,Máximo,,7,
TRX-01051,2024-11-09,2024-11-11,2024-11-12,9685.95,9685.95,Conciliado,Pagamento,CT-004,FN-002,Ref. NF-7338,Pix,0.00,,,,,,,,
TRX-01473,2024-06-07,2024-06-11,2024-06-11,12042.16,12042.16,Conciliado,Estorno,CT-006,FN-003,Ref. NF-6719,Pix,0.00,,,,,,,,
TRX-00347,2025-02-20,2025-02-22,2025-02-22,10205.13,10205.13,Conciliado,Pagamento,CT-007,FN-007,Ref. NF-9470,Ted,0.00,,,,,,,,
TRX-01500,2025-04-18,2025-04-23,2025-04-26,11755.81,11755.81,Conciliado,Recebimento,CT-006,FN-009,Ref. NF-2050,Pix,0.00,,,,,,,,
TRX-00643,2025-02-09,2025-02-24,2025-02-25,16555.54,16555.54,Conciliado,Pagamento,CT-002,FN-010,Ref. NF-6209,Pix,0.00,,,,,,,,
TRX-00101,2024-04-30,2024-05-02,2024-05-05,30318.75,30318.75,Conciliado,Pagamento,CT-004,FN-003,Ref. NF-8354,Pix,0.00,,,,,,,,
TRX-02908,2024-05-06,2024-05-15,2024-05-17,19764.85,19128.74,Divergente,Recebimento,CT-007,FN-008,Ref. NF-2163,Débito,636.11,,379,,+360 dias,,Máximo,,7
TRX-02637,2025-01-13,2025-01-16,2025-01-16,31838.85,31838.85,Conciliado,Pagamento,CT-003,FN-005,Ref. NF-5146,Pix,0.00,,,,,,,,
TRX-00531,2025-02-08,2025-02-09,2025-02-09,36978.63,36978.63,Conciliado,Pagamento,CT-008,FN-008,Ref. NF-9295,Ted,0.00,,,,,,,,
TRX-01200,2025-02-16,2025-02-21,2025-02-21,34605.34,34605.34,Conciliado,Pagamento,CT-001,FN-008,Ref. NF-4544,Débito,0.00,,,,,,,,
TRX-00057,2024-01-17,2024-01-21,,34525.55,,Pendente,Pagamento,CT-008,FN-002,Ref. NF-4241,Ted,34525.55,496,,+360 dias,,Máximo,,7,
TRX-01125,2024-08-14,2024-08-17,,27292.60,,Pendente,Estorno,CT-007,FN-001,Ref. NF-9584,Boleto,27292.60,287,,181 a 360 dias,,Muito Crítico,,6,
TRX-01111,2024-07-19,2024-07-27,2024-07-28,47494.70,47494.70,Conciliado,Pagamento,CT-008,FN-010,Ref. NF-9145,Ted,0.00,,,,,,,,
TRX-00076,2024-06-07,2024-06-20,2024-06-21,4961.60,4961.60,Conciliado,Pagamento,CT-006,FN-003,Ref. NF-6994,Débito,0.00,,,,,,,,
TRX-01918,2024-04-10,2024-04-21,2024-04-23,21681.46,21681.46,Conciliado,Pagamento,CT-008,FN-008,Ref. NF-7849,Pix,0.00,,,,,,,,
TRX-01233,2025-04-27,2025-05-01,2025-05-03,22838.95,22838.95,Conciliado,Pagamento,CT-002,FN-004,Ref. NF-5816,Débito,0.00,,,,,,,,
TRX-01979,2024-06-17,2024-06-25,2024-06-28,3963.57,3963.57,Conciliado,Estorno,CT-004,FN-010,Ref. NF-9730,Débito,0.00,,,,,,,,
TRX-01631,2024-03-13,2024-03-15,2024-03-18,10530.47,10530.47,Conciliado,Recebimento,CT-001,FN-001,Ref. NF-1810,Débito,0.00,,,,,,,,
TRX-02222,2024-08-22,2024-08-29,2024-08-31,8115.22,8115.22,Conciliado,Pagamento,CT-001,FN-005,Ref. NF-8297,Pix,0.00,,,,,,,,
TRX-02081,2024-09-18,2024-09-29,2024-10-02,14392.87,14392.87,Conciliado,Estorno,CT-008,FN-001,Ref. NF-1259,Boleto,0.00,,,,,,,,
TRX-00301,2025-02-01,2025-02-13,2025-02-17,49180.94,42083.58,Divergente,Pagamento,CT-008,FN-003,Ref. NF-3636,Ted,7097.36,,103,,91 a 120 dias,,Alto,,4
TRX-00436,2024-12-30,2025-01-08,2025-01-11,48922.56,48922.56,Conciliado,Recebimento,CT-006,FN-001,Ref. NF-9624,Ted,0.00,,,,,,,,
TRX-02953,2024-10-05,2024-10-06,,32150.68,,Pendente,Recebimento,CT-004,FN-009,Ref. NF-5620,Ted,32150.68,237,,181 a 360 dias,,Muito Crítico,,6,
TRX-01304,2024-09-14,2024-09-23,2024-09-26,33533.72,33533.72,Conciliado,Pagamento,CT-004,FN-006,Ref. NF-1662,Débito,0.00,,,,,,,,
TRX-01576,2024-07-28,2024-07-29,2024-08-01,26301.38,26301.38,Conciliado,Pagamento,CT-005,FN-003,Ref. NF-8566,Boleto,0.00,,,,,,,,
TRX-02446,2024-09-24,2024-10-03,2024-10-08,36428.47,31158.08,Divergente,Estorno,CT-004,FN-005,Ref. NF-8679,Boleto,5270.39,,235,,181 a 360 dias,,Muito Crítico,,6
TRX-01422,2024-01-01,2024-01-16,2024-01-17,42171.76,42171.76,Conciliado,Pagamento,CT-002,FN-006,Ref. NF-3756,Débito,0.00,,,,,,,,
TRX-01064,2024-01-10,2024-01-18,2024-01-22,47256.55,45373.51,Divergente,Recebimento,CT-004,FN-004,Ref. NF-6424,Boleto,1883.04,,495,,+360 dias,,Máximo,,7
TRX-01058,2024-04-26,2024-05-06,2024-05-10,23514.77,22847.32,Divergente,Pagamento,CT-006,FN-007,Ref. NF-7317,Pix,667.45,,386,,+360 dias,,Máximo,,7
TRX-00282,2025-01-13,2025-01-15,2025-01-17,33336.07,33336.07,Conciliado,Pagamento,CT-001,FN-003,Ref. NF-6615,Pix,0.00,,,,,,,,
TRX-01348,2024-10-31,2024-11-09,2024-11-12,23355.39,23355.39,Conciliado,Pagamento,CT-001,FN-007,Ref. NF-2713,Débito,0.00,,,,,,,,
TRX-00447,2024-04-08,2024-04-09,,46956.02,,Pendente,Estorno,CT-002,FN-001,Ref. NF-2965,Pix,46956.02,417,,+360 dias,,Máximo,,7,
TRX-00406,2025-02-17,2025-02-18,2025-02-18,33143.80,33143.80,Conciliado,Pagamento,CT-004,FN-010,Ref. NF-4401,Débito,0.00,,,,,,,,
TRX-02353,2024-02-23,2024-03-02,2024-03-04,4489.90,4489.90,Conciliado,Pagamento,CT-008,FN-003,Ref. NF-6638,Débito,0.00,,,,,,,,
TRX-00299,2025-01-15,2025-01-26,2025-01-26,39323.21,39323.21,Conciliado,Recebimento,CT-004,FN-009,Ref. NF-6122,Débito,0.00,,,,,,,,
TRX-01449,2024-02-10,2024-02-16,2024-02-18,14402.14,14402.14,Conciliado,Recebimento,CT-002,FN-009,Ref. NF-9281,Débito,0.00,,,,,,,,
TRX-02079,2024-02-05,2024-02-06,2024-02-09,4350.93,4350.93,Conciliado,Pagamento,CT-006,FN-007,Ref. NF-2421,Ted,0.00,,,,,,,,
TRX-00260,2025-03-04,2025-03-05,2025-03-08,45942.54,45942.54,Conciliado,Pagamento,CT-008,FN-001,Ref. NF-1500,Ted,0.00,,,,,,,,
TRX-02098,2024-01-12,2024-01-19,2024-01-20,5117.53,5117.53,Conciliado,Recebimento,CT-007,FN-010,Ref. NF-3023,Pix,0.00,,,,,,,,
TRX-01742,2024-03-05,2024-03-20,2024-03-22,26930.43,26930.43,Conciliado,Pagamento,CT-006,FN-007,Ref. NF-8349,Débito,0.00,,,,,,,,
TRX-01274,2025-01-21,2025-01-28,2025-01-29,28675.08,28675.08,Conciliado,Estorno,CT-006,FN-008,Ref. NF-7136,Boleto,0.00,,,,,,,,
TRX-01738,2024-05-28,2024-06-02,2024-06-04,42083.75,40796.28,Divergente,Recebimento,CT-007,FN-003,Ref. NF-2158,Pix,1287.47,,361,,+360 dias,,Máximo,,7
TRX-01461,2024-09-01,2024-09-05,2024-09-07,7684.86,7556.67,Divergente,Recebimento,CT-005,FN-003,Ref. NF-2738,Boleto,128.19,,266,,181 a 360 dias,,Muito Crítico,,6
TRX-01522,2024-02-26,2024-03-09,2024-03-10,43821.58,43821.58,Conciliado,Pagamento,CT-001,FN-004,Ref. NF-6698,Débito,0.00,,,,,,,,
TRX-02821,2024-05-07,2024-05-13,2024-05-16,46984.29,46984.29,Conciliado,Pagamento,CT-005,FN-001,Ref. NF-1968,Ted,0.00,,,,,,,,
TRX-01678,2024-07-09,2024-07-13,,23935.90,,Pendente,Pagamento,CT-007,FN-005,Ref. NF-5126,Boleto,23935.90,322,,181 a 360 dias,,Muito Crítico,,6,
TRX-02086,2024-01-02,2024-01-06,2024-01-07,5604.02,5604.02,Conciliado,Estorno,CT-005,FN-005,Ref. NF-9266,Boleto,0.00,,,,,,,,
TRX-02417,2025-01-14,2025-01-27,2025-01-27,23995.21,23995.21,Conciliado,Pagamento,CT-007,FN-003,Ref. NF-2095,Débito,0.00,,,,,,,,
TRX-01837,2024-07-26,2024-08-05,,11782.37,,Pendente,Pagamento,CT-005,FN-002,Ref. NF-1959,Débito,11782.37,299,,181 a 360 dias,,Muito Crítico,,6,
TRX-02275,2024-01-08,2024-01-22,2024-01-23,33488.05,33488.05,Conciliado,Pagamento,CT-004,FN-010,Ref. NF-9743,Ted,0.00,,,,,,,,
TRX-00934,2024-08-07,2024-08-20,,38018.05,,Pendente,Pagamento,CT-003,FN-005,Ref. NF-7764,Pix,38018.05,284,,181 a 360 dias,,Muito Crítico,,6,
TRX-01892,2024-08-15,2024-08-28,2024-08-31,20754.31,20754.31,Conciliado,Pagamento,CT-001,FN-007,Ref. NF-8728,Pix,0.00,,,,,,,,
TRX-00879,2024-11-16,2024-11-29,2024-12-01,21198.29,21198.29,Conciliado,Recebimento,CT-003,FN-009,Ref. NF-7088,Débito,0.00,,,,,,,,
TRX-00153,2025-02-27,2025-03-06,2025-03-07,33628.16,33628.16,Conciliado,Pagamento,CT-002,FN-007,Ref. NF-8319,Débito,0.00,,,,,,,,
TRX-02458,2025-02-06,2025-02-20,2025-02-25,5288.01,4574.35,Divergente,Estorno,CT-004,FN-008,Ref. NF-5045,Pix,713.66,,95,,91 a 120 dias,,Alto,,4
TRX-00567,2024-12-28,2025-01-05,2025-01-08,32531.10,32531.10,Conciliado,Recebimento,CT-002,FN-003,Ref. NF-1107,Débito,0.00,,,,,,,,
TRX-01575,2024-12-13,2024-12-23,,24564.87,,Pendente,Pagamento,CT-004,FN-008,Ref. NF-7196,Pix,24564.87,159,,121 a 180 dias,,Crítico,,5,
TRX-01649,2024-08-27,2024-08-30,2024-09-02,5536.41,5536.41,Conciliado,Pagamento,CT-002,FN-008,Ref. NF-5318,Pix,0.00,,,,,,,,
TRX-00059,2024-12-24,2024-12-31,2025-01-02,4481.87,4481.87,Conciliado,Estorno,CT-008,FN-008,Ref. NF-1339,Ted,0.00,,,,,,,,
TRX-02790,2024-04-26,2024-05-08,2024-05-11,1869.14,1869.14,Conciliado,Pagamento,CT-004,FN-009,Ref. NF-3215,Ted,0.00,,,,,,,,
TRX-02412,2024-09-24,2024-10-01,2024-10-02,32755.84,32755.84,Conciliado,Pagamento,CT-003,FN-002,Ref. NF-9766,Débito,0.00,,,,,,,,
TRX-00800,2025-02-26,2025-03-08,,751.97,,Pendente,Pagamento,CT-008,FN-005,Ref. NF-6737,Pix,751.97,84,,61 a 90 dias,,Elevado,,3,
TRX-01769,2024-11-01,2024-11-14,2024-11-14,31018.29,31018.29,Conciliado,Pagamento,CT-002,FN-008,Ref. NF-2680,Boleto,0.00,,,,,,,,
TRX-02931,2025-02-25,2025-03-11,2025-03-13,29042.68,29042.68,Conciliado,Pagamento,CT-004,FN-001,Ref. NF-4497,Débito,0.00,,,,,,,,
TRX-02205,2025-04-17,2025-04-18,2025-04-19,29973.92,28326.19,Divergente,Recebimento,CT-004,FN-001,Ref. NF-2862,Ted,1647.73,,42,,31 a 60 dias,,Atenção,,2
TRX-00997,2024-06-21,2024-07-04,2024-07-06,16476.61,16476.61,Conciliado,Pagamento,CT-003,FN-003,Ref. NF-7520,Débito,0.00,,,,,,,,
TRX-01194,2025-01-17,2025-01-24,2025-01-25,44989.40,44989.40,Conciliado,Pagamento,CT-002,FN-004,Ref. NF-1055,Pix,0.00,,,,,,,,
TRX-01078,2025-01-21,2025-01-31,2025-01-31,44947.44,44947.44,Conciliado,Pagamento,CT-004,FN-006,Ref. NF-9385,Ted,0.00,,,,,,,,
TRX-01302,2024-03-11,2024-03-21,2024-03-22,7887.36,7887.36,Conciliado,Estorno,CT-004,FN-003,Ref. NF-1889,Débito,0.00,,,,,,,,
TRX-00794,2025-03-03,2025-03-07,,38875.20,,Pendente,Estorno,CT-003,FN-003,Ref. NF-6747,Débito,38875.20,85,,61 a 90 dias,,Elevado,,3,
TRX-01080,2025-03-29,2025-04-08,,32567.59,,Pendente,Pagamento,CT-008,FN-001,Ref. NF-1390,Ted,32567.59,53,,31 a 60 dias,,Atenção,,2,
TRX-00888,2024-12-16,2024-12-18,2024-12-20,1752.13,1752.13,Conciliado,Recebimento,CT-006,FN-003,Ref. NF-4129,Débito,0.00,,,,,,,,
TRX-02865,2024-07-11,2024-07-19,2024-07-22,24938.67,24938.67,Conciliado,Pagamento,CT-006,FN-005,Ref. NF-6679,Débito,0.00,,,,,,,,
TRX-02114,2024-09-05,2024-09-20,,47479.96,,Pendente,Recebimento,CT-001,FN-010,Ref. NF-5404,Boleto,47479.96,253,,181 a 360 dias,,Muito Crítico,,6,
TRX-00032,2024-12-07,2024-12-14,2024-12-19,6800.75,6322.49,Divergente,Recebimento,CT-005,FN-009,Ref. NF-5978,Boleto,478.26,,163,,121 a 180 dias,,Crítico,,5
TRX-00013,2025-03-22,2025-04-01,2025-04-04,20250.12,20250.12,Conciliado,Pagamento,CT-004,FN-005,Ref. NF-6539,Boleto,0.00,,,,,,,,
TRX-00266,2024-04-06,2024-04-09,2024-04-12,20502.87,20502.87,Conciliado,Pagamento,CT-001,FN-010,Ref. NF-7857,Débito,0.00,,,,,,,,
TRX-02059,2024-05-20,2024-05-23,2024-05-26,46760.79,46760.79,Conciliado,Estorno,CT-008,FN-004,Ref. NF-8104,Débito,0.00,,,,,,,,
TRX-00859,2024-06-16,2024-06-19,2024-06-21,31715.89,31715.89,Conciliado,Pagamento,CT-005,FN-008,Ref. NF-2645,Débito,0.00,,,,,,,,
TRX-02934,2024-05-24,2024-06-03,2024-06-03,13079.29,13079.29,Conciliado,Pagamento,CT-007,FN-004,Ref. NF-2604,Pix,0.00,,,,,,,,
TRX-02293,2025-03-04,2025-03-13,2025-03-13,10713.89,10713.89,Conciliado,Pagamento,CT-001,FN-004,Ref. NF-8141,Débito,0.00,,,,,,,,
TRX-01925,2025-04-03,2025-04-07,,5368.91,,Pendente,Pagamento,CT-001,FN-002,Ref. NF-3681,Débito,5368.91,54,,31 a 60 dias,,Atenção,,2,
TRX-01633,2025-01-17,2025-01-19,2025-01-20,39143.38,39143.38,Conciliado,Estorno,CT-007,FN-001,Ref. NF-1834,Débito,0.00,,,,,,,,
TRX-02246,2025-01-10,2025-01-16,2025-01-18,36450.91,36450.91,Conciliado,Estorno,CT-003,FN-005,Ref. NF-5289,Boleto,0.00,,,,,,,,
TRX-02474,2024-02-08,2024-02-21,,48105.16,,Pendente,Pagamento,CT-006,FN-003,Ref. NF-1854,Ted,48105.16,465,,+360 dias,,Máximo,,7,
TRX-02346,2024-09-23,2024-09-28,2024-09-30,14007.07,14007.07,Conciliado,Estorno,CT-002,FN-005,Ref. NF-1739,Boleto,0.00,,,,,,,,
TRX-00990,2024-08-02,2024-08-13,2024-08-14,5505.98,5505.98,Conciliado,Pagamento,CT-002,FN-001,Ref. NF-2703,Ted,0.00,,,,,,,,
TRX-00466,2024-03-31,2024-04-03,2024-04-06,44806.42,44806.42,Conciliado,Recebimento,CT-002,FN-002,Ref. NF-6336,Pix,0.00,,,,,,,,
TRX-01443,2024-08-11,2024-08-17,2024-08-20,46594.07,46594.07,Conciliado,Pagamento,CT-007,FN-007,Ref. NF-2295,Débito,0.00,,,,,,,,
TRX-02760,2024-01-26,2024-02-03,2024-02-08,11011.73,10346.08,Divergente,Pagamento,CT-001,FN-010,Ref. NF-8628,Ted,665.65,,478,,+360 dias,,Máximo,,7
TRX-02900,2025-01-21,2025-01-27,2025-01-28,6663.34,6663.34,Conciliado,Estorno,CT-007,FN-009,Ref. NF-7920,Débito,0.00,,,,,,,,
TRX-02216,2024-06-16,2024-06-18,,47386.89,,Pendente,Recebimento,CT-002,FN-006,Ref. NF-5370,Pix,47386.89,347,,181 a 360 dias,,Muito Crítico,,6,
TRX-02049,2024-06-07,2024-06-15,,23639.18,,Pendente,Pagamento,CT-002,FN-004,Ref. NF-6321,Boleto,23639.18,350,,181 a 360 dias,,Muito Crítico,,6,
TRX-02249,2024-08-20,2024-08-22,2024-08-25,11027.67,11027.67,Conciliado,Estorno,CT-008,FN-009,Ref. NF-3498,Ted,0.00,,,,,,,,
TRX-01184,2024-02-11,2024-02-17,2024-02-18,23780.63,23780.63,Conciliado,Pagamento,CT-002,FN-001,Ref. NF-9568,Pix,0.00,,,,,,,,
TRX-01505,2024-12-21,2024-12-27,2024-12-30,24952.59,24952.59,Conciliado,Estorno,CT-006,FN-002,Ref. NF-8444,Pix,0.00,,,,,,,,
TRX-02119,2024-11-02,2024-11-09,2024-11-09,47792.96,47792.96,Conciliado,Pagamento,CT-001,FN-010,Ref. NF-4140,Ted,0.00,,,,,,,,
TRX-02864,2024-06-01,2024-06-08,2024-06-09,41320.99,41320.99,Conciliado,Pagamento,CT-003,FN-004,Ref. NF-9623,Ted,0.00,,,,,,,,
TRX-02041,2025-01-05,2025-01-18,2025-01-19,5143.89,5143.89,Conciliado,Pagamento,CT-006,FN-004,Ref. NF-8705,Débito,0.00,,,,,,,,
TRX-00283,2024-04-03,2024-04-05,2024-04-06,41867.56,41867.56,Conciliado,Recebimento,CT-008,FN-005,Ref. NF-1960,Boleto,0.00,,,,,,,,
TRX-00129,2025-02-15,2025-02-24,2025-02-27,15809.89,15809.89,Conciliado,Estorno,CT-002,FN-002,Ref. NF-2208,Pix,0.00,,,,,,,,
TRX-00972,2025-04-12,2025-04-19,2025-04-20,36264.87,36264.87,Conciliado,Estorno,CT-007,FN-010,Ref. NF-2841,Pix,0.00,,,,,,,,
TRX-00923,2024-05-10,2024-05-17,2024-05-19,28285.62,28285.62,Conciliado,Estorno,CT-002,FN-008,Ref. NF-8397,Pix,0.00,,,,,,,,
TRX-01567,2025-01-12,2025-01-25,2025-01-28,29066.06,29066.06,Conciliado,Pagamento,CT-008,FN-008,Ref. NF-7122,Pix,0.00,,,,,,,,
TRX-02036,2024-08-03,2024-08-18,2024-08-18,30889.05,30889.05,Conciliado,Pagamento,CT-002,FN-008,Ref. NF-1922,Pix,0.00,,,,,,,,
TRX-00898,2024-03-31,2024-04-05,2024-04-08,24749.34,24749.34,Conciliado,Recebimento,CT-005,FN-002,Ref. NF-3793,Ted,0.00,,,,,,,,
TRX-00933,2024-12-31,2025-01-01,2025-01-03,40677.29,40677.29,Conciliado,Recebimento,CT-001,FN-005,Ref. NF-8209,Débito,0.00,,,,,,,,
TRX-02819,2024-07-24,2024-08-04,2024-08-05,14666.00,14666.00,Conciliado,Pagamento,CT-005,FN-007,Ref. NF-7437,Boleto,0.00,,,,,,,,
TRX-01182,2024-06-01,2024-06-16,2024-06-17,37738.95,35554.08,Divergente,Pagamento,CT-002,FN-007,Ref. NF-2126,Débito,2184.87,,348,,181 a 360 dias,,Muito Crítico,,6
TRX-00397,2024-12-30,2025-01-10,2025-01-10,23955.42,23955.42,Conciliado,Pagamento,CT-007,FN-008,Ref. NF-4646,Boleto,0.00,,,,,,,,
TRX-02817,2024-11-12,2024-11-27,2024-11-29,13754.76,13754.76,Conciliado,Estorno,CT-003,FN-009,Ref. NF-8513,Boleto,0.00,,,,,,,,
TRX-02283,2024-12-15,2024-12-17,2024-12-20,49388.13,49388.13,Conciliado,Pagamento,CT-008,FN-004,Ref. NF-8586,Pix,0.00,,,,,,,,
TRX-02206,2025-01-20,2025-01-28,2025-02-01,45616.41,42424.21,Divergente,Pagamento,CT-007,FN-005,Ref. NF-2077,Pix,3192.20,,119,,91 a 120 dias,,Alto,,4
TRX-02198,2024-05-24,2024-06-03,2024-06-05,41609.25,41609.25,Conciliado,Pagamento,CT-008,FN-006,Ref. NF-8663,Pix,0.00,,,,,,,,
TRX-01533,2024-12-09,2024-12-16,2024-12-19,29176.91,29176.91,Conciliado,Recebimento,CT-005,FN-003,Ref. NF-7931,Pix,0.00,,,,,,,,
TRX-01730,2024-06-30,2024-07-04,2024-07-04,40850.05,40850.05,Conciliado,Pagamento,CT-002,FN-009,Ref. NF-5456,Boleto,0.00,,,,,,,,
TRX-01840,2024-07-31,2024-08-07,2024-08-07,37439.62,37439.62,Conciliado,Recebimento,CT-002,FN-010,Ref. NF-7457,Débito,0.00,,,,,,,,
TRX-01234,2024-03-07,2024-03-16,2024-03-19,31708.66,31708.66,Conciliado,Recebimento,CT-001,FN-006,Ref. NF-1759,Débito,0.00,,,,,,,,
TRX-00666,2024-06-27,2024-07-04,,30555.10,,Pendente,Pagamento,CT-007,FN-005,Ref. NF-9267,Débito,30555.10,331,,181 a 360 dias,,Muito Crítico,,6,
TRX-02918,2025-02-23,2025-02-25,2025-02-28,39473.65,39473.65,Conciliado,Recebimento,CT-008,FN-004,Ref. NF-9100,Boleto,0.00,,,,,,,,
TRX-01435,2024-08-23,2024-09-05,2024-09-07,46528.15,46528.15,Conciliado,Recebimento,CT-004,FN-007,Ref. NF-5701,Pix,0.00,,,,,,,,
TRX-00008,2024-03-14,2024-03-19,2024-03-22,21707.47,21707.47,Conciliado,Pagamento,CT-005,FN-010,Ref. NF-2796,Pix,0.00,,,,,,,,
TRX-01662,2024-04-04,2024-04-15,,3497.23,,Pendente,Pagamento,CT-008,FN-002,Ref. NF-1316,Boleto,3497.23,411,,+360 dias,,Máximo,,7,
TRX-02625,2024-08-08,2024-08-14,2024-08-16,18989.32,18989.32,Conciliado,Pagamento,CT-005,FN-008,Ref. NF-9109,Pix,0.00,,,,,,,,
TRX-02691,2024-11-22,2024-11-24,2024-11-27,1874.51,1874.51,Conciliado,Estorno,CT-001,FN-003,Ref. NF-1541,Pix,0.00,,,,,,,,
TRX-01752,2024-05-21,2024-05-22,2024-05-25,4531.03,4531.03,Conciliado,Estorno,CT-003,FN-003,Ref. NF-1653,Ted,0.00,,,,,,,,
TRX-00966,2024-09-16,2024-10-01,2024-10-03,6457.74,6457.74,Conciliado,Pagamento,CT-003,FN-004,Ref. NF-2487,Débito,0.00,,,,,,,,
TRX-00488,2025-04-28,2025-04-29,2025-05-01,18796.68,18796.68,Conciliado,Recebimento,CT-003,FN-007,Ref. NF-2435,Boleto,0.00,,,,,,,,
TRX-02949,2025-03-04,2025-03-10,2025-03-13,23597.91,23597.91,Conciliado,Estorno,CT-003,FN-004,Ref. NF-4792,Pix,0.00,,,,,,,,
TRX-00556,2024-12-19,2024-12-30,,7188.14,,Pendente,Pagamento,CT-002,FN-003,Ref. NF-1439,Boleto,7188.14,152,,121 a 180 dias,,Crítico,,5,
TRX-00096,2024-06-25,2024-07-02,2024-07-02,33523.06,33523.06,Conciliado,Pagamento,CT-008,FN-009,Ref. NF-4460,Pix,0.00,,,,,,,,
TRX-00671,2024-03-06,2024-03-20,,3563.30,,Pendente,Recebimento,CT-001,FN-005,Ref. NF-6980,Boleto,3563.30,437,,+360 dias,,Máximo,,7,
TRX-02215,2024-01-12,2024-01-23,2024-01-23,8285.49,8285.49,Conciliado,Pagamento,CT-004,FN-008,Ref. NF-3163,Débito,0.00,,,,,,,,
TRX-01657,2024-07-29,2024-08-06,2024-08-06,35678.66,35678.66,Conciliado,Recebimento,CT-008,FN-008,Ref. NF-5254,Pix,0.00,,,,,,,,
TRX-02190,2024-12-03,2024-12-17,2024-12-17,21045.09,21045.09,Conciliado,Pagamento,CT-005,FN-007,Ref. NF-7647,Pix,0.00,,,,,,,,
TRX-00329,2024-12-23,2025-01-01,2025-01-05,17850.63,15507.62,Divergente,Pagamento,CT-008,FN-007,Ref. NF-2373,Boleto,2343.01,,146,,121 a 180 dias,,Crítico,,5
TRX-00612,2024-11-15,2024-11-19,2024-11-20,10663.16,9173.75,Divergente,Recebimento,CT-006,FN-007,Ref. NF-5760,Ted,1489.41,,192,,181 a 360 dias,,Muito Crítico,,6
TRX-00412,2025-01-12,2025-01-26,,2751.86,,Pendente,Estorno,CT-007,FN-007,Ref. NF-4296,Ted,2751.86,125,,121 a 180 dias,,Crítico,,5,
TRX-00420,2024-06-08,2024-06-23,2024-06-25,23610.36,23610.36,Conciliado,Estorno,CT-002,FN-006,Ref. NF-4438,Pix,0.00,,,,,,,,
TRX-02134,2024-12-21,2024-12-30,2025-01-01,47157.92,47157.92,Conciliado,Pagamento,CT-003,FN-006,Ref. NF-8992,Débito,0.00,,,,,,,,
TRX-02324,2025-04-30,2025-05-07,2025-05-11,3572.41,3088.65,Divergente,Pagamento,CT-003,FN-003,Ref. NF-8573,Pix,483.76,,20,,0 a 30 dias,,Normal,,1
TRX-02967,2024-04-19,2024-04-27,2024-05-01,16382.81,15809.76,Divergente,Pagamento,CT-002,FN-009,Ref. NF-5185,Boleto,573.05,,395,,+360 dias,,Máximo,,7
TRX-01044,2024-03-31,2024-04-03,2024-04-05,49648.39,49648.39,Conciliado,Recebimento,CT-003,FN-002,Ref. NF-2361,Ted,0.00,,,,,,,,
TRX-00588,2024-05-12,2024-05-19,2024-05-22,37730.62,37730.62,Conciliado,Pagamento,CT-004,FN-004,Ref. NF-6215,Pix,0.00,,,,,,,,
TRX-01271,2024-01-14,2024-01-29,2024-02-01,48194.42,48194.42,Conciliado,Pagamento,CT-007,FN-002,Ref. NF-9879,Débito,0.00,,,,,,,,
TRX-00271,2024-03-14,2024-03-20,2024-03-23,31736.12,31736.12,Conciliado,Pagamento,CT-008,FN-006,Ref. NF-3762,Pix,0.00,,,,,,,,
TRX-01588,2025-03-19,2025-04-03,,18973.12,,Pendente,Pagamento,CT-003,FN-003,Ref. NF-1229,Boleto,18973.12,58,,31 a 60 dias,,Atenção,,2,
TRX-01756,2024-01-22,2024-02-01,,35114.93,,Pendente,Pagamento,CT-002,FN-010,Ref. NF-5622,Pix,35114.93,485,,+360 dias,,Máximo,,7,
TRX-01829,2024-11-04,2024-11-06,,31086.55,,Pendente,Estorno,CT-008,FN-008,Ref. NF-5957,Pix,31086.55,206,,181 a 360 dias,,Muito Crítico,,6,
TRX-01609,2025-03-31,2025-04-02,2025-04-04,26407.87,26407.87,Conciliado,Recebimento,CT-002,FN-002,Ref. NF-3318,Ted,0.00,,,,,,,,
TRX-00482,2024-09-04,2024-09-10,2024-09-12,14576.91,14576.91,Conciliado,Pagamento,CT-003,FN-006,Ref. NF-3514,Ted,0.00,,,,,,,,
TRX-00759,2024-12-07,2024-12-12,,27803.60,,Pendente,Pagamento,CT-004,FN-008,Ref. NF-8601,Boleto,27803.60,170,,121 a 180 dias,,Crítico,,5,
TRX-02536,2024-06-29,2024-06-30,2024-07-01,42002.34,42002.34,Conciliado,Pagamento,CT-003,FN-005,Ref. NF-9732,Boleto,0.00,,,,,,,,
TRX-02042,2024-11-02,2024-11-09,2024-11-12,21718.13,21718.13,Conciliado,Pagamento,CT-001,FN-010,Ref. NF-1526,Débito,0.00,,,,,,,,
TRX-01355,2024-05-14,2024-05-17,2024-05-17,43326.33,43326.33,Conciliado,Pagamento,CT-006,FN-007,Ref. NF-6054,Pix,0.00,,,,,,,,
TRX-01376,2024-09-21,2024-10-05,2024-10-06,7712.43,7712.43,Conciliado,Pagamento,CT-004,FN-003,Ref. NF-2032,Débito,0.00,,,,,,,,
TRX-00958,2024-03-12,2024-03-14,2024-03-16,40005.80,40005.80,Conciliado,Recebimento,CT-007,FN-008,Ref. NF-1525,Boleto,0.00,,,,,,,,
TRX-01164,2024-06-19,2024-06-30,2024-06-30,49684.74,49684.74,Conciliado,Pagamento,CT-007,FN-009,Ref. NF-9964,Débito,0.00,,,,,,,,
TRX-01433,2024-07-12,2024-07-26,2024-07-28,47233.56,47233.56,Conciliado,Pagamento,CT-004,FN-002,Ref. NF-3657,Pix,0.00,,,,,,,,
TRX-02663,2024-06-29,2024-07-13,2024-07-16,47733.78,46908.88,Divergente,Recebimento,CT-006,FN-003,Ref. NF-9159,Ted,824.90,,319,,181 a 360 dias,,Muito Crítico,,6
TRX-02774,2024-04-22,2024-04-25,2024-04-28,42855.70,38207.40,Divergente,Recebimento,CT-006,FN-007,Ref. NF-2983,Ted,4648.30,,398,,+360 dias,,Máximo,,7
TRX-00451,2025-01-01,2025-01-06,2025-01-07,28781.56,28781.56,Conciliado,Pagamento,CT-002,FN-002,Ref. NF-1619,Pix,0.00,,,,,,,,
TRX-00427,2024-09-17,2024-09-19,2024-09-22,32647.84,32647.84,Conciliado,Pagamento,CT-006,FN-009,Ref. NF-3605,Boleto,0.00,,,,,,,,
TRX-02889,2025-04-09,2025-04-21,2025-04-21,29561.52,29561.52,Conciliado,Pagamento,CT-002,FN-005,Ref. NF-7688,Pix,0.00,,,,,,,,
TRX-01442,2025-04-14,2025-04-26,2025-04-28,20368.14,20368.14,Conciliado,Recebimento,CT-006,FN-008,Ref. NF-4930,Ted,0.00,,,,,,,,
TRX-00374,2024-04-07,2024-04-11,2024-04-13,37585.12,37585.12,Conciliado,Pagamento,CT-003,FN-009,Ref. NF-7997,Débito,0.00,,,,,,,,
TRX-01436,2025-02-02,2025-02-15,2025-02-16,48282.96,48282.96,Conciliado,Pagamento,CT-001,FN-008,Ref. NF-6632,Ted,0.00,,,,,,,,
TRX-01089,2024-08-21,2024-09-04,2024-09-06,33100.77,33100.77,Conciliado,Estorno,CT-003,FN-006,Ref. NF-3850,Débito,0.00,,,,,,,,
TRX-01414,2025-02-02,2025-02-14,2025-02-16,35974.49,35974.49,Conciliado,Recebimento,CT-005,FN-003,Ref. NF-7143,Ted,0.00,,,,,,,,
TRX-00719,2024-01-09,2024-01-18,2024-01-19,27768.45,27768.45,Conciliado,Recebimento,CT-005,FN-010,Ref. NF-7479,Pix,0.00,,,,,,,,
TRX-01758,2024-03-24,2024-04-06,2024-04-07,6016.20,6016.20,Conciliado,Pagamento,CT-003,FN-002,Ref. NF-8706,Boleto,0.00,,,,,,,,
TRX-00161,2024-10-02,2024-10-09,2024-10-12,37930.88,37930.88,Conciliado,Pagamento,CT-004,FN-001,Ref. NF-5055,Débito,0.00,,,,,,,,
TRX-01008,2025-03-03,2025-03-06,2025-03-09,4910.73,4910.73,Conciliado,Recebimento,CT-002,FN-006,Ref. NF-8772,Pix,0.00,,,,,,,,
TRX-01490,2024-05-29,2024-06-01,2024-06-04,1426.47,1426.47,Conciliado,Recebimento,CT-004,FN-002,Ref. NF-7492,Ted,0.00,,,,,,,,
TRX-01066,2024-07-15,2024-07-28,2024-07-29,26697.16,24372.58,Divergente,Estorno,CT-006,FN-002,Ref. NF-5525,Pix,2324.58,,306,,181 a 360 dias,,Muito Crítico,,6
TRX-01040,2025-04-21,2025-05-06,2025-05-09,15724.31,15724.31,Conciliado,Pagamento,CT-003,FN-004,Ref. NF-5747,Boleto,0.00,,,,,,,,
TRX-02230,2025-04-28,2025-05-05,2025-05-05,18942.42,18942.42,Conciliado,Estorno,CT-007,FN-008,Ref. NF-8063,Boleto,0.00,,,,,,,,
TRX-02294,2024-07-19,2024-07-24,2024-07-24,14726.02,14726.02,Conciliado,Pagamento,CT-001,FN-009,Ref. NF-9024,Débito,0.00,,,,,,,,
TRX-01889,2024-08-09,2024-08-17,,18521.05,,Pendente,Recebimento,CT-004,FN-006,Ref. NF-2415,Boleto,18521.05,287,,181 a 360 dias,,Muito Crítico,,6,
TRX-02194,2024-09-13,2024-09-25,2024-09-28,5234.86,5234.86,Conciliado,Estorno,CT-008,FN-001,Ref. NF-8919,Pix,0.00,,,,,,,,
TRX-01974,2024-09-17,2024-09-25,2024-09-28,27363.29,27363.29,Conciliado,Recebimento,CT-003,FN-009,Ref. NF-6857,Débito,0.00,,,,,,,,
TRX-00887,2024-06-08,2024-06-22,2024-06-24,42188.47,40820.83,Divergente,Pagamento,CT-002,FN-010,Ref. NF-5104,Débito,1367.64,,341,,181 a 360 dias,,Muito Crítico,,6
TRX-01458,2024-03-07,2024-03-11,2024-03-14,17825.40,17825.40,Conciliado,Recebimento,CT-002,FN-009,Ref. NF-9156,Boleto,0.00,,,,,,,,
TRX-02274,2024-05-14,2024-05-27,2024-05-27,25583.78,25583.78,Conciliado,Recebimento,CT-004,FN-007,Ref. NF-5487,Pix,0.00,,,,,,,,
TRX-00995,2025-01-28,2025-02-10,2025-02-10,37789.30,37789.30,Conciliado,Pagamento,CT-006,FN-007,Ref. NF-4728,Pix,0.00,,,,,,,,
TRX-02026,2025-01-12,2025-01-19,2025-01-22,1847.05,1847.05,Conciliado,Recebimento,CT-005,FN-008,Ref. NF-1357,Ted,0.00,,,,,,,,
TRX-01467,2024-07-07,2024-07-09,2024-07-11,28528.21,28528.21,Conciliado,Pagamento,CT-002,FN-002,Ref. NF-2496,Boleto,0.00,,,,,,,,
TRX-00256,2025-03-20,2025-03-29,2025-03-31,32911.99,32911.99,Conciliado,Recebimento,CT-005,FN-007,Ref. NF-7581,Boleto,0.00,,,,,,,,
TRX-00883,2024-05-20,2024-05-25,2024-05-26,31412.80,31412.80,Conciliado,Estorno,CT-005,FN-006,Ref. NF-4546,Boleto,0.00,,,,,,,,
TRX-00568,2024-05-05,2024-05-19,2024-05-21,8977.46,8977.46,Conciliado,Pagamento,CT-005,FN-009,Ref. NF-9677,Débito,0.00,,,,,,,,
TRX-02464,2024-01-17,2024-01-31,2024-02-03,752.90,752.90,Conciliado,Estorno,CT-008,FN-002,Ref. NF-1011,Ted,0.00,,,,,,,,
TRX-02255,2024-10-29,2024-11-03,2024-11-03,1099.79,1099.79,Conciliado,Pagamento,CT-002,FN-008,Ref. NF-8471,Débito,0.00,,,,,,,,
TRX-00411,2025-04-19,2025-04-22,2025-04-23,40495.03,40495.03,Conciliado,Estorno,CT-008,FN-008,Ref. NF-2932,Débito,0.00,,,,,,,,
TRX-00119,2025-02-20,2025-03-03,2025-03-03,40669.14,40669.14,Conciliado,Recebimento,CT-008,FN-003,Ref. NF-4268,Pix,0.00,,,,,,,,
TRX-01740,2024-08-10,2024-08-21,2024-08-21,37243.00,37243.00,Conciliado,Recebimento,CT-005,FN-003,Ref. NF-3479,Boleto,0.00,,,,,,,,
TRX-01789,2025-04-29,2025-05-06,2025-05-07,16095.53,16095.53,Conciliado,Pagamento,CT-008,FN-005,Ref. NF-8936,Pix,0.00,,,,,,,,
TRX-00610,2024-08-04,2024-08-10,2024-08-12,17406.82,17406.82,Conciliado,Pagamento,CT-004,FN-002,Ref. NF-6499,Ted,0.00,,,,,,,,
TRX-00537,2024-05-27,2024-06-08,2024-06-10,42888.72,38967.25,Divergente,Recebimento,CT-003,FN-007,Ref. NF-5754,Débito,3921.47,,355,,181 a 360 dias,,Muito Crítico,,6
TRX-00947,2024-06-07,2024-06-18,2024-06-19,822.61,822.61,Conciliado,Pagamento,CT-003,FN-008,Ref. NF-5991,Débito,0.00,,,,,,,,
TRX-00865,2025-03-06,2025-03-19,2025-03-19,1933.65,1933.65,Conciliado,Estorno,CT-007,FN-004,Ref. NF-6203,Débito,0.00,,,,,,,,
TRX-00932,2024-01-04,2024-01-16,2024-01-16,3983.10,3983.10,Conciliado,Recebimento,CT-008,FN-007,Ref. NF-9751,Pix,0.00,,,,,,,,
TRX-01503,2024-01-25,2024-01-27,2024-01-27,34996.01,34996.01,Conciliado,Recebimento,CT-001,FN-004,Ref. NF-2211,Débito,0.00,,,,,,,,
TRX-01129,2024-06-27,2024-07-01,2024-07-02,8325.86,8325.86,Conciliado,Pagamento,CT-005,FN-008,Ref. NF-6973,Ted,0.00,,,,,,,,
TRX-01538,2024-07-23,2024-07-26,2024-07-27,14848.96,14848.96,Conciliado,Pagamento,CT-007,FN-007,Ref. NF-6874,Débito,0.00,,,,,,,,
TRX-00935,2024-12-02,2024-12-08,2024-12-11,13593.13,13593.13,Conciliado,Pagamento,CT-008,FN-004,Ref. NF-6610,Pix,0.00,,,,,,,,
TRX-01069,2024-06-01,2024-06-06,2024-06-09,1926.65,1926.65,Conciliado,Pagamento,CT-005,FN-001,Ref. NF-8318,Ted,0.00,,,,,,,,
TRX-00476,2024-07-06,2024-07-09,2024-07-10,49071.96,49071.96,Conciliado,Pagamento,CT-004,FN-003,Ref. NF-6250,Débito,0.00,,,,,,,,
TRX-00540,2024-01-03,2024-01-08,2024-01-08,48887.43,48887.43,Conciliado,Estorno,CT-007,FN-005,Ref. NF-9253,Débito,0.00,,,,,,,,
TRX-00324,2024-12-04,2024-12-08,2024-12-11,33923.86,33923.86,Conciliado,Pagamento,CT-002,FN-008,Ref. NF-3639,Boleto,0.00,,,,,,,,
TRX-00250,2024-08-29,2024-09-06,2024-09-08,18865.52,18865.52,Conciliado,Pagamento,CT-007,FN-003,Ref. NF-5400,Ted,0.00,,,,,,,,
TRX-02615,2024-08-06,2024-08-17,2024-08-19,48224.95,48224.95,Conciliado,Pagamento,CT-007,FN-001,Ref. NF-2836,Boleto,0.00,,,,,,,,
TRX-02671,2024-12-13,2024-12-17,,33018.36,,Pendente,Recebimento,CT-008,FN-003,Ref. NF-9139,Boleto,33018.36,165,,121 a 180 dias,,Crítico,,5,
TRX-02970,2025-01-18,2025-01-31,2025-02-01,37260.71,37260.71,Conciliado,Pagamento,CT-008,FN-004,Ref. NF-8871,Ted,0.00,,,,,,,,
TRX-02806,2024-08-16,2024-08-17,2024-08-18,22878.17,22878.17,Conciliado,Recebimento,CT-005,FN-007,Ref. NF-7434,Ted,0.00,,,,,,,,
TRX-02799,2024-05-24,2024-06-04,2024-06-05,6106.17,6106.17,Conciliado,Pagamento,CT-004,FN-003,Ref. NF-9951,Pix,0.00,,,,,,,,
TRX-02124,2024-01-21,2024-01-31,2024-02-02,31833.11,31833.11,Conciliado,Recebimento,CT-005,FN-007,Ref. NF-5897,Boleto,0.00,,,,,,,,
TRX-01429,2025-01-11,2025-01-22,2025-01-23,48944.44,48944.44,Conciliado,Pagamento,CT-001,FN-004,Ref. NF-8191,Pix,0.00,,,,,,,,
TRX-00393,2024-06-08,2024-06-23,2024-06-24,32797.40,32797.40,Conciliado,Recebimento,CT-003,FN-004,Ref. NF-9582,Boleto,0.00,,,,,,,,
TRX-02260,2024-09-02,2024-09-15,2024-09-18,12568.25,11768.99,Divergente,Pagamento,CT-004,FN-006,Ref. NF-7303,Pix,799.26,,255,,181 a 360 dias,,Muito Crítico,,6
TRX-01648,2025-01-25,2025-02-05,2025-02-07,1433.61,1433.61,Conciliado,Pagamento,CT-004,FN-007,Ref. NF-8578,Débito,0.00,,,,,,,,
TRX-02471,2024-01-19,2024-02-03,,5197.00,,Pendente,Pagamento,CT-002,FN-010,Ref. NF-7746,Boleto,5197.00,483,,+360 dias,,Máximo,,7,
TRX-01819,2024-02-03,2024-02-09,2024-02-12,3374.87,3374.87,Conciliado,Pagamento,CT-008,FN-010,Ref. NF-4442,Pix,0.00,,,,,,,,
TRX-00753,2024-02-09,2024-02-21,2024-02-21,7950.06,7950.06,Conciliado,Pagamento,CT-006,FN-001,Ref. NF-5305,Pix,0.00,,,,,,,,
TRX-00090,2024-02-04,2024-02-06,2024-02-08,37357.15,37357.15,Conciliado,Pagamento,CT-007,FN-002,Ref. NF-7929,Pix,0.00,,,,,,,,
TRX-02800,2024-04-29,2024-05-02,,8428.78,,Pendente,Pagamento,CT-008,FN-007,Ref. NF-2830,Boleto,8428.78,394,,+360 dias,,Máximo,,7,
TRX-00167,2024-10-12,2024-10-21,2024-10-22,10565.17,9772.67,Divergente,Recebimento,CT-004,FN-005,Ref. NF-7179,Pix,792.50,,221,,181 a 360 dias,,Muito Crítico,,6
TRX-02522,2024-01-17,2024-01-19,2024-01-22,5759.98,5043.90,Divergente,Pagamento,CT-004,FN-010,Ref. NF-9182,Pix,716.08,,495,,+360 dias,,Máximo,,7
TRX-01150,2024-09-15,2024-09-21,2024-09-21,16895.05,16895.05,Conciliado,Recebimento,CT-007,FN-010,Ref. NF-1932,Boleto,0.00,,,,,,,,
TRX-02463,2024-05-15,2024-05-30,2024-05-31,12931.20,12931.20,Conciliado,Pagamento,CT-004,FN-006,Ref. NF-7371,Ted,0.00,,,,,,,,
TRX-02392,2024-04-08,2024-04-14,2024-04-17,22392.30,22392.30,Conciliado,Estorno,CT-004,FN-002,Ref. NF-2133,Boleto,0.00,,,,,,,,
TRX-00751,2024-07-26,2024-07-28,2024-07-28,11098.19,11098.19,Conciliado,Recebimento,CT-007,FN-009,Ref. NF-5864,Ted,0.00,,,,,,,,
TRX-01521,2024-02-16,2024-02-24,2024-02-24,30665.81,30665.81,Conciliado,Pagamento,CT-007,FN-010,Ref. NF-4263,Débito,0.00,,,,,,,,
TRX-00344,2024-04-23,2024-05-06,2024-05-07,47012.89,47012.89,Conciliado,Pagamento,CT-007,FN-008,Ref. NF-9490,Pix,0.00,,,,,,,,
TRX-00604,2025-02-01,2025-02-11,2025-02-14,6678.91,6509.34,Divergente,Pagamento,CT-008,FN-010,Ref. NF-2015,Débito,169.57,,106,,91 a 120 dias,,Alto,,4
TRX-00346,2024-11-09,2024-11-15,2024-11-17,10921.36,10921.36,Conciliado,Pagamento,CT-008,FN-007,Ref. NF-4744,Boleto,0.00,,,,,,,,
TRX-01801,2024-03-19,2024-03-22,2024-03-22,38607.09,38607.09,Conciliado,Pagamento,CT-005,FN-002,Ref. NF-4304,Ted,0.00,,,,,,,,
TRX-02201,2024-11-14,2024-11-29,2024-12-01,30378.26,30378.26,Conciliado,Estorno,CT-008,FN-003,Ref. NF-6036,Débito,0.00,,,,,,,,
TRX-01225,2024-12-17,2024-12-28,2024-12-29,45866.05,45866.05,Conciliado,Pagamento,CT-004,FN-004,Ref. NF-6162,Pix,0.00,,,,,,,,
TRX-01587,2024-02-20,2024-03-02,2024-03-05,47629.84,47629.84,Conciliado,Pagamento,CT-005,FN-009,Ref. NF-5190,Pix,0.00,,,,,,,,
TRX-01861,2024-04-08,2024-04-13,2024-04-14,22144.64,22144.64,Conciliado,Pagamento,CT-006,FN-004,Ref. NF-6906,Pix,0.00,,,,,,,,
TRX-01116,2025-01-28,2025-02-07,2025-02-08,35774.74,35774.74,Conciliado,Pagamento,CT-004,FN-006,Ref. NF-5775,Pix,0.00,,,,,,,,
TRX-00201,2024-10-08,2024-10-17,2024-10-20,38868.09,38868.09,Conciliado,Estorno,CT-002,FN-005,Ref. NF-2677,Pix,0.00,,,,,,,,
TRX-00981,2025-03-19,2025-03-28,2025-03-30,42080.63,42080.63,Conciliado,Recebimento,CT-004,FN-003,Ref. NF-9692,Pix,0.00,,,,,,,,
TRX-00771,2024-06-27,2024-07-09,2024-07-11,22085.07,19384.13,Divergente,Pagamento,CT-008,FN-008,Ref. NF-7436,Débito,2700.94,,324,,181 a 360 dias,,Muito Crítico,,6
TRX-02989,2024-08-01,2024-08-14,2024-08-16,4308.78,4308.78,Conciliado,Recebimento,CT-005,FN-007,Ref. NF-3089,Pix,0.00,,,,,,,,
TRX-02608,2024-10-28,2024-11-01,2024-11-01,26197.04,26197.04,Conciliado,Pagamento,CT-008,FN-001,Ref. NF-5849,Boleto,0.00,,,,,,,,
TRX-02033,2024-04-12,2024-04-26,2024-04-26,41723.75,41723.75,Conciliado,Pagamento,CT-008,FN-006,Ref. NF-7725,Pix,0.00,,,,,,,,
TRX-02149,2024-02-12,2024-02-27,,28596.63,,Pendente,Estorno,CT-008,FN-009,Ref. NF-7460,Pix,28596.63,459,,+360 dias,,Máximo,,7,
TRX-01715,2025-01-30,2025-02-12,2025-02-14,37008.12,37008.12,Conciliado,Recebimento,CT-002,FN-008,Ref. NF-3584,Ted,0.00,,,,,,,,
TRX-00541,2024-09-09,2024-09-24,2024-09-26,16207.21,16207.21,Conciliado,Recebimento,CT-003,FN-002,Ref. NF-5603,Boleto,0.00,,,,,,,,
TRX-02046,2024-07-29,2024-08-09,2024-08-09,15977.23,15977.23,Conciliado,Pagamento,CT-004,FN-007,Ref. NF-5398,Ted,0.00,,,,,,,,
TRX-00741,2024-06-18,2024-06-25,2024-06-27,29565.19,29565.19,Conciliado,Pagamento,CT-003,FN-001,Ref. NF-2290,Débito,0.00,,,,,,,,
TRX-00489,2024-04-20,2024-05-02,,8607.62,,Pendente,Recebimento,CT-008,FN-005,Ref. NF-3286,Débito,8607.62,394,,+360 dias,,Máximo,,7,
TRX-00886,2024-03-11,2024-03-20,2024-03-23,15476.64,15476.64,Conciliado,Recebimento,CT-008,FN-006,Ref. NF-6816,Débito,0.00,,,,,,,,
TRX-02972,2025-04-11,2025-04-12,,32554.19,,Pendente,Pagamento,CT-003,FN-006,Ref. NF-8529,Boleto,32554.19,49,,31 a 60 dias,,Atenção,,2,
TRX-00179,2024-12-12,2024-12-27,2024-12-29,39629.66,39629.66,Conciliado,Pagamento,CT-007,FN-003,Ref. NF-2245,Débito,0.00,,,,,,,,
TRX-02547,2025-03-25,2025-03-30,2025-03-31,3358.91,3358.91,Conciliado,Recebimento,CT-003,FN-009,Ref. NF-5199,Pix,0.00,,,,,,,,
TRX-01681,2024-04-17,2024-04-29,2024-05-02,12269.26,12269.26,Conciliado,Pagamento,CT-002,FN-005,Ref. NF-3288,Pix,0.00,,,,,,,,
TRX-01254,2024-07-19,2024-07-22,2024-07-24,38266.83,38266.83,Conciliado,Recebimento,CT-003,FN-007,Ref. NF-9062,Pix,0.00,,,,,,,,
TRX-01420,2024-06-20,2024-07-03,2024-07-06,42931.89,42931.89,Conciliado,Estorno,CT-008,FN-006,Ref. NF-4783,Débito,0.00,,,,,,,,
TRX-02093,2024-06-08,2024-06-23,2024-06-28,23433.86,22331.78,Divergente,Pagamento,CT-006,FN-010,Ref. NF-6151,Pix,1102.08,,337,,181 a 360 dias,,Muito Crítico,,6
TRX-00734,2024-03-16,2024-03-22,2024-03-25,1117.65,1117.65,Conciliado,Pagamento,CT-004,FN-002,Ref. NF-5907,Pix,0.00,,,,,,,,
TRX-00477,2024-06-29,2024-07-14,2024-07-14,3195.77,3195.77,Conciliado,Estorno,CT-007,FN-005,Ref. NF-9730,Ted,0.00,,,,,,,,
TRX-00067,2024-06-25,2024-07-01,2024-07-06,46676.19,42177.35,Divergente,Estorno,CT-007,FN-008,Ref. NF-6213,Débito,4498.84,,329,,181 a 360 dias,,Muito Crítico,,6
TRX-00846,2025-04-11,2025-04-15,2025-04-18,23063.15,23063.15,Conciliado,Pagamento,CT-006,FN-004,Ref. NF-6929,Boleto,0.00,,,,,,,,
TRX-02063,2024-09-08,2024-09-19,2024-09-24,14562.29,13432.22,Divergente,Pagamento,CT-003,FN-004,Ref. NF-5558,Ted,1130.07,,249,,181 a 360 dias,,Muito Crítico,,6
TRX-00012,2024-05-02,2024-05-03,2024-05-05,36729.43,34612.53,Divergente,Estorno,CT-002,FN-002,Ref. NF-9645,Ted,2116.90,,391,,+360 dias,,Máximo,,7
TRX-01364,2024-03-04,2024-03-15,2024-03-16,18420.44,17400.22,Divergente,Pagamento,CT-006,FN-005,Ref. NF-7019,Débito,1020.22,,441,,+360 dias,,Máximo,,7
TRX-01706,2024-07-07,2024-07-18,2024-07-22,37453.97,34328.55,Divergente,Pagamento,CT-006,FN-009,Ref. NF-2802,Ted,3125.42,,313,,181 a 360 dias,,Muito Crítico,,6
TRX-00060,2025-01-26,2025-02-06,2025-02-11,23789.79,21673.07,Divergente,Estorno,CT-001,FN-003,Ref. NF-8700,Ted,2116.72,,109,,91 a 120 dias,,Alto,,4
TRX-01499,2025-04-14,2025-04-28,2025-04-30,41669.00,41669.00,Conciliado,Estorno,CT-008,FN-002,Ref. NF-3996,Ted,0.00,,,,,,,,
TRX-02131,2024-11-28,2024-12-11,2024-12-12,27083.65,27083.65,Conciliado,Pagamento,CT-004,FN-007,Ref. NF-5352,Ted,0.00,,,,,,,,
TRX-00685,2024-12-03,2024-12-12,2024-12-13,26371.98,26371.98,Conciliado,Pagamento,CT-008,FN-006,Ref. NF-1732,Débito,0.00,,,,,,,,
TRX-01992,2024-04-26,2024-05-11,2024-05-11,31929.34,31929.34,Conciliado,Pagamento,CT-006,FN-005,Ref. NF-2039,Débito,0.00,,,,,,,,
TRX-00513,2024-08-31,2024-09-09,2024-09-11,13537.85,13537.85,Conciliado,Estorno,CT-001,FN-007,Ref. NF-2006,Pix,0.00,,,,,,,,
TRX-00953,2024-11-12,2024-11-21,2024-11-24,12535.32,12535.32,Conciliado,Pagamento,CT-002,FN-002,Ref. NF-7390,Débito,0.00,,,,,,,,
TRX-02099,2024-07-26,2024-08-04,2024-08-07,34507.20,34507.20,Conciliado,Recebimento,CT-003,FN-003,Ref. NF-7249,Pix,0.00,,,,,,,,
TRX-02104,2024-05-14,2024-05-15,2024-05-17,13542.76,13542.76,Conciliado,Pagamento,CT-005,FN-008,Ref. NF-5213,Boleto,0.00,,,,,,,,
TRX-01541,2024-01-24,2024-02-04,2024-02-05,29812.61,29812.61,Conciliado,Recebimento,CT-007,FN-002,Ref. NF-6856,Boleto,0.00,,,,,,,,
TRX-01224,2024-05-03,2024-05-12,2024-05-12,16911.79,16911.79,Conciliado,Estorno,CT-003,FN-005,Ref. NF-5746,Débito,0.00,,,,,,,,
TRX-02085,2025-03-20,2025-03-24,2025-03-27,22962.26,22962.26,Conciliado,Estorno,CT-002,FN-005,Ref. NF-3100,Ted,0.00,,,,,,,,
TRX-01180,2024-05-25,2024-05-31,2024-06-02,30343.87,30343.87,Conciliado,Pagamento,CT-003,FN-009,Ref. NF-3027,Pix,0.00,,,,,,,,
TRX-00131,2024-08-09,2024-08-18,2024-08-20,8650.53,8650.53,Conciliado,Pagamento,CT-003,FN-005,Ref. NF-5496,Pix,0.00,,,,,,,,
TRX-02648,2024-05-03,2024-05-12,2024-05-13,23967.30,23967.30,Conciliado,Recebimento,CT-001,FN-008,Ref. NF-9769,Boleto,0.00,,,,,,,,
TRX-01369,2024-09-14,2024-09-28,2024-09-28,42464.64,42464.64,Conciliado,Pagamento,CT-004,FN-006,Ref. NF-7493,Pix,0.00,,,,,,,,
TRX-01531,2024-10-23,2024-11-06,2024-11-07,33206.69,33206.69,Conciliado,Pagamento,CT-005,FN-006,Ref. NF-7541,Débito,0.00,,,,,,,,
TRX-00320,2025-01-11,2025-01-23,2025-01-23,38192.88,38192.88,Conciliado,Pagamento,CT-001,FN-004,Ref. NF-6918,Débito,0.00,,,,,,,,
TRX-00108,2024-01-10,2024-01-16,2024-01-17,47409.58,47409.58,Conciliado,Pagamento,CT-004,FN-006,Ref. NF-2657,Ted,0.00,,,,,,,,
TRX-01438,2025-02-06,2025-02-13,2025-02-13,33838.55,33838.55,Conciliado,Pagamento,CT-006,FN-005,Ref. NF-2607,Pix,0.00,,,,,,,,
TRX-01748,2025-01-31,2025-02-04,2025-02-07,20970.17,20970.17,Conciliado,Pagamento,CT-001,FN-008,Ref. NF-6853,Boleto,0.00,,,,,,,,
TRX-01907,2025-01-27,2025-01-28,2025-01-28,15736.80,15736.80,Conciliado,Pagamento,CT-008,FN-003,Ref. NF-8512,Ted,0.00,,,,,,,,
TRX-01870,2025-04-27,2025-04-29,2025-05-02,47966.83,47966.83,Conciliado,Estorno,CT-007,FN-008,Ref. NF-2930,Ted,0.00,,,,,,,,
TRX-01218,2025-01-30,2025-02-09,2025-02-12,3505.23,3389.16,Divergente,Pagamento,CT-003,FN-002,Ref. NF-9671,Débito,116.07,,108,,91 a 120 dias,,Alto,,4
TRX-02378,2024-06-13,2024-06-28,2024-06-29,33846.10,33846.10,Conciliado,Pagamento,CT-001,FN-009,Ref. NF-4239,Débito,0.00,,,,,,,,
TRX-00817,2025-04-05,2025-04-20,2025-04-20,3565.37,3565.37,Conciliado,Recebimento,CT-007,FN-002,Ref. NF-1482,Pix,0.00,,,,,,,,
TRX-00792,2024-03-28,2024-04-03,2024-04-06,45043.53,45043.53,Conciliado,Pagamento,CT-003,FN-006,Ref. NF-5322,Pix,0.00,,,,,,,,
TRX-02143,2024-09-06,2024-09-10,2024-09-11,24707.96,24707.96,Conciliado,Pagamento,CT-007,FN-001,Ref. NF-4500,Boleto,0.00,,,,,,,,
TRX-01468,2024-10-22,2024-11-03,2024-11-03,16391.51,16391.51,Conciliado,Estorno,CT-004,FN-010,Ref. NF-3246,Boleto,0.00,,,,,,,,
TRX-02631,2024-02-24,2024-03-09,2024-03-10,44735.70,44735.70,Conciliado,Pagamento,CT-007,FN-010,Ref. NF-6258,Débito,0.00,,,,,,,,
TRX-01854,2024-01-07,2024-01-14,2024-01-16,3184.38,3184.38,Conciliado,Pagamento,CT-003,FN-004,Ref. NF-6348,Pix,0.00,,,,,,,,
TRX-02088,2024-09-02,2024-09-07,2024-09-08,45974.33,45974.33,Conciliado,Pagamento,CT-002,FN-004,Ref. NF-5383,Pix,0.00,,,,,,,,
TRX-01153,2024-02-12,2024-02-14,,44880.77,,Pendente,Pagamento,CT-007,FN-008,Ref. NF-1841,Pix,44880.77,472,,+360 dias,,Máximo,,7,
TRX-00785,2024-04-16,2024-04-30,,35571.36,,Pendente,Estorno,CT-006,FN-005,Ref. NF-4584,Débito,35571.36,396,,+360 dias,,Máximo,,7,
TRX-01211,2024-12-14,2024-12-19,2024-12-19,39112.35,39112.35,Conciliado,Pagamento,CT-001,FN-001,Ref. NF-2328,Boleto,0.00,,,,,,,,
TRX-00341,2024-12-10,2024-12-22,2024-12-23,16036.70,16036.70,Conciliado,Pagamento,CT-003,FN-008,Ref. NF-4965,Boleto,0.00,,,,,,,,
TRX-00891,2024-11-07,2024-11-18,2024-11-18,37621.83,37621.83,Conciliado,Recebimento,CT-003,FN-008,Ref. NF-3509,Débito,0.00,,,,,,,,
TRX-03000,2025-03-10,2025-03-11,2025-03-14,32637.64,32637.64,Conciliado,Pagamento,CT-007,FN-005,Ref. NF-6291,Ted,0.00,,,,,,,,
TRX-00381,2024-11-20,2024-12-03,2024-12-04,2538.52,2538.52,Conciliado,Pagamento,CT-005,FN-009,Ref. NF-7436,Boleto,0.00,,,,,,,,
TRX-02558,2024-05-04,2024-05-05,2024-05-08,16753.07,16753.07,Conciliado,Pagamento,CT-007,FN-010,Ref. NF-1244,Débito,0.00,,,,,,,,
TRX-00428,2024-09-03,2024-09-10,2024-09-11,21841.85,21841.85,Conciliado,Pagamento,CT-004,FN-010,Ref. NF-8972,Pix,0.00,,,,,,,,
TRX-00410,2024-02-25,2024-03-06,2024-03-08,46727.64,46727.64,Conciliado,Pagamento,CT-008,FN-010,Ref. NF-6797,Débito,0.00,,,,,,,,
TRX-00186,2025-02-21,2025-03-07,2025-03-09,47390.31,47390.31,Conciliado,Pagamento,CT-006,FN-010,Ref. NF-9044,Pix,0.00,,,,,,,,
TRX-00064,2024-02-17,2024-02-21,2024-02-24,25169.59,25169.59,Conciliado,Recebimento,CT-002,FN-003,Ref. NF-4993,Pix,0.00,,,,,,,,
TRX-00831,2024-12-31,2025-01-05,2025-01-05,26578.79,26578.79,Conciliado,Estorno,CT-005,FN-004,Ref. NF-8966,Boleto,0.00,,,,,,,,
TRX-02542,2024-01-15,2024-01-27,2024-01-27,21919.30,21919.30,Conciliado,Estorno,CT-008,FN-006,Ref. NF-4918,Boleto,0.00,,,,,,,,
TRX-00171,2024-01-09,2024-01-14,2024-01-17,8044.36,8044.36,Conciliado,Estorno,CT-007,FN-005,Ref. NF-6530,Débito,0.00,,,,,,,,
TRX-00100,2025-01-16,2025-01-22,2025-01-24,25768.92,25768.92,Conciliado,Pagamento,CT-003,FN-002,Ref. NF-3419,Ted,0.00,,,,,,,,
TRX-02738,2025-03-27,2025-03-31,2025-04-02,25404.10,25404.10,Conciliado,Pagamento,CT-002,FN-010,Ref. NF-3638,Pix,0.00,,,,,,,,
TRX-02660,2025-03-16,2025-03-29,,36839.66,,Pendente,Pagamento,CT-007,FN-006,Ref. NF-2063,Boleto,36839.66,63,,61 a 90 dias,,Elevado,,3,
TRX-00542,2025-01-17,2025-01-23,2025-01-24,41564.66,41564.66,Conciliado,Pagamento,CT-005,FN-010,Ref. NF-3478,Boleto,0.00,,,,,,,,
TRX-01381,2025-04-28,2025-05-04,2025-05-07,1467.49,1467.49,Conciliado,Recebimento,CT-002,FN-006,Ref. NF-1213,Boleto,0.00,,,,,,,,
TRX-00862,2024-01-02,2024-01-09,2024-01-10,2421.23,2421.23,Conciliado,Recebimento,CT-004,FN-003,Ref. NF-3950,Pix,0.00,,,,,,,,
TRX-02196,2024-05-01,2024-05-05,,41651.37,,Pendente,Estorno,CT-008,FN-001,Ref. NF-9282,Pix,41651.37,391,,+360 dias,,Máximo,,7,
TRX-01347,2024-12-22,2024-12-27,2024-12-27,42333.83,42333.83,Conciliado,Pagamento,CT-007,FN-007,Ref. NF-5238,Ted,0.00,,,,,,,,
TRX-00485,2024-09-16,2024-09-22,2024-09-24,33510.94,33510.94,Conciliado,Recebimento,CT-005,FN-010,Ref. NF-1656,Ted,0.00,,,,,,,,
TRX-02449,2024-11-26,2024-12-04,,23816.05,,Pendente,Pagamento,CT-008,FN-007,Ref. NF-8021,Ted,23816.05,178,,121 a 180 dias,,Crítico,,5,
TRX-00396,2024-04-04,2024-04-05,2024-04-08,11993.04,11993.04,Conciliado,Estorno,CT-004,FN-010,Ref. NF-8680,Ted,0.00,,,,,,,,
TRX-00580,2024-07-10,2024-07-15,2024-07-17,7535.92,7535.92,Conciliado,Recebimento,CT-001,FN-003,Ref. NF-9008,Ted,0.00,,,,,,,,
TRX-02263,2024-12-04,2024-12-08,2024-12-10,22935.13,22935.13,Conciliado,Recebimento,CT-007,FN-009,Ref. NF-8890,Pix,0.00,,,,,,,,
TRX-01634,2025-01-04,2025-01-13,2025-01-13,41163.04,41163.04,Conciliado,Pagamento,CT-005,FN-008,Ref. NF-6582,Ted,0.00,,,,,,,,
TRX-02807,2024-05-19,2024-05-30,,11998.49,,Pendente,Pagamento,CT-006,FN-009,Ref. NF-3677,Ted,11998.49,366,,+360 dias,,Máximo,,7,
TRX-02187,2025-02-16,2025-02-21,2025-02-23,40962.99,40962.99,Conciliado,Recebimento,CT-003,FN-010,Ref. NF-4841,Boleto,0.00,,,,,,,,
TRX-00160,2024-07-28,2024-07-31,2024-08-01,22702.59,22702.59,Conciliado,Recebimento,CT-006,FN-007,Ref. NF-3924,Pix,0.00,,,,,,,,
TRX-02838,2024-08-21,2024-08-27,2024-08-27,35265.22,35265.22,Conciliado,Recebimento,CT-004,FN-008,Ref. NF-8687,Débito,0.00,,,,,,,,
TRX-01307,2024-09-01,2024-09-06,2024-09-06,41250.83,41250.83,Conciliado,Pagamento,CT-001,FN-010,Ref. NF-2522,Débito,0.00,,,,,,,,
TRX-02868,2024-12-24,2025-01-07,2025-01-10,20973.47,20973.47,Conciliado,Pagamento,CT-004,FN-002,Ref. NF-2438,Boleto,0.00,,,,,,,,
TRX-01754,2024-02-16,2024-03-02,2024-03-05,10729.01,10729.01,Conciliado,Pagamento,CT-007,FN-010,Ref. NF-4110,Boleto,0.00,,,,,,,,
TRX-01517,2024-05-14,2024-05-23,,49446.68,,Pendente,Pagamento,CT-007,FN-005,Ref. NF-7361,Débito,49446.68,373,,+360 dias,,Máximo,,7,
TRX-02380,2024-08-24,2024-09-05,2024-09-05,28633.13,28633.13,Conciliado,Pagamento,CT-008,FN-006,Ref. NF-4932,Ted,0.00,,,,,,,,
TRX-02094,2024-03-20,2024-03-28,2024-03-30,15138.29,15138.29,Conciliado,Pagamento,CT-002,FN-002,Ref. NF-4207,Ted,0.00,,,,,,,,
TRX-00952,2025-01-27,2025-02-01,2025-02-03,15092.45,15092.45,Conciliado,Pagamento,CT-004,FN-005,Ref. NF-4522,Pix,0.00,,,,,,,,
TRX-01024,2025-04-06,2025-04-19,2025-04-22,16705.24,16705.24,Conciliado,Pagamento,CT-003,FN-009,Ref. NF-5284,Débito,0.00,,,,,,,,
TRX-01482,2025-01-23,2025-02-03,2025-02-06,2863.34,2863.34,Conciliado,Pagamento,CT-003,FN-004,Ref. NF-9735,Débito,0.00,,,,,,,,
TRX-00080,2025-04-10,2025-04-22,2025-04-23,2744.67,2423.19,Divergente,Recebimento,CT-002,FN-003,Ref. NF-7078,Ted,321.48,,38,,31 a 60 dias,,Atenção,,2
TRX-01186,2025-04-11,2025-04-21,2025-04-24,42878.93,42878.93,Conciliado,Pagamento,CT-004,FN-010,Ref. NF-4132,Ted,0.00,,,,,,,,
TRX-02538,2024-04-21,2024-05-05,2024-05-05,31156.89,31156.89,Conciliado,Recebimento,CT-004,FN-010,Ref. NF-5647,Pix,0.00,,,,,,,,
TRX-01106,2024-03-02,2024-03-03,2024-03-06,22582.05,22582.05,Conciliado,Pagamento,CT-003,FN-004,Ref. NF-4039,Pix,0.00,,,,,,,,
TRX-01737,2025-04-03,2025-04-13,2025-04-15,30354.57,30012.96,Divergente,Pagamento,CT-006,FN-004,Ref. NF-2089,Ted,341.61,,46,,31 a 60 dias,,Atenção,,2
TRX-01842,2024-02-07,2024-02-22,2024-02-22,11425.01,11425.01,Conciliado,Recebimento,CT-007,FN-009,Ref. NF-2182,Ted,0.00,,,,,,,,
TRX-01964,2024-10-02,2024-10-08,2024-10-09,33655.62,33655.62,Conciliado,Estorno,CT-003,FN-008,Ref. NF-1813,Ted,0.00,,,,,,,,
TRX-01641,2024-05-05,2024-05-15,2024-05-16,3218.48,3218.48,Conciliado,Pagamento,CT-002,FN-006,Ref. NF-1158,Boleto,0.00,,,,,,,,
TRX-02266,2024-07-20,2024-07-25,2024-07-28,5530.40,5077.13,Divergente,Pagamento,CT-008,FN-001,Ref. NF-4888,Boleto,453.27,,307,,181 a 360 dias,,Muito Crítico,,6
TRX-01929,2024-01-03,2024-01-10,,19462.34,,Pendente,Estorno,CT-007,FN-006,Ref. NF-1888,Pix,19462.34,507,,+360 dias,,Máximo,,7,
TRX-01339,2025-04-05,2025-04-14,2025-04-16,33872.53,33872.53,Conciliado,Pagamento,CT-008,FN-005,Ref. NF-8540,Ted,0.00,,,,,,,,
TRX-00718,2024-05-15,2024-05-27,2024-05-28,49270.43,49270.43,Conciliado,Recebimento,CT-005,FN-006,Ref. NF-5194,Pix,0.00,,,,,,,,
TRX-00980,2024-03-05,2024-03-07,,27748.01,,Pendente,Recebimento,CT-002,FN-002,Ref. NF-2359,Ted,27748.01,450,,+360 dias,,Máximo,,7,
TRX-02107,2024-02-07,2024-02-11,2024-02-11,44309.93,44309.93,Conciliado,Pagamento,CT-007,FN-003,Ref. NF-7261,Boleto,0.00,,,,,,,,
TRX-01356,2025-01-28,2025-02-03,2025-02-06,6977.36,6977.36,Conciliado,Pagamento,CT-001,FN-007,Ref. NF-4019,Ted,0.00,,,,,,,,
TRX-00842,2024-06-15,2024-06-25,2024-06-27,43854.73,43854.73,Conciliado,Recebimento,CT-002,FN-007,Ref. NF-7139,Boleto,0.00,,,,,,,,
TRX-00819,2024-04-13,2024-04-25,2024-04-25,29314.34,29314.34,Conciliado,Recebimento,CT-004,FN-002,Ref. NF-6891,Pix,0.00,,,,,,,,
TRX-00444,2025-03-21,2025-03-28,2025-03-28,34085.42,34085.42,Conciliado,Pagamento,CT-008,FN-007,Ref. NF-8074,Pix,0.00,,,,,,,,
TRX-01566,2025-03-10,2025-03-19,2025-03-21,49310.54,49310.54,Conciliado,Pagamento,CT-004,FN-010,Ref. NF-1371,Pix,0.00,,,,,,,,
TRX-00553,2024-06-30,2024-07-05,,37155.55,,Pendente,Estorno,CT-001,FN-002,Ref. NF-7819,Pix,37155.55,330,,181 a 360 dias,,Muito Crítico,,6,
TRX-01936,2025-03-28,2025-04-10,2025-04-11,14962.81,14962.81,Conciliado,Pagamento,CT-001,FN-009,Ref. NF-7928,Pix,0.00,,,,,,,,
TRX-01176,2024-10-12,2024-10-25,2024-10-27,10356.10,10356.10,Conciliado,Recebimento,CT-006,FN-006,Ref. NF-7103,Débito,0.00,,,,,,,,
TRX-01550,2024-11-24,2024-12-03,2024-12-04,16388.76,16388.76,Conciliado,Estorno,CT-006,FN-009,Ref. NF-6673,Ted,0.00,,,,,,,,
TRX-00118,2024-07-10,2024-07-15,2024-07-17,12435.73,12435.73,Conciliado,Pagamento,CT-002,FN-006,Ref. NF-6546,Pix,0.00,,,,,,,,
TRX-01238,2024-11-14,2024-11-18,2024-11-21,6233.51,6233.51,Conciliado,Pagamento,CT-005,FN-001,Ref. NF-4889,Débito,0.00,,,,,,,,
TRX-02590,2024-07-24,2024-07-25,2024-07-27,2639.28,2639.28,Conciliado,Estorno,CT-002,FN-008,Ref. NF-5841,Débito,0.00,,,,,,,,
TRX-02827,2024-04-01,2024-04-11,2024-04-14,22325.89,22325.89,Conciliado,Recebimento,CT-003,FN-005,Ref. NF-2937,Débito,0.00,,,,,,,,
TRX-01803,2024-07-28,2024-08-01,2024-08-02,8117.20,8117.20,Conciliado,Estorno,CT-005,FN-005,Ref. NF-1794,Pix,0.00,,,,,,,,
TRX-00740,2024-01-25,2024-01-31,2024-02-03,37708.13,37708.13,Conciliado,Pagamento,CT-001,FN-006,Ref. NF-2595,Pix,0.00,,,,,,,,
TRX-00638,2024-03-19,2024-03-27,2024-03-27,44688.04,44688.04,Conciliado,Pagamento,CT-004,FN-001,Ref. NF-1858,Boleto,0.00,,,,,,,,
TRX-01751,2025-04-16,2025-04-23,2025-04-25,3003.63,3003.63,Conciliado,Recebimento,CT-008,FN-001,Ref. NF-9840,Pix,0.00,,,,,,,,
TRX-01100,2024-08-20,2024-08-27,2024-08-28,16482.19,16482.19,Conciliado,Pagamento,CT-008,FN-001,Ref. NF-3103,Boleto,0.00,,,,,,,,
TRX-01568,2024-02-15,2024-02-26,,48078.65,,Pendente,Estorno,CT-001,FN-008,Ref. NF-7464,Boleto,48078.65,460,,+360 dias,,Máximo,,7,
TRX-00175,2025-02-20,2025-03-04,2025-03-06,26457.08,26457.08,Conciliado,Pagamento,CT-002,FN-002,Ref. NF-7112,Boleto,0.00,,,,,,,,
TRX-00481,2024-10-23,2024-10-29,,15552.08,,Pendente,Recebimento,CT-008,FN-008,Ref. NF-4715,Boleto,15552.08,214,,181 a 360 dias,,Muito Crítico,,6,
TRX-01896,2024-06-26,2024-07-07,2024-07-12,48375.51,45128.88,Divergente,Pagamento,CT-004,FN-006,Ref. NF-8154,Pix,3246.63,,323,,181 a 360 dias,,Muito Crítico,,6
TRX-00131,2024-08-09,2024-08-18,2024-08-20,8650.53,8650.53,Conciliado,Pagamento,CT-003,FN-005,Ref. NF-5496,Pix,0.00,,,,,,,,
TRX-02237,2024-11-12,2024-11-27,2024-11-30,5764.65,5764.65,Conciliado,Pagamento,CT-008,FN-005,Ref. NF-7348,Ted,0.00,,,,,,,,
TRX-02101,2024-09-09,2024-09-12,2024-09-15,35321.23,35321.23,Conciliado,Estorno,CT-008,FN-001,Ref. NF-6564,Pix,0.00,,,,,,,,
TRX-01128,2024-11-26,2024-12-08,2024-12-11,28797.00,28797.00,Conciliado,Recebimento,CT-001,FN-007,Ref. NF-5176,Pix,0.00,,,,,,,,
TRX-02649,2024-09-09,2024-09-20,,3064.55,,Pendente,Recebimento,CT-008,FN-005,Ref. NF-3196,Boleto,3064.55,253,,181 a 360 dias,,Muito Crítico,,6,
TRX-01765,2024-03-14,2024-03-20,2024-03-25,8324.94,7621.06,Divergente,Pagamento,CT-005,FN-006,Ref. NF-2836,Pix,703.88,,432,,+360 dias,,Máximo,,7
TRX-02798,2024-04-05,2024-04-20,2024-04-20,31350.61,31350.61,Conciliado,Pagamento,CT-001,FN-001,Ref. NF-4311,Pix,0.00,,,,,,,,
TRX-01810,2025-04-30,2025-05-02,2025-05-02,49674.78,49674.78,Conciliado,Pagamento,CT-007,FN-005,Ref. NF-3115,Ted,0.00,,,,,,,,
TRX-02855,2025-04-21,2025-04-28,,39264.56,,Pendente,Recebimento,CT-008,FN-008,Ref. NF-8473,Débito,39264.56,33,,31 a 60 dias,,Atenção,,2,
TRX-02271,2024-02-07,2024-02-08,2024-02-09,33975.32,33975.32,Conciliado,Pagamento,CT-002,FN-008,Ref. NF-6944,Ted,0.00,,,,,,,,
TRX-02368,2025-03-01,2025-03-06,,9508.84,,Pendente,Pagamento,CT-001,FN-007,Ref. NF-6684,Débito,9508.84,86,,61 a 90 dias,,Elevado,,3,
TRX-01249,2024-10-19,2024-10-25,2024-10-27,20234.19,20234.19,Conciliado,Pagamento,CT-004,FN-005,Ref. NF-1482,Pix,0.00,,,,,,,,
TRX-01483,2024-11-24,2024-12-07,2024-12-10,12834.27,12834.27,Conciliado,Estorno,CT-005,FN-002,Ref. NF-2886,Débito,0.00,,,,,,,,
TRX-02506,2024-06-03,2024-06-13,2024-06-13,35988.59,35988.59,Conciliado,Pagamento,CT-006,FN-009,Ref. NF-7610,Débito,0.00,,,,,,,,
TRX-00355,2025-03-18,2025-03-26,2025-03-29,22519.82,22519.82,Conciliado,Estorno,CT-005,FN-009,Ref. NF-8126,Débito,0.00,,,,,,,,
TRX-01382,2025-04-08,2025-04-19,,35593.46,,Pendente,Pagamento,CT-005,FN-002,Ref. NF-1025,Boleto,35593.46,42,,31 a 60 dias,,Atenção,,2,
TRX-01591,2024-07-19,2024-08-03,2024-08-03,18339.35,18339.35,Conciliado,Pagamento,CT-002,FN-010,Ref. NF-6128,Boleto,0.00,,,,,,,,
TRX-00357,2024-09-24,2024-10-08,2024-10-10,26987.39,26987.39,Conciliado,Pagamento,CT-005,FN-008,Ref. NF-5799,Pix,0.00,,,,,,,,
TRX-01718,2024-05-19,2024-05-23,,40680.29,,Pendente,Estorno,CT-005,FN-004,Ref. NF-2234,Débito,40680.29,373,,+360 dias,,Máximo,,7,
TRX-00241,2024-10-27,2024-10-29,2024-11-01,48805.10,48805.10,Conciliado,Pagamento,CT-006,FN-003,Ref. NF-6846,Boleto,0.00,,,,,,,,
TRX-01917,2024-05-25,2024-05-31,,41974.41,,Pendente,Pagamento,CT-008,FN-005,Ref. NF-6779,Boleto,41974.41,365,,+360 dias,,Máximo,,7,
TRX-00468,2024-03-15,2024-03-19,2024-03-20,7252.03,7252.03,Conciliado,Pagamento,CT-007,FN-006,Ref. NF-1977,Débito,0.00,,,,,,,,
TRX-00946,2024-11-03,2024-11-08,2024-11-09,24422.34,24422.34,Conciliado,Pagamento,CT-006,FN-009,Ref. NF-9242,Débito,0.00,,,,,,,,
TRX-00345,2024-08-23,2024-08-29,2024-08-30,29259.91,29259.91,Conciliado,Pagamento,CT-004,FN-007,Ref. NF-8722,Pix,0.00,,,,,,,,
TRX-01850,2024-10-25,2024-10-31,2024-11-02,32706.26,32706.26,Conciliado,Pagamento,CT-008,FN-008,Ref. NF-9780,Ted,0.00,,,,,,,,
TRX-00130,2024-03-05,2024-03-11,,17553.48,,Pendente,Recebimento,CT-008,FN-009,Ref. NF-3114,Pix,17553.48,446,,+360 dias,,Máximo,,7,
TRX-02693,2024-10-13,2024-10-18,2024-10-23,6622.83,6158.72,Divergente,Pagamento,CT-007,FN-002,Ref. NF-3321,Pix,464.11,,220,,181 a 360 dias,,Muito Crítico,,6
TRX-01636,2025-01-01,2025-01-05,2025-01-08,21624.22,21624.22,Conciliado,Pagamento,CT-007,FN-002,Ref. NF-4322,Débito,0.00,,,,,,,,
TRX-01095,2025-01-01,2025-01-02,2025-01-04,45834.26,45834.26,Conciliado,Pagamento,CT-008,FN-003,Ref. NF-2582,Débito,0.00,,,,,,,,
TRX-01866,2024-02-11,2024-02-14,2024-02-16,46595.40,46595.40,Conciliado,Recebimento,CT-004,FN-009,Ref. NF-8031,Débito,0.00,,,,,,,,
TRX-01451,2024-04-23,2024-05-08,2024-05-09,29076.58,29076.58,Conciliado,Recebimento,CT-008,FN-003,Ref. NF-2014,Débito,0.00,,,,,,,,
TRX-02483,2025-02-28,2025-03-15,2025-03-16,34769.39,34769.39,Conciliado,Pagamento,CT-007,FN-003,Ref. NF-6707,Débito,0.00,,,,,,,,
TRX-02612,2024-08-11,2024-08-25,,14277.74,,Pendente,Estorno,CT-002,FN-010,Ref. NF-1802,Pix,14277.74,279,,181 a 360 dias,,Muito Crítico,,6,
TRX-00585,2024-05-20,2024-06-02,2024-06-05,40442.59,40442.59,Conciliado,Pagamento,CT-008,FN-002,Ref. NF-8160,Ted,0.00,,,,,,,,
TRX-01009,2024-03-11,2024-03-25,,18080.27,,Pendente,Pagamento,CT-002,FN-005,Ref. NF-5268,Boleto,18080.27,432,,+360 dias,,Máximo,,7,
TRX-02851,2024-09-18,2024-09-24,2024-09-27,10622.41,10622.41,Conciliado,Pagamento,CT-007,FN-004,Ref. NF-3358,Pix,0.00,,,,,,,,
TRX-00364,2024-03-22,2024-04-02,2024-04-03,24320.86,24320.86,Conciliado,Estorno,CT-002,FN-005,Ref. NF-8113,Pix,0.00,,,,,,,,
TRX-00015,2024-04-19,2024-04-28,2024-05-01,39338.66,39338.66,Conciliado,Estorno,CT-008,FN-004,Ref. NF-1887,Pix,0.00,,,,,,,,
TRX-00988,2024-07-14,2024-07-28,2024-07-30,29456.44,29456.44,Conciliado,Pagamento,CT-008,FN-007,Ref. NF-6940,Ted,0.00,,,,,,,,
TRX-00082,2024-04-30,2024-05-14,2024-05-15,45133.96,45133.96,Conciliado,Pagamento,CT-006,FN-009,Ref. NF-8450,Boleto,0.00,,,,,,,,
TRX-00815,2025-02-01,2025-02-12,2025-02-12,29648.18,29648.18,Conciliado,Pagamento,CT-003,FN-006,Ref. NF-3607,Débito,0.00,,,,,,,,
TRX-00363,2024-07-16,2024-07-29,2024-08-01,23311.31,23311.31,Conciliado,Pagamento,CT-001,FN-004,Ref. NF-6293,Débito,0.00,,,,,,,,
TRX-01261,2024-12-07,2024-12-16,,41780.91,,Pendente,Pagamento,CT-002,FN-001,Ref. NF-3988,Pix,41780.91,166,,121 a 180 dias,,Crítico,,5,
TRX-00699,2024-01-30,2024-02-05,2024-02-06,15268.36,15268.36,Conciliado,Estorno,CT-008,FN-006,Ref. NF-8058,Pix,0.00,,,,,,,,
TRX-00107,2024-12-01,2024-12-13,2024-12-13,28166.64,28166.64,Conciliado,Pagamento,CT-002,FN-005,Ref. NF-6928,Boleto,0.00,,,,,,,,
TRX-00054,2024-02-28,2024-03-13,2024-03-15,29062.55,29062.55,Conciliado,Recebimento,CT-008,FN-002,Ref. NF-7818,Pix,0.00,,,,,,,,
TRX-01527,2024-03-31,2024-04-07,2024-04-08,27831.42,27831.42,Conciliado,Pagamento,CT-004,FN-007,Ref. NF-3569,Débito,0.00,,,,,,,,
TRX-02911,2024-05-04,2024-05-13,2024-05-13,17738.42,17738.42,Conciliado,Pagamento,CT-008,FN-002,Ref. NF-2727,Pix,0.00,,,,,,,,
TRX-01719,2024-08-26,2024-09-07,2024-09-09,25348.90,25348.90,Conciliado,Pagamento,CT-007,FN-008,Ref. NF-6631,Débito,0.00,,,,,,,,
TRX-02704,2024-10-12,2024-10-22,2024-10-25,4994.87,4994.87,Conciliado,Pagamento,CT-004,FN-007,Ref. NF-6018,Boleto,0.00,,,,,,,,
TRX-01691,2024-08-08,2024-08-12,2024-08-12,32527.29,32527.29,Conciliado,Pagamento,CT-008,FN-005,Ref. NF-4598,Pix,0.00,,,,,,,,
TRX-01185,2025-03-24,2025-03-29,2025-03-31,21771.29,21771.29,Conciliado,Recebimento,CT-004,FN-001,Ref. NF-7742,Ted,0.00,,,,,,,,
TRX-02301,2024-07-07,2024-07-19,2024-07-22,44024.44,44024.44,Conciliado,Pagamento,CT-006,FN-010,Ref. NF-2446,Boleto,0.00,,,,,,,,
TRX-00575,2024-06-22,2024-06-26,,15310.48,,Pendente,Estorno,CT-004,FN-006,Ref. NF-7187,Débito,15310.48,339,,181 a 360 dias,,Muito Crítico,,6,
TRX-00170,2024-07-03,2024-07-12,2024-07-15,38200.63,38200.63,Conciliado,Recebimento,CT-002,FN-008,Ref. NF-3390,Débito,0.00,,,,,,,,
TRX-00929,2024-06-15,2024-06-25,2024-06-28,47616.38,47616.38,Conciliado,Pagamento,CT-008,FN-002,Ref. NF-3644,Ted,0.00,,,,,,,,
TRX-02011,2024-07-10,2024-07-24,2024-07-26,16230.90,15559.85,Divergente,Pagamento,CT-005,FN-005,Ref. NF-4998,Ted,671.05,,309,,181 a 360 dias,,Muito Crítico,,6
TRX-00111,2025-04-07,2025-04-21,2025-04-22,38587.21,38587.21,Conciliado,Pagamento,CT-008,FN-008,Ref. NF-3267,Ted,0.00,,,,,,,,
TRX-00402,2024-02-27,2024-03-01,2024-03-02,16511.32,16511.32,Conciliado,Pagamento,CT-007,FN-007,Ref. NF-6309,Débito,0.00,,,,,,,,
TRX-01479,2024-04-30,2024-05-02,2024-05-05,31227.86,31227.86,Conciliado,Estorno,CT-005,FN-009,Ref. NF-8120,Boleto,0.00,,,,,,,,
TRX-00463,2024-11-17,2024-12-01,2024-12-06,28106.66,25314.72,Divergente,Pagamento,CT-007,FN-001,Ref. NF-4592,Ted,2791.94,,176,,121 a 180 dias,,Crítico,,5
TRX-00907,2025-03-01,2025-03-09,2025-03-11,16258.66,16258.66,Conciliado,Pagamento,CT-007,FN-003,Ref. NF-7956,Ted,0.00,,,,,,,,
TRX-00086,2024-09-19,2024-09-29,,2646.57,,Pendente,Recebimento,CT-004,FN-010,Ref. NF-1510,Pix,2646.57,244,,181 a 360 dias,,Muito Crítico,,6,
TRX-02466,2024-02-11,2024-02-14,2024-02-17,49258.14,49258.14,Conciliado,Pagamento,CT-006,FN-001,Ref. NF-7697,Pix,0.00,,,,,,,,
TRX-00233,2024-01-12,2024-01-14,2024-01-17,45301.36,45301.36,Conciliado,Recebimento,CT-003,FN-002,Ref. NF-8096,Ted,0.00,,,,,,,,
TRX-00336,2024-09-21,2024-10-03,2024-10-06,18307.13,17559.36,Divergente,Estorno,CT-003,FN-001,Ref. NF-4281,Ted,747.77,,237,,181 a 360 dias,,Muito Crítico,,6
TRX-01142,2024-01-06,2024-01-08,2024-01-11,1721.83,1721.83,Conciliado,Estorno,CT-005,FN-001,Ref. NF-8541,Pix,0.00,,,,,,,,
TRX-01476,2024-08-06,2024-08-18,2024-08-21,1641.15,1641.15,Conciliado,Pagamento,CT-006,FN-001,Ref. NF-7326,Pix,0.00,,,,,,,,
TRX-00191,2025-01-20,2025-01-26,2025-01-27,13307.55,13307.55,Conciliado,Pagamento,CT-001,FN-002,Ref. NF-9199,Boleto,0.00,,,,,,,,
TRX-01132,2024-05-27,2024-06-05,2024-06-05,1350.50,1350.50,Conciliado,Recebimento,CT-003,FN-004,Ref. NF-3928,Débito,0.00,,,,,,,,
TRX-00858,2025-01-01,2025-01-13,2025-01-16,13521.30,13014.38,Divergente,Recebimento,CT-007,FN-008,Ref. NF-2218,Pix,506.92,,135,,121 a 180 dias,,Crítico,,5
TRX-02534,2024-10-10,2024-10-24,2024-10-27,11863.82,11863.82,Conciliado,Recebimento,CT-001,FN-006,Ref. NF-2980,Pix,0.00,,,,,,,,
TRX-01621,2025-01-09,2025-01-14,2025-01-15,17811.26,17811.26,Conciliado,Pagamento,CT-005,FN-004,Ref. NF-2663,Débito,0.00,,,,,,,,
TRX-00102,2024-12-14,2024-12-29,2024-12-29,3880.17,3880.17,Conciliado,Pagamento,CT-003,FN-008,Ref. NF-8565,Boleto,0.00,,,,,,,,
TRX-00767,2025-03-08,2025-03-14,2025-03-14,39874.35,39874.35,Conciliado,Recebimento,CT-002,FN-008,Ref. NF-6137,Ted,0.00,,,,,,,,
TRX-00857,2024-10-02,2024-10-15,2024-10-19,18792.26,17343.85,Divergente,Pagamento,CT-008,FN-001,Ref. NF-2795,Ted,1448.41,,224,,181 a 360 dias,,Muito Crítico,,6
TRX-00811,2024-04-12,2024-04-20,2024-04-23,47975.03,47975.03,Conciliado,Pagamento,CT-005,FN-002,Ref. NF-7830,Débito,0.00,,,,,,,,
TRX-01088,2025-02-18,2025-02-19,2025-02-19,47631.25,47631.25,Conciliado,Estorno,CT-007,FN-009,Ref. NF-7017,Pix,0.00,,,,,,,,
TRX-01403,2024-07-26,2024-08-10,2024-08-10,17032.63,17032.63,Conciliado,Estorno,CT-001,FN-006,Ref. NF-6497,Pix,0.00,,,,,,,,
TRX-01762,2024-06-03,2024-06-04,2024-06-05,45407.19,40698.02,Divergente,Pagamento,CT-008,FN-009,Ref. NF-1680,Pix,4709.17,,360,,181 a 360 dias,,Muito Crítico,,6
TRX-01346,2025-02-03,2025-02-17,2025-02-17,37648.58,37648.58,Conciliado,Pagamento,CT-006,FN-005,Ref. NF-4166,Pix,0.00,,,,,,,,
TRX-02681,2025-04-18,2025-04-23,2025-04-25,38110.81,38110.81,Conciliado,Estorno,CT-005,FN-008,Ref. NF-7013,Pix,0.00,,,,,,,,
TRX-01253,2024-11-24,2024-12-01,,32056.39,,Pendente,Pagamento,CT-006,FN-004,Ref. NF-5612,Pix,32056.39,181,,181 a 360 dias,,Muito Crítico,,6,
TRX-01635,2024-04-24,2024-04-30,2024-04-30,23891.14,23891.14,Conciliado,Pagamento,CT-002,FN-001,Ref. NF-1921,Débito,0.00,,,,,,,,
TRX-01639,2024-03-27,2024-04-07,2024-04-10,11057.72,11057.72,Conciliado,Pagamento,CT-004,FN-003,Ref. NF-7298,Ted,0.00,,,,,,,,
TRX-00132,2024-03-05,2024-03-16,2024-03-18,32228.88,32228.88,Conciliado,Estorno,CT-002,FN-009,Ref. NF-1464,Ted,0.00,,,,,,,,
TRX-02441,2024-01-04,2024-01-13,2024-01-15,46812.48,46812.48,Conciliado,Pagamento,CT-004,FN-005,Ref. NF-4221,Ted,0.00,,,,,,,,
TRX-01915,2025-03-06,2025-03-12,2025-03-13,25949.08,24698.16,Divergente,Pagamento,CT-008,FN-002,Ref. NF-3336,Boleto,1250.92,,79,,61 a 90 dias,,Elevado,,3
TRX-00279,2024-05-24,2024-05-26,2024-05-28,10387.59,10387.59,Conciliado,Recebimento,CT-004,FN-010,Ref. NF-1645,Pix,0.00,,,,,,,,
TRX-01656,2024-12-17,2024-12-26,2024-12-30,21196.94,20841.18,Divergente,Recebimento,CT-004,FN-010,Ref. NF-6270,Pix,355.76,,152,,121 a 180 dias,,Crítico,,5
TRX-01693,2024-08-02,2024-08-03,2024-08-06,33124.25,33124.25,Conciliado,Pagamento,CT-008,FN-008,Ref. NF-8142,Débito,0.00,,,,,,,,
TRX-01017,2024-07-12,2024-07-14,2024-07-16,16414.97,16414.97,Conciliado,Pagamento,CT-008,FN-002,Ref. NF-9643,Débito,0.00,,,,,,,,
TRX-01192,2024-06-27,2024-07-02,2024-07-03,42053.66,42053.66,Conciliado,Recebimento,CT-004,FN-005,Ref. NF-4840,Ted,0.00,,,,,,,,
TRX-01257,2024-02-25,2024-03-04,2024-03-05,10643.39,9945.29,Divergente,Pagamento,CT-008,FN-001,Ref. NF-7912,Débito,698.10,,452,,+360 dias,,Máximo,,7
TRX-02975,2024-08-12,2024-08-14,2024-08-18,22234.39,21617.80,Divergente,Recebimento,CT-008,FN-002,Ref. NF-8512,Pix,616.59,,286,,181 a 360 dias,,Muito Crítico,,6
TRX-00662,2024-02-19,2024-02-23,2024-02-26,26243.67,26243.67,Conciliado,Pagamento,CT-007,FN-010,Ref. NF-6514,Débito,0.00,,,,,,,,
TRX-00159,2024-07-21,2024-07-26,2024-07-26,21473.02,21473.02,Conciliado,Pagamento,CT-002,FN-001,Ref. NF-5703,Pix,0.00,,,,,,,,
TRX-02514,2024-11-25,2024-12-05,2024-12-08,45056.63,41723.85,Divergente,Estorno,CT-003,FN-001,Ref. NF-4315,Boleto,3332.78,,174,,121 a 180 dias,,Crítico,,5
TRX-02573,2024-03-29,2024-03-30,2024-03-31,2132.43,2132.43,Conciliado,Recebimento,CT-005,FN-001,Ref. NF-8101,Pix,0.00,,,,,,,,
TRX-01464,2024-09-29,2024-09-30,2024-10-01,5674.80,5674.80,Conciliado,Recebimento,CT-008,FN-005,Ref. NF-2999,Ted,0.00,,,,,,,,
TRX-02705,2024-11-05,2024-11-17,2024-11-18,36785.78,36785.78,Conciliado,Estorno,CT-006,FN-008,Ref. NF-5716,Boleto,0.00,,,,,,,,
TRX-00134,2024-06-01,2024-06-09,2024-06-11,21073.28,21073.28,Conciliado,Pagamento,CT-003,FN-008,Ref. NF-6658,Pix,0.00,,,,,,,,
TRX-01452,2024-11-26,2024-12-10,2024-12-13,46655.24,43896.55,Divergente,Pagamento,CT-003,FN-008,Ref. NF-1414,Pix,2758.69,,169,,121 a 180 dias,,Crítico,,5
TRX-00852,2025-01-14,2025-01-28,2025-01-28,36805.44,36805.44,Conciliado,Pagamento,CT-008,FN-003,Ref. NF-7060,Boleto,0.00,,,,,,,,
TRX-00089,2024-08-08,2024-08-16,2024-08-18,20237.14,20237.14,Conciliado,Recebimento,CT-006,FN-008,Ref. NF-8770,Ted,0.00,,,,,,,,
TRX-00691,2024-10-09,2024-10-14,2024-10-17,47352.26,47352.26,Conciliado,Pagamento,CT-003,FN-006,Ref. NF-1155,Pix,0.00,,,,,,,,
TRX-02650,2024-02-08,2024-02-09,2024-02-09,42220.47,42220.47,Conciliado,Pagamento,CT-003,FN-005,Ref. NF-2196,Débito,0.00,,,,,,,,
TRX-02454,2025-04-26,2025-04-30,,17870.74,,Pendente,Recebimento,CT-004,FN-003,Ref. NF-4045,Boleto,17870.74,31,,31 a 60 dias,,Atenção,,2,
TRX-01998,2024-06-25,2024-07-09,2024-07-10,35077.61,35077.61,Conciliado,Pagamento,CT-004,FN-008,Ref. NF-8465,Boleto,0.00,,,,,,,,
TRX-02919,2024-01-19,2024-01-30,2024-01-31,957.65,957.65,Conciliado,Pagamento,CT-007,FN-009,Ref. NF-4659,Boleto,0.00,,,,,,,,
TRX-02928,2024-07-24,2024-07-28,2024-07-28,7957.80,7957.80,Conciliado,Pagamento,CT-003,FN-009,Ref. NF-9956,Pix,0.00,,,,,,,,
TRX-02034,2024-04-21,2024-04-29,2024-04-29,28910.96,28910.96,Conciliado,Estorno,CT-002,FN-002,Ref. NF-3731,Débito,0.00,,,,,,,,
TRX-01647,2025-04-09,2025-04-17,2025-04-19,29817.63,29817.63,Conciliado,Pagamento,CT-003,FN-004,Ref. NF-1747,Boleto,0.00,,,,,,,,
TRX-00297,2024-09-24,2024-09-26,2024-09-28,33677.58,33677.58,Conciliado,Recebimento,CT-003,FN-001,Ref. NF-2016,Pix,0.00,,,,,,,,
TRX-00270,2025-03-20,2025-03-31,2025-04-02,3176.07,3176.07,Conciliado,Estorno,CT-005,FN-007,Ref. NF-8496,Boleto,0.00,,,,,,,,
TRX-01240,2024-12-19,2024-12-31,2025-01-02,18728.02,18728.02,Conciliado,Estorno,CT-001,FN-009,Ref. NF-8423,Pix,0.00,,,,,,,,
TRX-02735,2024-01-17,2024-01-18,2024-01-21,49595.73,49595.73,Conciliado,Estorno,CT-002,FN-008,Ref. NF-7251,Ted,0.00,,,,,,,,
TRX-02633,2025-03-21,2025-04-04,2025-04-06,9775.13,9775.13,Conciliado,Pagamento,CT-003,FN-007,Ref. NF-3914,Boleto,0.00,,,,,,,,
TRX-02364,2024-07-18,2024-07-28,2024-07-30,25324.33,25324.33,Conciliado,Pagamento,CT-003,FN-009,Ref. NF-3525,Débito,0.00,,,,,,,,
TRX-01540,2024-05-14,2024-05-28,2024-05-30,49220.28,49220.28,Conciliado,Estorno,CT-006,FN-007,Ref. NF-4487,Pix,0.00,,,,,,,,
TRX-01519,2025-01-18,2025-01-23,2025-01-26,11276.72,11276.72,Conciliado,Estorno,CT-007,FN-003,Ref. NF-4167,Pix,0.00,,,,,,,,
TRX-02740,2024-05-28,2024-06-09,2024-06-11,21285.52,21285.52,Conciliado,Estorno,CT-005,FN-006,Ref. NF-7223,Ted,0.00,,,,,,,,
TRX-00841,2024-12-31,2025-01-05,2025-01-08,36056.81,36056.81,Conciliado,Pagamento,CT-006,FN-009,Ref. NF-4343,Ted,0.00,,,,,,,,
TRX-01498,2024-08-22,2024-08-24,2024-08-26,47901.79,47901.79,Conciliado,Pagamento,CT-008,FN-003,Ref. NF-7776,Pix,0.00,,,,,,,,
TRX-00078,2024-03-13,2024-03-26,2024-03-28,39638.76,39638.76,Conciliado,Recebimento,CT-006,FN-002,Ref. NF-7242,Ted,0.00,,,,,,,,
TRX-02307,2024-12-12,2024-12-18,2024-12-20,43108.62,43108.62,Conciliado,Estorno,CT-006,FN-009,Ref. NF-8658,Pix,0.00,,,,,,,,
TRX-00594,2024-05-19,2024-05-23,2024-05-24,47970.14,44863.12,Divergente,Pagamento,CT-004,FN-008,Ref. NF-3843,Boleto,3107.02,,372,,+360 dias,,Máximo,,7
TRX-01728,2025-04-25,2025-05-10,2025-05-14,12807.88,12362.28,Divergente,Pagamento,CT-008,FN-006,Ref. NF-7172,Pix,445.60,,17,,0 a 30 dias,,Normal,,1
TRX-01525,2024-01-31,2024-02-08,2024-02-10,41220.43,39907.03,Divergente,Estorno,CT-007,FN-003,Ref. NF-9218,Boleto,1313.40,,476,,+360 dias,,Máximo,,7
TRX-00779,2025-01-05,2025-01-10,2025-01-13,4448.48,4448.48,Conciliado,Pagamento,CT-006,FN-007,Ref. NF-9082,Ted,0.00,,,,,,,,
TRX-01771,2024-01-09,2024-01-12,2024-01-12,25446.41,25446.41,Conciliado,Pagamento,CT-002,FN-006,Ref. NF-2477,Ted,0.00,,,,,,,,
TRX-02030,2024-10-01,2024-10-03,2024-10-05,42475.12,42475.12,Conciliado,Estorno,CT-007,FN-001,Ref. NF-5667,Débito,0.00,,,,,,,,
TRX-00861,2024-12-10,2024-12-14,2024-12-14,40786.51,40786.51,Conciliado,Recebimento,CT-003,FN-008,Ref. NF-4509,Ted,0.00,,,,,,,,
TRX-02318,2024-06-09,2024-06-15,2024-06-16,2319.02,2319.02,Conciliado,Recebimento,CT-001,FN-003,Ref. NF-6905,Boleto,0.00,,,,,,,,
TRX-00026,2024-08-08,2024-08-11,2024-08-13,44996.77,44996.77,Conciliado,Pagamento,CT-006,FN-001,Ref. NF-7658,Pix,0.00,,,,,,,,
TRX-00874,2024-07-22,2024-08-04,2024-08-04,28376.09,28376.09,Conciliado,Recebimento,CT-006,FN-008,Ref. NF-9025,Ted,0.00,,,,,,,,
TRX-00774,2024-06-29,2024-07-06,2024-07-08,21754.65,21754.65,Conciliado,Pagamento,CT-003,FN-006,Ref. NF-3003,Pix,0.00,,,,,,,,
TRX-00045,2024-10-21,2024-11-01,2024-11-03,29808.84,29808.84,Conciliado,Recebimento,CT-004,FN-002,Ref. NF-2983,Boleto,0.00,,,,,,,,
TRX-02007,2024-03-01,2024-03-12,2024-03-17,7780.33,6751.08,Divergente,Pagamento,CT-001,FN-007,Ref. NF-2052,Pix,1029.25,,440,,+360 dias,,Máximo,,7
TRX-01947,2024-04-07,2024-04-12,2024-04-14,17714.99,17714.99,Conciliado,Estorno,CT-002,FN-010,Ref. NF-5054,Boleto,0.00,,,,,,,,
TRX-02385,2025-01-12,2025-01-17,2025-01-17,10413.61,10413.61,Conciliado,Pagamento,CT-003,FN-010,Ref. NF-2450,Ted,0.00,,,,,,,,
TRX-00178,2024-05-18,2024-05-19,2024-05-23,46473.93,45546.43,Divergente,Pagamento,CT-001,FN-003,Ref. NF-7375,Pix,927.50,,373,,+360 dias,,Máximo,,7
TRX-02137,2025-01-30,2025-02-14,2025-02-16,8798.39,8798.39,Conciliado,Pagamento,CT-004,FN-007,Ref. NF-8618,Ted,0.00,,,,,,,,
TRX-02360,2024-05-07,2024-05-08,2024-05-10,3836.59,3836.59,Conciliado,Recebimento,CT-003,FN-008,Ref. NF-7854,Ted,0.00,,,,,,,,
TRX-02993,2024-06-17,2024-07-01,2024-07-03,1295.91,1295.91,Conciliado,Pagamento,CT-002,FN-005,Ref. NF-2840,Débito,0.00,,,,,,,,
TRX-02499,2024-02-29,2024-03-02,2024-03-04,1749.49,1749.49,Conciliado,Estorno,CT-003,FN-009,Ref. NF-4058,Débito,0.00,,,,,,,,
TRX-00194,2024-12-12,2024-12-25,2024-12-29,8426.72,7905.67,Divergente,Pagamento,CT-003,FN-009,Ref. NF-7481,Pix,521.05,,153,,121 a 180 dias,,Crítico,,5
TRX-01115,2024-06-09,2024-06-24,2024-06-27,48630.86,48630.86,Conciliado,Pagamento,CT-004,FN-006,Ref. NF-4085,Boleto,0.00,,,,,,,,
TRX-00992,2024-10-21,2024-10-23,2024-10-23,33794.17,33794.17,Conciliado,Pagamento,CT-006,FN-010,Ref. NF-8548,Pix,0.00,,,,,,,,
TRX-01154,2024-01-02,2024-01-10,2024-01-12,49193.20,49193.20,Conciliado,Pagamento,CT-003,FN-005,Ref. NF-3706,Pix,0.00,,,,,,,,
TRX-00494,2024-09-19,2024-10-01,,3396.26,,Pendente,Pagamento,CT-003,FN-010,Ref. NF-1866,Pix,3396.26,242,,181 a 360 dias,,Muito Crítico,,6,
TRX-00566,2025-02-04,2025-02-14,,5717.85,,Pendente,Estorno,CT-001,FN-009,Ref. NF-5786,Pix,5717.85,106,,91 a 120 dias,,Alto,,4,
TRX-02906,2024-11-18,2024-11-20,,37906.96,,Pendente,Pagamento,CT-001,FN-004,Ref. NF-3720,Pix,37906.96,192,,181 a 360 dias,,Muito Crítico,,6,
TRX-00226,2025-03-10,2025-03-22,2025-03-25,49164.23,42429.90,Divergente,Pagamento,CT-004,FN-009,Ref. NF-9515,Ted,6734.33,,67,,61 a 90 dias,,Elevado,,3
TRX-01478,2024-06-13,2024-06-17,2024-06-20,9372.69,9372.69,Conciliado,Pagamento,CT-008,FN-001,Ref. NF-5910,Pix,0.00,,,,,,,,
TRX-01423,2024-02-20,2024-03-02,2024-03-05,39390.98,36601.16,Divergente,Pagamento,CT-006,FN-009,Ref. NF-9243,Pix,2789.82,,452,,+360 dias,,Máximo,,7
TRX-00749,2024-04-18,2024-04-30,2024-05-01,2394.98,2394.98,Conciliado,Pagamento,CT-005,FN-008,Ref. NF-7230,Débito,0.00,,,,,,,,
TRX-02183,2024-02-29,2024-03-10,2024-03-13,18424.44,16299.39,Divergente,Pagamento,CT-005,FN-003,Ref. NF-5959,Débito,2125.05,,444,,+360 dias,,Máximo,,7
TRX-01445,2025-01-24,2025-01-31,2025-02-01,19373.70,19373.70,Conciliado,Pagamento,CT-006,FN-010,Ref. NF-5524,Pix,0.00,,,,,,,,
TRX-01973,2024-11-06,2024-11-10,,37994.67,,Pendente,Recebimento,CT-006,FN-001,Ref. NF-2610,Débito,37994.67,202,,181 a 360 dias,,Muito Crítico,,6,
TRX-02103,2024-06-18,2024-06-29,2024-06-29,20271.97,20271.97,Conciliado,Pagamento,CT-003,FN-009,Ref. NF-3980,Débito,0.00,,,,,,,,
TRX-00455,2024-11-18,2024-11-30,2024-12-01,36898.55,36898.55,Conciliado,Recebimento,CT-002,FN-008,Ref. NF-9856,Boleto,0.00,,,,,,,,
TRX-00458,2024-05-04,2024-05-16,2024-05-17,45280.79,45280.79,Conciliado,Pagamento,CT-003,FN-001,Ref. NF-2742,Pix,0.00,,,,,,,,
TRX-02235,2024-10-29,2024-10-30,2024-11-02,42408.48,42408.48,Conciliado,Pagamento,CT-004,FN-010,Ref. NF-7418,Débito,0.00,,,,,,,,
TRX-00120,2025-03-29,2025-03-30,2025-04-01,23933.29,23933.29,Conciliado,Pagamento,CT-007,FN-009,Ref. NF-6438,Boleto,0.00,,,,,,,,
TRX-01102,2024-09-08,2024-09-11,2024-09-11,14869.19,14869.19,Conciliado,Pagamento,CT-003,FN-001,Ref. NF-1093,Débito,0.00,,,,,,,,
TRX-01565,2024-08-05,2024-08-13,2024-08-14,5688.15,5688.15,Conciliado,Estorno,CT-007,FN-009,Ref. NF-8117,Pix,0.00,,,,,,,,
TRX-01971,2025-02-03,2025-02-11,2025-02-12,45612.35,45025.18,Divergente,Recebimento,CT-001,FN-006,Ref. NF-5006,Ted,587.17,,108,,91 a 120 dias,,Alto,,4
TRX-02997,2025-02-01,2025-02-04,,25707.79,,Pendente,Recebimento,CT-005,FN-010,Ref. NF-6259,Pix,25707.79,116,,91 a 120 dias,,Alto,,4,
TRX-00323,2025-03-30,2025-04-09,2025-04-10,8697.49,8697.49,Conciliado,Estorno,CT-003,FN-008,Ref. NF-2938,Pix,0.00,,,,,,,,
TRX-02397,2024-06-10,2024-06-23,2024-06-26,30796.55,30796.55,Conciliado,Pagamento,CT-004,FN-010,Ref. NF-6658,Débito,0.00,,,,,,,,
TRX-02031,2024-10-24,2024-11-03,2024-11-03,8480.88,8480.88,Conciliado,Estorno,CT-001,FN-006,Ref. NF-6500,Débito,0.00,,,,,,,,
TRX-00573,2024-02-17,2024-02-26,2024-02-27,1659.38,1659.38,Conciliado,Pagamento,CT-006,FN-003,Ref. NF-7926,Débito,0.00,,,,,,,,
TRX-01660,2024-03-21,2024-03-31,2024-03-31,13776.14,13776.14,Conciliado,Pagamento,CT-002,FN-005,Ref. NF-7960,Débito,0.00,,,,,,,,
TRX-01836,2024-10-05,2024-10-10,2024-10-11,6187.78,6187.78,Conciliado,Recebimento,CT-005,FN-010,Ref. NF-2540,Pix,0.00,,,,,,,,
TRX-01463,2024-01-30,2024-02-06,2024-02-09,18893.74,18893.74,Conciliado,Estorno,CT-006,FN-004,Ref. NF-2879,Pix,0.00,,,,,,,,
TRX-02676,2025-01-27,2025-02-05,,2131.93,,Pendente,Pagamento,CT-007,FN-003,Ref. NF-4859,Boleto,2131.93,115,,91 a 120 dias,,Alto,,4,
TRX-02641,2024-09-14,2024-09-16,2024-09-19,37678.44,37678.44,Conciliado,Pagamento,CT-005,FN-001,Ref. NF-2982,Ted,0.00,,,,,,,,
TRX-02376,2024-08-03,2024-08-08,2024-08-09,31990.91,31990.91,Conciliado,Recebimento,CT-007,FN-001,Ref. NF-5013,Pix,0.00,,,,,,,,
TRX-01362,2025-02-09,2025-02-14,2025-02-16,36657.12,36657.12,Conciliado,Recebimento,CT-002,FN-003,Ref. NF-8843,Pix,0.00,,,,,,,,
TRX-00654,2025-01-15,2025-01-21,2025-01-25,4026.10,3947.58,Divergente,Recebimento,CT-005,FN-010,Ref. NF-5182,Boleto,78.52,,126,,121 a 180 dias,,Crítico,,5
TRX-01340,2024-10-24,2024-11-06,2024-11-09,44295.99,44295.99,Conciliado,Pagamento,CT-005,FN-001,Ref. NF-5338,Boleto,0.00,,,,,,,,
TRX-00209,2024-02-17,2024-02-28,2024-03-01,33393.19,33393.19,Conciliado,Pagamento,CT-002,FN-006,Ref. NF-8032,Boleto,0.00,,,,,,,,
TRX-02833,2025-03-10,2025-03-23,2025-03-24,29274.76,25452.39,Divergente,Recebimento,CT-002,FN-006,Ref. NF-1722,Ted,3822.37,,68,,61 a 90 dias,,Elevado,,3
TRX-01562,2024-06-01,2024-06-11,2024-06-13,8949.48,8949.48,Conciliado,Estorno,CT-006,FN-008,Ref. NF-9518,Débito,0.00,,,,,,,,
TRX-00454,2024-07-06,2024-07-15,2024-07-16,32565.73,32565.73,Conciliado,Pagamento,CT-008,FN-005,Ref. NF-2749,Boleto,0.00,,,,,,,,
TRX-01094,2024-10-07,2024-10-22,2024-10-23,29062.46,29062.46,Conciliado,Estorno,CT-007,FN-004,Ref. NF-4085,Boleto,0.00,,,,,,,,
TRX-02824,2025-01-13,2025-01-28,2025-01-30,46733.76,46733.76,Conciliado,Pagamento,CT-005,FN-005,Ref. NF-6446,Ted,0.00,,,,,,,,
TRX-00425,2024-02-19,2024-02-27,,47398.69,,Pendente,Recebimento,CT-008,FN-004,Ref. NF-7423,Ted,47398.69,459,,+360 dias,,Máximo,,7,
TRX-02100,2024-03-15,2024-03-16,2024-03-16,28860.29,28860.29,Conciliado,Pagamento,CT-005,FN-008,Ref. NF-6762,Débito,0.00,,,,,,,,
TRX-02468,2024-07-31,2024-08-12,2024-08-13,26023.43,26023.43,Conciliado,Pagamento,CT-002,FN-004,Ref. NF-8895,Boleto,0.00,,,,,,,,
TRX-02872,2024-01-23,2024-02-02,2024-02-04,12918.77,12918.77,Conciliado,Recebimento,CT-004,FN-007,Ref. NF-2175,Ted,0.00,,,,,,,,
TRX-01778,2024-04-18,2024-05-01,2024-05-03,13324.28,13324.28,Conciliado,Pagamento,CT-007,FN-005,Ref. NF-7468,Pix,0.00,,,,,,,,
TRX-00031,2024-09-23,2024-10-08,2024-10-08,3963.70,3963.70,Conciliado,Pagamento,CT-006,FN-007,Ref. NF-6067,Débito,0.00,,,,,,,,
TRX-01223,2024-12-08,2024-12-10,2024-12-10,39708.64,39708.64,Conciliado,Recebimento,CT-005,FN-007,Ref. NF-7035,Débito,0.00,,,,,,,,
TRX-02984,2024-03-09,2024-03-16,2024-03-19,22303.14,22303.14,Conciliado,Pagamento,CT-002,FN-001,Ref. NF-3563,Pix,0.00,,,,,,,,
TRX-02029,2024-07-12,2024-07-24,2024-07-27,27389.20,27389.20,Conciliado,Estorno,CT-002,FN-002,Ref. NF-2433,Pix,0.00,,,,,,,,
TRX-00220,2024-03-05,2024-03-17,2024-03-17,40451.84,40451.84,Conciliado,Pagamento,CT-001,FN-006,Ref. NF-1908,Ted,0.00,,,,,,,,
TRX-02169,2025-03-15,2025-03-16,2025-03-19,15853.12,15853.12,Conciliado,Recebimento,CT-005,FN-004,Ref. NF-4820,Pix,0.00,,,,,,,,
TRX-02513,2024-03-25,2024-04-02,2024-04-03,21619.75,21619.75,Conciliado,Pagamento,CT-008,FN-003,Ref. NF-6900,Débito,0.00,,,,,,,,
TRX-02654,2024-09-21,2024-09-22,2024-09-24,32710.32,28165.88,Divergente,Pagamento,CT-005,FN-003,Ref. NF-4854,Débito,4544.44,,249,,181 a 360 dias,,Muito Crítico,,6
TRX-00155,2025-04-17,2025-05-02,2025-05-05,30923.96,30923.96,Conciliado,Pagamento,CT-005,FN-006,Ref. NF-7813,Ted,0.00,,,,,,,,
TRX-02634,2024-03-04,2024-03-18,2024-03-20,31337.68,31337.68,Conciliado,Pagamento,CT-005,FN-007,Ref. NF-2365,Ted,0.00,,,,,,,,
TRX-02262,2025-01-25,2025-02-01,2025-02-03,46490.18,46490.18,Conciliado,Pagamento,CT-008,FN-003,Ref. NF-6399,Pix,0.00,,,,,,,,
TRX-00383,2024-05-14,2024-05-16,2024-05-17,38220.63,38220.63,Conciliado,Estorno,CT-007,FN-003,Ref. NF-9589,Boleto,0.00,,,,,,,,
TRX-00429,2024-02-28,2024-03-09,2024-03-12,9220.61,9220.61,Conciliado,Pagamento,CT-002,FN-008,Ref. NF-2007,Débito,0.00,,,,,,,,
TRX-02920,2024-05-12,2024-05-19,2024-05-21,16341.89,16341.89,Conciliado,Pagamento,CT-003,FN-008,Ref. NF-7173,Boleto,0.00,,,,,,,,
TRX-02881,2024-04-15,2024-04-27,2024-04-28,42033.11,42033.11,Conciliado,Pagamento,CT-004,FN-006,Ref. NF-9848,Boleto,0.00,,,,,,,,
TRX-02358,2024-07-03,2024-07-10,,35210.91,,Pendente,Recebimento,CT-003,FN-003,Ref. NF-7863,Débito,35210.91,325,,181 a 360 dias,,Muito Crítico,,6,
TRX-00866,2024-07-29,2024-08-05,2024-08-05,45662.25,45662.25,Conciliado,Recebimento,CT-007,FN-005,Ref. NF-3728,Débito,0.00,,,,,,,,
TRX-01806,2024-09-26,2024-09-27,2024-09-30,10629.88,10629.88,Conciliado,Pagamento,CT-001,FN-008,Ref. NF-1232,Ted,0.00,,,,,,,,
TRX-02247,2024-02-10,2024-02-15,2024-02-18,5630.41,4793.50,Divergente,Pagamento,CT-002,FN-009,Ref. NF-4792,Pix,836.91,,468,,+360 dias,,Máximo,,7
TRX-02602,2024-12-29,2025-01-03,2025-01-05,5377.05,5377.05,Conciliado,Estorno,CT-001,FN-006,Ref. NF-7826,Débito,0.00,,,,,,,,
TRX-00677,2024-08-14,2024-08-26,2024-08-28,11297.76,11297.76,Conciliado,Pagamento,CT-003,FN-004,Ref. NF-3418,Débito,0.00,,,,,,,,
TRX-01407,2024-12-23,2024-12-25,,9520.92,,Pendente,Pagamento,CT-002,FN-003,Ref. NF-1975,Pix,9520.92,157,,121 a 180 dias,,Crítico,,5,
TRX-02142,2024-02-26,2024-03-09,2024-03-10,38647.20,38647.20,Conciliado,Estorno,CT-004,FN-009,Ref. NF-8019,Boleto,0.00,,,,,,,,
TRX-01237,2024-07-01,2024-07-02,,28816.05,,Pendente,Estorno,CT-003,FN-007,Ref. NF-3336,Boleto,28816.05,333,,181 a 360 dias,,Muito Crítico,,6,
TRX-01761,2024-07-27,2024-07-30,2024-08-01,35304.59,34834.02,Divergente,Pagamento,CT-004,FN-006,Ref. NF-9759,Boleto,470.57,,303,,181 a 360 dias,,Muito Crítico,,6
TRX-02847,2025-03-12,2025-03-20,2025-03-21,34439.80,34439.80,Conciliado,Estorno,CT-005,FN-010,Ref. NF-5174,Pix,0.00,,,,,,,,
TRX-01674,2024-10-30,2024-11-06,2024-11-07,28434.37,24672.09,Divergente,Pagamento,CT-001,FN-006,Ref. NF-5427,Pix,3762.28,,205,,181 a 360 dias,,Muito Crítico,,6
TRX-00826,2024-05-18,2024-05-30,2024-05-31,25626.41,25626.41,Conciliado,Pagamento,CT-001,FN-008,Ref. NF-4214,Pix,0.00,,,,,,,,
TRX-02500,2024-09-18,2024-09-26,2024-10-01,20137.15,17478.86,Divergente,Pagamento,CT-005,FN-008,Ref. NF-6258,Pix,2658.29,,242,,181 a 360 dias,,Muito Crítico,,6
TRX-02136,2024-10-09,2024-10-10,2024-10-10,18425.21,18425.21,Conciliado,Recebimento,CT-005,FN-008,Ref. NF-9698,Boleto,0.00,,,,,,,,
TRX-02521,2024-04-01,2024-04-08,,30586.38,,Pendente,Pagamento,CT-004,FN-004,Ref. NF-1451,Débito,30586.38,418,,+360 dias,,Máximo,,7,
TRX-00710,2024-02-27,2024-02-29,2024-03-02,18348.15,18348.15,Conciliado,Estorno,CT-003,FN-006,Ref. NF-7292,Pix,0.00,,,,,,,,
TRX-02795,2024-11-21,2024-11-27,2024-11-27,35108.23,35108.23,Conciliado,Estorno,CT-001,FN-001,Ref. NF-6615,Boleto,0.00,,,,,,,,
TRX-02811,2025-01-03,2025-01-05,,27268.07,,Pendente,Pagamento,CT-007,FN-005,Ref. NF-9359,Débito,27268.07,146,,121 a 180 dias,,Crítico,,5,
TRX-00413,2024-12-19,2024-12-24,2024-12-26,25581.14,25581.14,Conciliado,Pagamento,CT-005,FN-005,Ref. NF-1477,Ted,0.00,,,,,,,,
TRX-00150,2024-09-30,2024-10-12,,46729.17,,Pendente,Pagamento,CT-007,FN-003,Ref. NF-5742,Pix,46729.17,231,,181 a 360 dias,,Muito Crítico,,6,
TRX-00398,2025-01-15,2025-01-26,,46391.61,,Pendente,Pagamento,CT-002,FN-003,Ref. NF-8496,Ted,46391.61,125,,121 a 180 dias,,Crítico,,5,
TRX-01251,2024-09-14,2024-09-18,,17074.63,,Pendente,Pagamento,CT-004,FN-010,Ref. NF-7147,Pix,17074.63,255,,181 a 360 dias,,Muito Crítico,,6,
TRX-01813,2024-04-08,2024-04-20,2024-04-23,42249.51,36457.87,Divergente,Recebimento,CT-007,FN-003,Ref. NF-2479,Pix,5791.64,,403,,+360 dias,,Máximo,,7
TRX-02952,2025-04-29,2025-04-30,2025-05-02,19233.06,19233.06,Conciliado,Pagamento,CT-004,FN-007,Ref. NF-2730,Débito,0.00,,,,,,,,
TRX-00593,2025-03-01,2025-03-04,2025-03-06,30717.04,30717.04,Conciliado,Pagamento,CT-007,FN-004,Ref. NF-8417,Débito,0.00,,,,,,,,
TRX-01178,2024-03-02,2024-03-12,2024-03-12,27085.54,27085.54,Conciliado,Pagamento,CT-004,FN-005,Ref. NF-3243,Pix,0.00,,,,,,,,
TRX-02472,2024-09-29,2024-10-07,2024-10-08,4301.74,4301.74,Conciliado,Estorno,CT-007,FN-008,Ref. NF-3669,Pix,0.00,,,,,,,,
TRX-01405,2024-09-09,2024-09-20,2024-09-23,5436.63,5436.63,Conciliado,Pagamento,CT-002,FN-004,Ref. NF-1312,Ted,0.00,,,,,,,,
TRX-01196,2024-10-27,2024-10-31,,19306.11,,Pendente,Estorno,CT-006,FN-002,Ref. NF-6507,Boleto,19306.11,212,,181 a 360 dias,,Muito Crítico,,6,
TRX-01704,2024-01-26,2024-01-31,2024-02-03,11495.38,10112.70,Divergente,Recebimento,CT-002,FN-005,Ref. NF-2349,Débito,1382.68,,483,,+360 dias,,Máximo,,7
TRX-02308,2024-07-21,2024-08-02,2024-08-04,23778.07,23778.07,Conciliado,Pagamento,CT-001,FN-001,Ref. NF-5139,Ted,0.00,,,,,,,,
TRX-02227,2024-01-07,2024-01-15,2024-01-17,36338.12,36338.12,Conciliado,Recebimento,CT-003,FN-001,Ref. NF-8505,Pix,0.00,,,,,,,,
TRX-02930,2024-09-25,2024-10-02,2024-10-05,16029.58,16029.58,Conciliado,Estorno,CT-007,FN-009,Ref. NF-9582,Pix,0.00,,,,,,,,
TRX-01101,2024-10-30,2024-11-13,2024-11-13,25352.59,25352.59,Conciliado,Estorno,CT-008,FN-002,Ref. NF-9466,Pix,0.00,,,,,,,,
TRX-02309,2025-03-21,2025-04-03,,22869.02,,Pendente,Pagamento,CT-002,FN-001,Ref. NF-7317,Ted,22869.02,58,,31 a 60 dias,,Atenção,,2,
TRX-01788,2025-03-07,2025-03-08,,33286.81,,Pendente,Recebimento,CT-004,FN-009,Ref. NF-5298,Ted,33286.81,84,,61 a 90 dias,,Elevado,,3,
TRX-02784,2024-12-14,2024-12-24,2024-12-24,8359.07,8359.07,Conciliado,Pagamento,CT-007,FN-009,Ref. NF-3961,Ted,0.00,,,,,,,,
TRX-00407,2024-01-26,2024-01-29,2024-01-31,7696.03,7696.03,Conciliado,Pagamento,CT-006,FN-001,Ref. NF-2784,Pix,0.00,,,,,,,,
TRX-01532,2024-09-30,2024-10-07,2024-10-08,41556.93,41556.93,Conciliado,Estorno,CT-006,FN-010,Ref. NF-5470,Pix,0.00,,,,,,,,
TRX-02966,2024-11-15,2024-11-30,2024-12-03,36092.61,31655.46,Divergente,Pagamento,CT-005,FN-002,Ref. NF-5556,Boleto,4437.15,,179,,121 a 180 dias,,Crítico,,5
TRX-02686,2025-01-21,2025-01-25,2025-01-26,49139.31,49139.31,Conciliado,Pagamento,CT-004,FN-009,Ref. NF-3635,Pix,0.00,,,,,,,,
TRX-01834,2024-04-26,2024-04-29,2024-04-30,3914.14,3914.14,Conciliado,Pagamento,CT-007,FN-006,Ref. NF-1392,Ted,0.00,,,,,,,,
TRX-01259,2024-05-31,2024-06-05,2024-06-07,43295.62,43295.62,Conciliado,Estorno,CT-001,FN-003,Ref. NF-2548,Ted,0.00,,,,,,,,
TRX-02708,2024-02-20,2024-02-22,2024-02-23,25479.73,25002.78,Divergente,Estorno,CT-007,FN-004,Ref. NF-9714,Pix,476.95,,463,,+360 dias,,Máximo,,7
TRX-00597,2024-04-08,2024-04-10,2024-04-11,48381.18,48381.18,Conciliado,Pagamento,CT-004,FN-008,Ref. NF-7489,Ted,0.00,,,,,,,,
TRX-01670,2024-10-31,2024-11-01,,38943.16,,Pendente,Pagamento,CT-002,FN-006,Ref. NF-5579,Pix,38943.16,211,,181 a 360 dias,,Muito Crítico,,6,
TRX-00880,2024-10-15,2024-10-26,2024-10-31,34408.68,32159.47,Divergente,Pagamento,CT-005,FN-009,Ref. NF-6409,Pix,2249.21,,212,,181 a 360 dias,,Muito Crítico,,6
TRX-00916,2024-09-29,2024-10-11,2024-10-14,26981.77,26981.77,Conciliado,Pagamento,CT-003,FN-002,Ref. NF-8504,Boleto,0.00,,,,,,,,
TRX-02140,2024-02-21,2024-02-22,2024-02-25,34051.32,34051.32,Conciliado,Recebimento,CT-006,FN-010,Ref. NF-8536,Pix,0.00,,,,,,,,
TRX-00257,2024-01-20,2024-01-27,2024-01-29,46081.33,46081.33,Conciliado,Pagamento,CT-001,FN-008,Ref. NF-2609,Boleto,0.00,,,,,,,,
TRX-02657,2024-08-01,2024-08-13,2024-08-15,27568.29,27568.29,Conciliado,Pagamento,CT-002,FN-004,Ref. NF-5214,Boleto,0.00,,,,,,,,
TRX-02505,2025-02-06,2025-02-16,2025-02-17,23636.46,23636.46,Conciliado,Pagamento,CT-007,FN-010,Ref. NF-5824,Débito,0.00,,,,,,,,
TRX-00500,2024-01-22,2024-01-26,2024-01-26,6386.65,6386.65,Conciliado,Pagamento,CT-001,FN-008,Ref. NF-4365,Pix,0.00,,,,,,,,
TRX-02913,2025-01-25,2025-01-26,2025-01-28,48521.11,48521.11,Conciliado,Pagamento,CT-003,FN-009,Ref. NF-4042,Ted,0.00,,,,,,,,
TRX-01630,2024-02-12,2024-02-25,2024-02-28,35557.54,35557.54,Conciliado,Pagamento,CT-001,FN-002,Ref. NF-9137,Pix,0.00,,,,,,,,
TRX-00325,2024-03-09,2024-03-20,2024-03-20,8733.90,8733.90,Conciliado,Pagamento,CT-003,FN-001,Ref. NF-5644,Débito,0.00,,,,,,,,
TRX-02639,2024-06-23,2024-07-03,2024-07-05,27820.30,27820.30,Conciliado,Pagamento,CT-007,FN-006,Ref. NF-1975,Pix,0.00,,,,,,,,
TRX-02334,2024-12-17,2024-12-29,2024-12-29,22158.57,22158.57,Conciliado,Recebimento,CT-005,FN-002,Ref. NF-1545,Pix,0.00,,,,,,,,
TRX-02431,2025-02-01,2025-02-02,2025-02-05,37697.28,37697.28,Conciliado,Estorno,CT-007,FN-007,Ref. NF-1575,Débito,0.00,,,,,,,,
TRX-00509,2024-04-28,2024-05-09,2024-05-12,41600.47,41600.47,Conciliado,Pagamento,CT-002,FN-001,Ref. NF-5960,Pix,0.00,,,,,,,,
TRX-00216,2024-07-06,2024-07-15,2024-07-18,29574.49,29574.49,Conciliado,Recebimento,CT-002,FN-001,Ref. NF-9209,Pix,0.00,,,,,,,,
TRX-01085,2025-03-26,2025-04-10,,4761.72,,Pendente,Pagamento,CT-001,FN-002,Ref. NF-5475,Débito,4761.72,51,,31 a 60 dias,,Atenção,,2,
TRX-01642,2024-04-21,2024-04-25,2024-04-26,14462.43,14462.43,Conciliado,Pagamento,CT-005,FN-003,Ref. NF-5797,Boleto,0.00,,,,,,,,
TRX-02904,2024-05-04,2024-05-18,2024-05-19,31993.25,31993.25,Conciliado,Estorno,CT-004,FN-010,Ref. NF-7192,Boleto,0.00,,,,,,,,
TRX-01267,2024-09-24,2024-10-05,2024-10-07,28609.42,28609.42,Conciliado,Pagamento,CT-003,FN-006,Ref. NF-9877,Pix,0.00,,,,,,,,
TRX-01345,2024-02-25,2024-02-29,2024-03-02,17415.59,17415.59,Conciliado,Recebimento,CT-007,FN-001,Ref. NF-6446,Ted,0.00,,,,,,,,
TRX-02613,2024-01-26,2024-02-09,2024-02-12,33505.20,33505.20,Conciliado,Pagamento,CT-008,FN-007,Ref. NF-9122,Ted,0.00,,,,,,,,
TRX-02645,2024-12-21,2025-01-01,2025-01-01,36106.49,36106.49,Conciliado,Pagamento,CT-004,FN-003,Ref. NF-3251,Pix,0.00,,,,,,,,
TRX-01418,2024-10-19,2024-10-20,2024-10-22,778.12,778.12,Conciliado,Pagamento,CT-006,FN-004,Ref. NF-2911,Boleto,0.00,,,,,,,,
TRX-00067,2024-06-25,2024-07-01,2024-07-06,46676.19,42177.35,Divergente,Estorno,CT-007,FN-008,Ref. NF-6213,Débito,4498.84,,329,,181 a 360 dias,,Muito Crítico,,6
TRX-00629,2024-02-05,2024-02-13,2024-02-14,16675.22,16675.22,Conciliado,Pagamento,CT-001,FN-003,Ref. NF-2126,Pix,0.00,,,,,,,,
TRX-02896,2024-10-08,2024-10-17,2024-10-20,38038.41,38038.41,Conciliado,Pagamento,CT-003,FN-001,Ref. NF-1285,Pix,0.00,,,,,,,,
TRX-00386,2024-12-16,2024-12-22,2024-12-22,12530.89,12530.89,Conciliado,Pagamento,CT-002,FN-001,Ref. NF-5999,Pix,0.00,,,,,,,,
TRX-02151,2024-09-23,2024-09-25,2024-09-27,19411.30,19411.30,Conciliado,Pagamento,CT-002,FN-004,Ref. NF-9845,Débito,0.00,,,,,,,,
TRX-01901,2024-05-08,2024-05-23,2024-05-26,40808.90,38071.84,Divergente,Recebimento,CT-001,FN-006,Ref. NF-9924,Ted,2737.06,,370,,+360 dias,,Máximo,,7
TRX-00148,2024-03-11,2024-03-13,2024-03-16,11670.75,11670.75,Conciliado,Pagamento,CT-001,FN-009,Ref. NF-1084,Ted,0.00,,,,,,,,
TRX-02391,2024-10-23,2024-10-30,2024-10-30,9818.67,9818.67,Conciliado,Pagamento,CT-006,FN-003,Ref. NF-4554,Boleto,0.00,,,,,,,,
TRX-00321,2024-07-17,2024-07-25,2024-07-27,5609.64,5609.64,Conciliado,Pagamento,CT-001,FN-006,Ref. NF-7171,Débito,0.00,,,,,,,,
TRX-02683,2024-05-11,2024-05-16,2024-05-18,15380.64,15380.64,Conciliado,Recebimento,CT-003,FN-005,Ref. NF-2346,Pix,0.00,,,,,,,,
TRX-00028,2024-05-16,2024-05-19,2024-05-20,11510.47,11510.47,Conciliado,Recebimento,CT-001,FN-008,Ref. NF-7528,Pix,0.00,,,,,,,,
TRX-01428,2024-05-22,2024-05-30,2024-06-04,37514.75,35051.61,Divergente,Pagamento,CT-003,FN-009,Ref. NF-3073,Ted,2463.14,,361,,+360 dias,,Máximo,,7
TRX-01655,2025-02-12,2025-02-17,2025-02-18,34131.46,34131.46,Conciliado,Estorno,CT-007,FN-010,Ref. NF-1416,Débito,0.00,,,,,,,,
TRX-01077,2024-10-24,2024-11-08,2024-11-11,11032.53,10236.83,Divergente,Estorno,CT-003,FN-007,Ref. NF-4302,Boleto,795.70,,201,,181 a 360 dias,,Muito Crítico,,6
TRX-02192,2025-01-11,2025-01-20,2025-01-21,48395.97,48395.97,Conciliado,Pagamento,CT-001,FN-010,Ref. NF-1171,Ted,0.00,,,,,,,,
TRX-00561,2024-05-27,2024-06-08,2024-06-13,11989.10,11623.23,Divergente,Recebimento,CT-006,FN-008,Ref. NF-5806,Ted,365.87,,352,,181 a 360 dias,,Muito Crítico,,6
TRX-01046,2024-11-28,2024-12-02,2024-12-03,17207.13,15428.06,Divergente,Pagamento,CT-008,FN-007,Ref. NF-1174,Ted,1779.07,,179,,121 a 180 dias,,Crítico,,5
TRX-00127,2024-03-03,2024-03-06,2024-03-09,49864.49,47338.14,Divergente,Recebimento,CT-003,FN-008,Ref. NF-5914,Pix,2526.35,,448,,+360 dias,,Máximo,,7
TRX-01308,2024-11-07,2024-11-09,2024-11-12,36721.89,36721.89,Conciliado,Recebimento,CT-001,FN-003,Ref. NF-3287,Pix,0.00,,,,,,,,
TRX-01031,2024-10-15,2024-10-24,2024-10-25,32417.11,32417.11,Conciliado,Pagamento,CT-008,FN-010,Ref. NF-6654,Pix,0.00,,,,,,,,
TRX-01109,2024-03-29,2024-04-05,2024-04-08,33520.58,33520.58,Conciliado,Estorno,CT-002,FN-003,Ref. NF-3698,Débito,0.00,,,,,,,,
TRX-00824,2024-11-30,2024-12-01,2024-12-03,10425.31,10425.31,Conciliado,Pagamento,CT-007,FN-005,Ref. NF-2021,Pix,0.00,,,,,,,,
TRX-00754,2024-09-23,2024-10-05,2024-10-06,32126.36,32126.36,Conciliado,Recebimento,CT-003,FN-008,Ref. NF-3721,Pix,0.00,,,,,,,,
TRX-00014,2024-01-11,2024-01-21,2024-01-23,4014.16,4014.16,Conciliado,Pagamento,CT-004,FN-001,Ref. NF-8953,Débito,0.00,,,,,,,,
TRX-00695,2025-02-17,2025-03-03,2025-03-03,25141.36,25141.36,Conciliado,Recebimento,CT-003,FN-008,Ref. NF-1119,Pix,0.00,,,,,,,,
TRX-01931,2024-05-11,2024-05-22,,28988.64,,Pendente,Pagamento,CT-002,FN-003,Ref. NF-1071,Ted,28988.64,374,,+360 dias,,Máximo,,7,
TRX-00290,2024-06-18,2024-06-27,2024-06-29,5323.13,5323.13,Conciliado,Pagamento,CT-008,FN-002,Ref. NF-2741,Débito,0.00,,,,,,,,
TRX-02226,2025-04-21,2025-05-01,2025-05-02,19399.57,19399.57,Conciliado,Pagamento,CT-001,FN-010,Ref. NF-1561,Pix,0.00,,,,,,,,
TRX-01288,2024-07-09,2024-07-20,,47943.84,,Pendente,Estorno,CT-004,FN-002,Ref. NF-6199,Ted,47943.84,315,,181 a 360 dias,,Muito Crítico,,6,
TRX-00272,2024-10-22,2024-11-04,2024-11-07,30916.75,30916.75,Conciliado,Recebimento,CT-002,FN-003,Ref. NF-7112,Pix,0.00,,,,,,,,
TRX-02607,2024-01-16,2024-01-29,2024-01-30,44677.76,44677.76,Conciliado,Pagamento,CT-006,FN-006,Ref. NF-8997,Pix,0.00,,,,,,,,
TRX-02553,2024-01-03,2024-01-04,2024-01-07,33382.91,33382.91,Conciliado,Pagamento,CT-004,FN-002,Ref. NF-1908,Ted,0.00,,,,,,,,
TRX-01367,2024-09-07,2024-09-10,2024-09-10,41072.56,41072.56,Conciliado,Pagamento,CT-007,FN-003,Ref. NF-7341,Pix,0.00,,,,,,,,
TRX-01717,2024-08-18,2024-08-19,2024-08-21,31038.05,31038.05,Conciliado,Estorno,CT-003,FN-002,Ref. NF-3660,Boleto,0.00,,,,,,,,
TRX-00019,2024-03-20,2024-03-24,2024-03-27,36918.99,36918.99,Conciliado,Pagamento,CT-001,FN-010,Ref. NF-3579,Ted,0.00,,,,,,,,
TRX-00373,2025-02-24,2025-03-02,2025-03-02,2512.33,2512.33,Conciliado,Estorno,CT-005,FN-009,Ref. NF-7313,Pix,0.00,,,,,,,,
TRX-00706,2024-12-24,2024-12-28,2024-12-29,35206.68,35206.68,Conciliado,Pagamento,CT-008,FN-002,Ref. NF-1628,Boleto,0.00,,,,,,,,
TRX-02788,2025-03-21,2025-03-30,2025-04-02,34922.15,34435.37,Divergente,Pagamento,CT-007,FN-009,Ref. NF-1311,Boleto,486.78,,59,,31 a 60 dias,,Atenção,,2
TRX-01409,2024-08-13,2024-08-24,2024-08-25,2669.38,2669.38,Conciliado,Pagamento,CT-008,FN-005,Ref. NF-1811,Boleto,0.00,,,,,,,,
TRX-02890,2025-03-14,2025-03-20,2025-03-21,25653.12,24820.81,Divergente,Recebimento,CT-006,FN-003,Ref. NF-1388,Débito,832.31,,71,,61 a 90 dias,,Elevado,,3
TRX-00524,2024-08-04,2024-08-15,,7253.32,,Pendente,Pagamento,CT-003,FN-005,Ref. NF-1691,Pix,7253.32,289,,181 a 360 dias,,Muito Crítico,,6,
TRX-02762,2024-04-30,2024-05-11,2024-05-13,23998.40,23998.40,Conciliado,Pagamento,CT-003,FN-008,Ref. NF-8169,Boleto,0.00,,,,,,,,
TRX-02384,2024-08-25,2024-08-29,2024-08-30,47578.04,47578.04,Conciliado,Estorno,CT-003,FN-005,Ref. NF-3761,Pix,0.00,,,,,,,,
TRX-02710,2024-09-08,2024-09-16,2024-09-19,10904.69,10904.69,Conciliado,Pagamento,CT-004,FN-010,Ref. NF-8216,Ted,0.00,,,,,,,,
TRX-00313,2024-03-23,2024-03-26,2024-03-29,6173.82,6173.82,Conciliado,Estorno,CT-005,FN-004,Ref. NF-2103,Ted,0.00,,,,,,,,
TRX-02369,2025-02-20,2025-03-06,2025-03-10,44590.02,41020.98,Divergente,Recebimento,CT-004,FN-006,Ref. NF-5172,Boleto,3569.04,,82,,61 a 90 dias,,Elevado,,3
TRX-02844,2024-06-13,2024-06-20,2024-06-22,40154.61,40154.61,Conciliado,Pagamento,CT-006,FN-003,Ref. NF-7837,Boleto,0.00,,,,,,,,
TRX-01589,2024-05-15,2024-05-29,2024-05-31,5840.17,5840.17,Conciliado,Pagamento,CT-007,FN-002,Ref. NF-7250,Ted,0.00,,,,,,,,
TRX-00405,2024-06-07,2024-06-19,2024-06-19,44977.82,44977.82,Conciliado,Pagamento,CT-003,FN-002,Ref. NF-9904,Débito,0.00,,,,,,,,
TRX-02922,2025-03-18,2025-04-02,,10022.73,,Pendente,Recebimento,CT-003,FN-007,Ref. NF-5412,Boleto,10022.73,59,,31 a 60 dias,,Atenção,,2,
TRX-02435,2025-03-15,2025-03-30,2025-03-31,38353.35,38353.35,Conciliado,Pagamento,CT-005,FN-006,Ref. NF-4698,Pix,0.00,,,,,,,,
TRX-00790,2024-05-02,2024-05-04,2024-05-04,44188.71,44188.71,Conciliado,Pagamento,CT-005,FN-004,Ref. NF-5395,Débito,0.00,,,,,,,,
TRX-00700,2024-09-08,2024-09-12,2024-09-14,6630.21,6630.21,Conciliado,Estorno,CT-003,FN-007,Ref. NF-5903,Pix,0.00,,,,,,,,
TRX-00724,2025-02-21,2025-02-24,2025-02-24,12568.54,12568.54,Conciliado,Pagamento,CT-008,FN-003,Ref. NF-9923,Ted,0.00,,,,,,,,
TRX-01555,2025-03-23,2025-04-05,2025-04-08,45962.99,45962.99,Conciliado,Pagamento,CT-004,FN-009,Ref. NF-2119,Pix,0.00,,,,,,,,
TRX-01667,2024-04-23,2024-04-29,2024-05-01,6709.21,6709.21,Conciliado,Pagamento,CT-007,FN-001,Ref. NF-3723,Pix,0.00,,,,,,,,
TRX-00579,2025-01-17,2025-01-20,2025-01-20,42689.73,42689.73,Conciliado,Pagamento,CT-002,FN-010,Ref. NF-5995,Débito,0.00,,,,,,,,
TRX-02925,2024-07-30,2024-08-08,2024-08-08,39928.01,39928.01,Conciliado,Estorno,CT-004,FN-002,Ref. NF-3878,Pix,0.00,,,,,,,,
TRX-02531,2024-10-31,2024-11-07,2024-11-10,19558.04,19558.04,Conciliado,Pagamento,CT-008,FN-007,Ref. NF-4909,Ted,0.00,,,,,,,,
TRX-00390,2024-02-15,2024-02-18,2024-02-20,46354.32,46354.32,Conciliado,Estorno,CT-008,FN-009,Ref. NF-3572,Ted,0.00,,,,,,,,
TRX-02597,2024-02-27,2024-02-28,2024-02-28,24627.70,24627.70,Conciliado,Pagamento,CT-007,FN-009,Ref. NF-2363,Pix,0.00,,,,,,,,
TRX-01421,2025-03-07,2025-03-11,2025-03-14,23149.87,23149.87,Conciliado,Pagamento,CT-001,FN-003,Ref. NF-3065,Boleto,0.00,,,,,,,,
TRX-02515,2024-05-09,2024-05-20,,40662.94,,Pendente,Pagamento,CT-006,FN-009,Ref. NF-9533,Ted,40662.94,376,,+360 dias,,Máximo,,7,
TRX-02794,2024-10-31,2024-11-15,2024-11-16,41770.32,41770.32,Conciliado,Recebimento,CT-003,FN-001,Ref. NF-8961,Boleto,0.00,,,,,,,,
TRX-01940,2024-05-29,2024-06-05,2024-06-05,35912.06,35912.06,Conciliado,Recebimento,CT-006,FN-009,Ref. NF-9348,Pix,0.00,,,,,,,,
TRX-02891,2025-03-31,2025-04-14,2025-04-16,42864.66,42864.66,Conciliado,Estorno,CT-005,FN-009,Ref. NF-8868,Pix,0.00,,,,,,,,
TRX-02373,2024-07-23,2024-08-06,2024-08-11,19315.62,18233.34,Divergente,Pagamento,CT-007,FN-006,Ref. NF-8065,Débito,1082.28,,293,,181 a 360 dias,,Muito Crítico,,6
TRX-01852,2025-04-28,2025-05-11,2025-05-13,23077.33,23077.33,Conciliado,Recebimento,CT-002,FN-009,Ref. NF-8440,Pix,0.00,,,,,,,,
TRX-02897,2024-04-12,2024-04-23,2024-04-26,25412.71,25412.71,Conciliado,Pagamento,CT-005,FN-005,Ref. NF-1041,Débito,0.00,,,,,,,,
TRX-00248,2024-05-15,2024-05-26,,2956.95,,Pendente,Pagamento,CT-004,FN-002,Ref. NF-1062,Ted,2956.95,370,,+360 dias,,Máximo,,7,
TRX-01385,2024-09-27,2024-10-01,2024-10-01,26692.36,26692.36,Conciliado,Recebimento,CT-002,FN-008,Ref. NF-8024,Débito,0.00,,,,,,,,
TRX-02017,2024-03-03,2024-03-15,2024-03-18,12259.17,12259.17,Conciliado,Pagamento,CT-007,FN-001,Ref. NF-1206,Boleto,0.00,,,,,,,,
TRX-00434,2024-03-09,2024-03-10,2024-03-13,33067.37,33067.37,Conciliado,Pagamento,CT-003,FN-008,Ref. NF-7974,Pix,0.00,,,,,,,,
TRX-02228,2024-04-17,2024-04-23,2024-04-24,26030.37,26030.37,Conciliado,Pagamento,CT-001,FN-008,Ref. NF-8265,Boleto,0.00,,,,,,,,
TRX-01846,2024-06-01,2024-06-11,2024-06-13,16507.13,16507.13,Conciliado,Pagamento,CT-004,FN-009,Ref. NF-4412,Pix,0.00,,,,,,,,
TRX-02755,2024-12-01,2024-12-16,2024-12-16,15984.00,15984.00,Conciliado,Pagamento,CT-001,FN-010,Ref. NF-8441,Débito,0.00,,,,,,,,
TRX-00854,2025-04-04,2025-04-13,2025-04-15,19511.35,17760.70,Divergente,Recebimento,CT-005,FN-006,Ref. NF-6150,Débito,1750.65,,46,,31 a 60 dias,,Atenção,,2
TRX-02121,2024-09-02,2024-09-09,2024-09-09,31607.26,31607.26,Conciliado,Estorno,CT-001,FN-010,Ref. NF-9292,Boleto,0.00,,,,,,,,
TRX-02677,2024-10-25,2024-10-28,2024-10-31,2039.29,2039.29,Conciliado,Pagamento,CT-006,FN-005,Ref. NF-8671,Débito,0.00,,,,,,,,
TRX-00356,2024-09-25,2024-10-06,2024-10-09,27213.57,27213.57,Conciliado,Pagamento,CT-006,FN-008,Ref. NF-1001,Débito,0.00,,,,,,,,
TRX-02304,2024-02-29,2024-03-13,2024-03-14,29958.08,29958.08,Conciliado,Pagamento,CT-007,FN-009,Ref. NF-2152,Ted,0.00,,,,,,,,
TRX-02662,2025-03-28,2025-04-11,,26039.75,,Pendente,Pagamento,CT-002,FN-003,Ref. NF-4769,Pix,26039.75,50,,31 a 60 dias,,Atenção,,2,
TRX-01508,2024-11-02,2024-11-12,,1530.07,,Pendente,Pagamento,CT-005,FN-008,Ref. NF-9314,Boleto,1530.07,200,,181 a 360 dias,,Muito Crítico,,6,
TRX-01676,2024-09-11,2024-09-18,2024-09-21,15795.01,15795.01,Conciliado,Pagamento,CT-008,FN-008,Ref. NF-5394,Ted,0.00,,,,,,,,
TRX-02987,2024-02-02,2024-02-08,2024-02-10,4240.04,4240.04,Conciliado,Recebimento,CT-008,FN-006,Ref. NF-3828,Pix,0.00,,,,,,,,
TRX-01217,2025-02-05,2025-02-15,2025-02-18,3125.32,3125.32,Conciliado,Pagamento,CT-001,FN-008,Ref. NF-1278,Boleto,0.00,,,,,,,,
TRX-00505,2024-09-09,2024-09-11,,36940.63,,Pendente,Pagamento,CT-008,FN-010,Ref. NF-5761,Boleto,36940.63,262,,181 a 360 dias,,Muito Crítico,,6,
TRX-00910,2024-08-05,2024-08-08,2024-08-11,2223.92,2223.92,Conciliado,Pagamento,CT-007,FN-008,Ref. NF-8617,Ted,0.00,,,,,,,,
TRX-01996,2024-03-17,2024-03-26,2024-03-27,5994.97,5994.97,Conciliado,Recebimento,CT-003,FN-006,Ref. NF-6710,Boleto,0.00,,,,,,,,
TRX-02679,2025-01-21,2025-01-25,2025-01-28,22783.69,22783.69,Conciliado,Pagamento,CT-005,FN-001,Ref. NF-9246,Boleto,0.00,,,,,,,,
TRX-00388,2024-07-11,2024-07-21,2024-07-21,3475.45,3475.45,Conciliado,Pagamento,CT-005,FN-003,Ref. NF-2091,Débito,0.00,,,,,,,,
TRX-01687,2025-01-12,2025-01-18,,27994.73,,Pendente,Estorno,CT-007,FN-003,Ref. NF-9737,Pix,27994.73,133,,121 a 180 dias,,Crítico,,5,
TRX-00043,2024-01-27,2024-02-02,2024-02-03,47505.78,47505.78,Conciliado,Pagamento,CT-001,FN-001,Ref. NF-4571,Ted,0.00,,,,,,,,
TRX-02425,2024-02-29,2024-03-07,2024-03-08,13260.86,13260.86,Conciliado,Pagamento,CT-005,FN-007,Ref. NF-6951,Pix,0.00,,,,,,,,
TRX-00878,2024-08-05,2024-08-17,2024-08-17,8523.61,8523.61,Conciliado,Recebimento,CT-003,FN-001,Ref. NF-3797,Pix,0.00,,,,,,,,
TRX-00994,2025-01-08,2025-01-16,2025-01-18,48692.19,48692.19,Conciliado,Pagamento,CT-006,FN-006,Ref. NF-5311,Ted,0.00,,,,,,,,
TRX-02257,2025-02-18,2025-02-22,2025-02-25,46613.08,46613.08,Conciliado,Recebimento,CT-002,FN-002,Ref. NF-5555,Pix,0.00,,,,,,,,
TRX-02769,2024-05-08,2024-05-12,2024-05-12,5098.78,5098.78,Conciliado,Estorno,CT-007,FN-010,Ref. NF-3461,Pix,0.00,,,,,,,,
TRX-00521,2025-03-17,2025-03-20,2025-03-20,46889.56,46889.56,Conciliado,Pagamento,CT-008,FN-005,Ref. NF-3420,Débito,0.00,,,,,,,,
TRX-00092,2024-02-28,2024-03-12,,42335.18,,Pendente,Estorno,CT-004,FN-007,Ref. NF-1430,Ted,42335.18,445,,+360 dias,,Máximo,,7,
TRX-01143,2024-06-26,2024-07-06,,40160.59,,Pendente,Pagamento,CT-006,FN-001,Ref. NF-9420,Boleto,40160.59,329,,181 a 360 dias,,Muito Crítico,,6,
TRX-00949,2024-12-16,2024-12-21,,8241.19,,Pendente,Estorno,CT-003,FN-006,Ref. NF-3574,Ted,8241.19,161,,121 a 180 dias,,Crítico,,5,
TRX-01496,2025-02-01,2025-02-09,2025-02-10,9091.26,9091.26,Conciliado,Pagamento,CT-004,FN-001,Ref. NF-5232,Boleto,0.00,,,,,,,,
TRX-02163,2024-04-28,2024-05-11,2024-05-13,32119.53,32119.53,Conciliado,Pagamento,CT-004,FN-010,Ref. NF-6538,Débito,0.00,,,,,,,,
TRX-01859,2024-09-21,2024-09-28,,36780.40,,Pendente,Pagamento,CT-003,FN-004,Ref. NF-6460,Pix,36780.40,245,,181 a 360 dias,,Muito Crítico,,6,
TRX-02010,2024-07-02,2024-07-05,,22382.51,,Pendente,Recebimento,CT-008,FN-001,Ref. NF-2326,Débito,22382.51,330,,181 a 360 dias,,Muito Crítico,,6,
TRX-01379,2024-10-28,2024-11-06,2024-11-07,39260.40,39260.40,Conciliado,Recebimento,CT-005,FN-007,Ref. NF-6183,Pix,0.00,,,,,,,,
TRX-01352,2025-03-02,2025-03-12,2025-03-13,21351.82,19687.52,Divergente,Estorno,CT-007,FN-004,Ref. NF-1914,Débito,1664.30,,79,,61 a 90 dias,,Elevado,,3
TRX-02055,2024-07-08,2024-07-10,2024-07-12,13092.89,13092.89,Conciliado,Recebimento,CT-007,FN-010,Ref. NF-3893,Débito,0.00,,,,,,,,
TRX-02658,2024-10-09,2024-10-14,2024-10-15,45061.12,45061.12,Conciliado,Pagamento,CT-003,FN-003,Ref. NF-2102,Boleto,0.00,,,,,,,,
TRX-00756,2024-12-24,2025-01-01,2025-01-01,17934.46,17934.46,Conciliado,Recebimento,CT-007,FN-006,Ref. NF-7113,Débito,0.00,,,,,,,,
TRX-01492,2024-03-19,2024-04-03,2024-04-05,3688.36,3569.62,Divergente,Recebimento,CT-008,FN-005,Ref. NF-7006,Pix,118.74,,421,,+360 dias,,Máximo,,7
TRX-00586,2024-04-02,2024-04-09,2024-04-11,13230.30,13230.30,Conciliado,Estorno,CT-006,FN-007,Ref. NF-2468,Pix,0.00,,,,,,,,
TRX-02359,2024-06-20,2024-06-30,2024-07-01,48406.12,48406.12,Conciliado,Estorno,CT-001,FN-006,Ref. NF-4953,Ted,0.00,,,,,,,,
TRX-01714,2024-08-30,2024-09-03,2024-09-04,40911.85,40911.85,Conciliado,Estorno,CT-002,FN-010,Ref. NF-4343,Pix,0.00,,,,,,,,
TRX-00849,2024-11-19,2024-12-04,2024-12-07,8755.16,8755.16,Conciliado,Pagamento,CT-008,FN-001,Ref. NF-1558,Ted,0.00,,,,,,,,
TRX-01228,2024-02-12,2024-02-27,,5217.74,,Pendente,Recebimento,CT-006,FN-007,Ref. NF-9592,Débito,5217.74,459,,+360 dias,,Máximo,,7,
TRX-00294,2024-05-20,2024-05-27,,7339.91,,Pendente,Pagamento,CT-008,FN-003,Ref. NF-9975,Boleto,7339.91,369,,+360 dias,,Máximo,,7,
TRX-01297,2025-04-19,2025-04-29,2025-04-30,9040.92,9040.92,Conciliado,Pagamento,CT-006,FN-003,Ref. NF-2651,Pix,0.00,,,,,,,,
TRX-01516,2024-12-30,2025-01-05,2025-01-05,21149.24,21149.24,Conciliado,Pagamento,CT-007,FN-009,Ref. NF-6352,Débito,0.00,,,,,,,,
TRX-01025,2024-02-25,2024-03-09,2024-03-12,27960.12,27960.12,Conciliado,Recebimento,CT-004,FN-002,Ref. NF-1623,Pix,0.00,,,,,,,,
TRX-01351,2024-01-30,2024-02-13,2024-02-13,44513.11,44513.11,Conciliado,Pagamento,CT-004,FN-007,Ref. NF-4720,Débito,0.00,,,,,,,,
TRX-01398,2025-03-18,2025-04-01,2025-04-01,13226.00,13226.00,Conciliado,Pagamento,CT-003,FN-010,Ref. NF-9432,Boleto,0.00,,,,,,,,
TRX-00707,2024-05-20,2024-05-24,2024-05-26,10382.35,10382.35,Conciliado,Recebimento,CT-001,FN-010,Ref. NF-4633,Pix,0.00,,,,,,,,
TRX-02060,2024-08-08,2024-08-16,2024-08-16,1311.86,1311.86,Conciliado,Estorno,CT-005,FN-008,Ref. NF-8098,Débito,0.00,,,,,,,,
TRX-02789,2025-01-21,2025-01-25,2025-01-27,35510.18,35510.18,Conciliado,Pagamento,CT-007,FN-010,Ref. NF-9851,Boleto,0.00,,,,,,,,
TRX-00881,2025-04-19,2025-05-01,2025-05-03,16225.56,16225.56,Conciliado,Pagamento,CT-008,FN-001,Ref. NF-2537,Pix,0.00,,,,,,,,
TRX-00380,2024-02-10,2024-02-23,,21117.82,,Pendente,Pagamento,CT-006,FN-007,Ref. NF-1187,Pix,21117.82,463,,+360 dias,,Máximo,,7,
TRX-02700,2025-02-06,2025-02-21,2025-02-21,1524.54,1524.54,Conciliado,Pagamento,CT-005,FN-007,Ref. NF-5149,Débito,0.00,,,,,,,,
TRX-00215,2024-09-10,2024-09-17,2024-09-19,4015.09,4015.09,Conciliado,Pagamento,CT-008,FN-010,Ref. NF-7895,Pix,0.00,,,,,,,,
TRX-01569,2024-01-11,2024-01-23,,4451.10,,Pendente,Pagamento,CT-004,FN-010,Ref. NF-8771,Pix,4451.10,494,,+360 dias,,Máximo,,7,
TRX-00538,2024-05-14,2024-05-18,2024-05-20,34371.22,34371.22,Conciliado,Pagamento,CT-006,FN-010,Ref. NF-4476,Débito,0.00,,,,,,,,
TRX-02350,2024-11-29,2024-12-04,2024-12-07,7815.94,7815.94,Conciliado,Pagamento,CT-001,FN-003,Ref. NF-6487,Débito,0.00,,,,,,,,
TRX-01877,2024-02-06,2024-02-20,2024-02-23,4158.71,4158.71,Conciliado,Recebimento,CT-004,FN-001,Ref. NF-2360,Boleto,0.00,,,,,,,,
TRX-00682,2024-04-04,2024-04-11,2024-04-11,26185.61,26185.61,Conciliado,Recebimento,CT-008,FN-002,Ref. NF-2922,Pix,0.00,,,,,,,,
TRX-01726,2024-04-09,2024-04-20,2024-04-22,16640.15,16640.15,Conciliado,Pagamento,CT-005,FN-004,Ref. NF-8938,Ted,0.00,,,,,,,,
TRX-00180,2024-06-23,2024-07-03,2024-07-06,39285.63,39285.63,Conciliado,Pagamento,CT-001,FN-005,Ref. NF-7227,Boleto,0.00,,,,,,,,
TRX-01708,2024-07-05,2024-07-12,2024-07-13,11780.73,11780.73,Conciliado,Pagamento,CT-006,FN-001,Ref. NF-8209,Boleto,0.00,,,,,,,,
TRX-00518,2024-11-21,2024-12-05,2024-12-05,13625.18,13625.18,Conciliado,Estorno,CT-004,FN-005,Ref. NF-6518,Pix,0.00,,,,,,,,
TRX-02128,2025-03-01,2025-03-09,2025-03-10,25491.19,25491.19,Conciliado,Pagamento,CT-002,FN-010,Ref. NF-5897,Boleto,0.00,,,,,,,,
TRX-00543,2024-10-11,2024-10-25,2024-10-28,3201.07,3201.07,Conciliado,Pagamento,CT-004,FN-003,Ref. NF-9108,Débito,0.00,,,,,,,,
TRX-00169,2025-01-14,2025-01-16,2025-01-19,45798.76,45798.76,Conciliado,Pagamento,CT-004,FN-007,Ref. NF-5285,Débito,0.00,,,,,,,,
TRX-02771,2025-04-16,2025-04-25,2025-04-26,30278.45,30278.45,Conciliado,Recebimento,CT-002,FN-001,Ref. NF-1710,Boleto,0.00,,,,,,,,
TRX-00354,2024-12-01,2024-12-16,2024-12-17,37010.86,37010.86,Conciliado,Pagamento,CT-004,FN-004,Ref. NF-6328,Boleto,0.00,,,,,,,,
TRX-02976,2024-03-21,2024-03-31,2024-04-04,27614.02,25009.18,Divergente,Pagamento,CT-004,FN-009,Ref. NF-8182,Pix,2604.84,,422,,+360 dias,,Máximo,,7
TRX-00076,2024-06-07,2024-06-20,2024-06-21,4961.60,4961.60,Conciliado,Pagamento,CT-006,FN-003,Ref. NF-6994,Débito,0.00,,,,,,,,
TRX-02327,2025-01-14,2025-01-24,2025-01-27,7761.94,7761.94,Conciliado,Estorno,CT-007,FN-010,Ref. NF-7846,Pix,0.00,,,,,,,,
TRX-00193,2024-09-23,2024-10-01,2024-10-01,36238.70,36238.70,Conciliado,Recebimento,CT-002,FN-008,Ref. NF-2791,Boleto,0.00,,,,,,,,
TRX-01725,2024-07-26,2024-08-02,2024-08-02,7106.71,7106.71,Conciliado,Pagamento,CT-001,FN-009,Ref. NF-7902,Pix,0.00,,,,,,,,
TRX-01586,2024-02-03,2024-02-04,2024-02-04,28468.79,28468.79,Conciliado,Recebimento,CT-005,FN-002,Ref. NF-6071,Pix,0.00,,,,,,,,
TRX-00690,2024-01-06,2024-01-08,2024-01-11,39245.31,39245.31,Conciliado,Pagamento,CT-007,FN-002,Ref. NF-5620,Boleto,0.00,,,,,,,,
TRX-01554,2024-04-12,2024-04-17,2024-04-18,17001.82,17001.82,Conciliado,Estorno,CT-004,FN-001,Ref. NF-2362,Ted,0.00,,,,,,,,
TRX-02653,2024-04-22,2024-05-01,2024-05-02,29039.63,29039.63,Conciliado,Estorno,CT-003,FN-009,Ref. NF-7987,Pix,0.00,,,,,,,,
TRX-00452,2024-12-06,2024-12-13,2024-12-17,28944.69,26370.00,Divergente,Pagamento,CT-006,FN-007,Ref. NF-2148,Ted,2574.69,,165,,121 a 180 dias,,Crítico,,5
TRX-01336,2024-02-01,2024-02-14,2024-02-15,23978.23,23978.23,Conciliado,Pagamento,CT-001,FN-007,Ref. NF-7606,Pix,0.00,,,,,,,,
TRX-02782,2024-04-11,2024-04-21,2024-04-24,46724.68,46724.68,Conciliado,Estorno,CT-008,FN-009,Ref. NF-1824,Pix,0.00,,,,,,,,
TRX-00955,2024-02-26,2024-03-05,2024-03-06,41303.38,41303.38,Conciliado,Pagamento,CT-006,FN-007,Ref. NF-6371,Pix,0.00,,,,,,,,
TRX-00246,2024-03-24,2024-04-01,2024-04-04,16276.49,16276.49,Conciliado,Pagamento,CT-005,FN-001,Ref. NF-2525,Pix,0.00,,,,,,,,
TRX-00925,2024-03-08,2024-03-15,2024-03-18,10959.61,10959.61,Conciliado,Pagamento,CT-007,FN-004,Ref. NF-4567,Pix,0.00,,,,,,,,
TRX-01757,2025-03-19,2025-03-23,2025-03-25,40632.47,40632.47,Conciliado,Pagamento,CT-004,FN-003,Ref. NF-6618,Pix,0.00,,,,,,,,
TRX-01264,2025-01-13,2025-01-14,2025-01-14,34196.89,34196.89,Conciliado,Estorno,CT-007,FN-007,Ref. NF-4865,Débito,0.00,,,,,,,,
TRX-01036,2024-04-19,2024-04-26,,32785.75,,Pendente,Recebimento,CT-002,FN-009,Ref. NF-4267,Pix,32785.75,400,,+360 dias,,Máximo,,7,
TRX-01849,2024-02-17,2024-02-19,2024-02-20,26094.40,26094.40,Conciliado,Estorno,CT-008,FN-009,Ref. NF-1228,Ted,0.00,,,,,,,,
TRX-00470,2024-10-22,2024-10-31,2024-11-02,24716.06,24716.06,Conciliado,Pagamento,CT-007,FN-009,Ref. NF-5041,Ted,0.00,,,,,,,,
TRX-01293,2024-07-12,2024-07-24,2024-07-26,13488.32,13488.32,Conciliado,Pagamento,CT-004,FN-007,Ref. NF-8727,Pix,0.00,,,,,,,,
TRX-02603,2024-04-13,2024-04-26,2024-04-26,35579.08,35579.08,Conciliado,Pagamento,CT-006,FN-008,Ref. NF-5617,Ted,0.00,,,,,,,,
TRX-02219,2025-04-07,2025-04-08,2025-04-09,48069.40,43101.21,Divergente,Pagamento,CT-005,FN-010,Ref. NF-6864,Boleto,4968.19,,52,,31 a 60 dias,,Atenção,,2
TRX-01817,2025-03-22,2025-04-04,2025-04-06,14388.11,14388.11,Conciliado,Recebimento,CT-001,FN-009,Ref. NF-7893,Débito,0.00,,,,,,,,
TRX-02105,2025-03-21,2025-03-23,2025-03-26,19911.06,19911.06,Conciliado,Estorno,CT-006,FN-007,Ref. NF-8068,Débito,0.00,,,,,,,,
TRX-00574,2024-09-15,2024-09-17,2024-09-20,18046.43,18046.43,Conciliado,Pagamento,CT-005,FN-009,Ref. NF-8424,Pix,0.00,,,,,,,,
TRX-01001,2024-07-31,2024-08-09,2024-08-12,9709.87,9709.87,Conciliado,Estorno,CT-004,FN-007,Ref. NF-6963,Débito,0.00,,,,,,,,
TRX-00633,2024-07-15,2024-07-30,,35082.92,,Pendente,Estorno,CT-002,FN-007,Ref. NF-9810,Pix,35082.92,305,,181 a 360 dias,,Muito Crítico,,6,
TRX-01650,2025-01-21,2025-02-01,2025-02-03,33396.68,33396.68,Conciliado,Estorno,CT-004,FN-008,Ref. NF-4042,Débito,0.00,,,,,,,,
TRX-02728,2024-07-18,2024-07-24,2024-07-25,19998.66,19333.01,Divergente,Estorno,CT-008,FN-006,Ref. NF-4613,Pix,665.65,,310,,181 a 360 dias,,Muito Crítico,,6
TRX-02990,2025-03-09,2025-03-20,2025-03-20,5191.63,5191.63,Conciliado,Recebimento,CT-001,FN-009,Ref. NF-2184,Ted,0.00,,,,,,,,
TRX-02837,2024-04-24,2024-05-08,2024-05-10,45909.14,42357.36,Divergente,Pagamento,CT-004,FN-009,Ref. NF-5477,Débito,3551.78,,386,,+360 dias,,Máximo,,7
TRX-01021,2024-01-03,2024-01-18,,41415.32,,Pendente,Pagamento,CT-003,FN-007,Ref. NF-5033,Ted,41415.32,499,,+360 dias,,Máximo,,7,
TRX-02393,2025-04-11,2025-04-19,2025-04-22,45144.70,45144.70,Conciliado,Pagamento,CT-004,FN-009,Ref. NF-1494,Pix,0.00,,,,,,,,
TRX-02724,2025-03-15,2025-03-25,2025-03-28,22732.06,22732.06,Conciliado,Pagamento,CT-007,FN-007,Ref. NF-6896,Ted,0.00,,,,,,,,
TRX-01895,2025-01-06,2025-01-19,,40225.42,,Pendente,Pagamento,CT-008,FN-010,Ref. NF-5034,Débito,40225.42,132,,121 a 180 dias,,Crítico,,5,
TRX-01612,2025-01-01,2025-01-02,,44121.11,,Pendente,Pagamento,CT-003,FN-005,Ref. NF-2500,Pix,44121.11,149,,121 a 180 dias,,Crítico,,5,
TRX-01969,2024-11-15,2024-11-26,2024-11-29,46211.39,46211.39,Conciliado,Estorno,CT-004,FN-001,Ref. NF-7453,Pix,0.00,,,,,,,,
TRX-01745,2024-09-11,2024-09-19,2024-09-19,25068.29,25068.29,Conciliado,Pagamento,CT-003,FN-002,Ref. NF-3938,Débito,0.00,,,,,,,,
TRX-00353,2024-04-17,2024-04-20,2024-04-20,46871.29,46871.29,Conciliado,Pagamento,CT-002,FN-002,Ref. NF-2381,Boleto,0.00,,,,,,,,
TRX-01966,2025-01-08,2025-01-09,2025-01-10,42328.28,42328.28,Conciliado,Pagamento,CT-006,FN-007,Ref. NF-1953,Ted,0.00,,,,,,,,
TRX-00927,2025-03-15,2025-03-22,2025-03-24,8269.91,8269.91,Conciliado,Recebimento,CT-005,FN-008,Ref. NF-2610,Débito,0.00,,,,,,,,
TRX-02884,2024-07-16,2024-07-23,2024-07-25,9171.75,9171.75,Conciliado,Recebimento,CT-005,FN-008,Ref. NF-1166,Ted,0.00,,,,,,,,
TRX-01216,2024-09-28,2024-10-01,2024-10-03,20942.13,20942.13,Conciliado,Recebimento,CT-002,FN-004,Ref. NF-3789,Boleto,0.00,,,,,,,,
TRX-00825,2024-04-30,2024-05-08,2024-05-08,49062.27,49062.27,Conciliado,Estorno,CT-001,FN-006,Ref. NF-3121,Pix,0.00,,,,,,,,
TRX-00904,2024-10-30,2024-10-31,2024-11-05,44386.46,42400.57,Divergente,Estorno,CT-003,FN-005,Ref. NF-1881,Pix,1985.89,,207,,181 a 360 dias,,Muito Crítico,,6
TRX-02520,2024-02-06,2024-02-10,2024-02-10,49921.78,49921.78,Conciliado,Pagamento,CT-008,FN-005,Ref. NF-5878,Ted,0.00,,,,,,,,
TRX-00222,2024-05-05,2024-05-06,2024-05-09,9358.57,9358.57,Conciliado,Pagamento,CT-007,FN-003,Ref. NF-6241,Débito,0.00,,,,,,,,
TRX-00864,2024-08-02,2024-08-10,2024-08-13,9221.62,9221.62,Conciliado,Pagamento,CT-007,FN-002,Ref. NF-8925,Boleto,0.00,,,,,,,,
TRX-00449,2024-12-20,2025-01-04,2025-01-06,14225.73,14225.73,Conciliado,Pagamento,CT-003,FN-002,Ref. NF-8218,Boleto,0.00,,,,,,,,
TRX-02636,2024-01-26,2024-02-08,2024-02-09,22354.10,22354.10,Conciliado,Estorno,CT-002,FN-001,Ref. NF-2399,Ted,0.00,,,,,,,,
TRX-00318,2025-04-09,2025-04-10,2025-04-12,18608.02,18608.02,Conciliado,Pagamento,CT-008,FN-003,Ref. NF-2483,Débito,0.00,,,,,,,,
TRX-02766,2024-08-30,2024-09-03,2024-09-03,30349.55,30349.55,Conciliado,Estorno,CT-002,FN-003,Ref. NF-8235,Ted,0.00,,,,,,,,
TRX-00475,2024-01-17,2024-01-22,2024-01-23,31212.53,27015.55,Divergente,Pagamento,CT-004,FN-002,Ref. NF-6989,Boleto,4196.98,,494,,+360 dias,,Máximo,,7
TRX-02132,2025-01-28,2025-02-07,2025-02-10,15273.68,15273.68,Conciliado,Recebimento,CT-007,FN-004,Ref. NF-1782,Pix,0.00,,,,,,,,
TRX-01879,2025-04-13,2025-04-22,,14952.91,,Pendente,Pagamento,CT-001,FN-004,Ref. NF-6392,Pix,14952.91,39,,31 a 60 dias,,Atenção,,2,
TRX-00315,2024-06-17,2024-06-27,2024-06-28,28559.66,25528.05,Divergente,Estorno,CT-003,FN-010,Ref. NF-8145,Ted,3031.61,,337,,181 a 360 dias,,Muito Crítico,,6
TRX-00789,2024-10-31,2024-11-05,2024-11-06,21961.48,21961.48,Conciliado,Estorno,CT-008,FN-009,Ref. NF-5361,Débito,0.00,,,,,,,,
TRX-02493,2024-05-27,2024-06-07,2024-06-08,36417.27,36417.27,Conciliado,Pagamento,CT-003,FN-003,Ref. NF-5229,Pix,0.00,,,,,,,,
TRX-01984,2024-11-23,2024-11-27,2024-11-30,45282.58,45282.58,Conciliado,Pagamento,CT-005,FN-003,Ref. NF-5723,Pix,0.00,,,,,,,,
TRX-01781,2024-09-21,2024-09-26,2024-09-26,24984.88,24984.88,Conciliado,Pagamento,CT-004,FN-005,Ref. NF-6260,Ted,0.00,,,,,,,,
TRX-00517,2025-02-17,2025-02-25,2025-02-27,25387.04,25387.04,Conciliado,Pagamento,CT-006,FN-008,Ref. NF-9142,Pix,0.00,,,,,,,,
TRX-00781,2025-02-21,2025-03-08,2025-03-08,44224.31,44224.31,Conciliado,Pagamento,CT-001,FN-005,Ref. NF-7218,Débito,0.00,,,,,,,,
TRX-00208,2024-02-20,2024-03-02,2024-03-04,22343.65,21751.56,Divergente,Pagamento,CT-002,FN-003,Ref. NF-5489,Débito,592.09,,453,,+360 dias,,Máximo,,7
TRX-00455,2024-11-18,2024-11-30,2024-12-01,36898.55,36898.55,Conciliado,Recebimento,CT-002,FN-008,Ref. NF-9856,Boleto,0.00,,,,,,,,
TRX-00748,2024-06-27,2024-07-05,2024-07-09,4748.22,4168.59,Divergente,Estorno,CT-008,FN-002,Ref. NF-8967,Débito,579.63,,326,,181 a 360 dias,,Muito Crítico,,6
TRX-02902,2024-09-21,2024-09-22,2024-09-22,19612.22,19612.22,Conciliado,Pagamento,CT-002,FN-005,Ref. NF-1910,Ted,0.00,,,,,,,,
TRX-01126,2024-06-24,2024-06-30,2024-07-03,30524.42,30524.42,Conciliado,Recebimento,CT-007,FN-008,Ref. NF-4570,Pix,0.00,,,,,,,,
TRX-02587,2024-01-26,2024-01-30,2024-02-02,48565.06,44060.10,Divergente,Pagamento,CT-002,FN-010,Ref. NF-6187,Boleto,4504.96,,484,,+360 dias,,Máximo,,7
TRX-01392,2024-04-22,2024-05-07,2024-05-08,23238.23,23238.23,Conciliado,Recebimento,CT-005,FN-001,Ref. NF-6375,Boleto,0.00,,,,,,,,
TRX-00223,2024-05-18,2024-06-01,2024-06-01,25351.03,25351.03,Conciliado,Estorno,CT-006,FN-002,Ref. NF-8620,Pix,0.00,,,,,,,,
TRX-01235,2024-09-22,2024-10-04,2024-10-04,39125.18,39125.18,Conciliado,Pagamento,CT-003,FN-007,Ref. NF-7399,Pix,0.00,,,,,,,,
TRX-02051,2024-06-11,2024-06-18,2024-06-19,37592.77,37592.77,Conciliado,Estorno,CT-005,FN-003,Ref. NF-7252,Boleto,0.00,,,,,,,,
TRX-00603,2025-03-06,2025-03-11,,47960.73,,Pendente,Pagamento,CT-008,FN-004,Ref. NF-2194,Ted,47960.73,81,,61 a 90 dias,,Elevado,,3,
TRX-02668,2024-05-24,2024-06-03,2024-06-06,48150.94,48150.94,Conciliado,Pagamento,CT-004,FN-003,Ref. NF-6026,Débito,0.00,,,,,,,,
TRX-01284,2025-01-22,2025-01-30,2025-02-02,12132.99,12132.99,Conciliado,Pagamento,CT-006,FN-003,Ref. NF-6421,Pix,0.00,,,,,,,,
TRX-02887,2024-01-25,2024-02-08,2024-02-09,25315.60,25315.60,Conciliado,Pagamento,CT-006,FN-007,Ref. NF-6402,Ted,0.00,,,,,,,,
TRX-00037,2025-01-15,2025-01-29,2025-01-30,42073.21,42073.21,Conciliado,Recebimento,CT-005,FN-004,Ref. NF-5681,Débito,0.00,,,,,,,,
TRX-02562,2024-11-17,2024-11-25,,43757.05,,Pendente,Pagamento,CT-006,FN-010,Ref. NF-9426,Débito,43757.05,187,,181 a 360 dias,,Muito Crítico,,6,
TRX-00211,2025-03-16,2025-03-23,2025-03-25,19461.96,19461.96,Conciliado,Recebimento,CT-002,FN-004,Ref. NF-3181,Pix,0.00,,,,,,,,
TRX-01149,2024-01-27,2024-02-06,2024-02-09,27973.20,27973.20,Conciliado,Pagamento,CT-002,FN-003,Ref. NF-9883,Ted,0.00,,,,,,,,
TRX-01093,2024-01-22,2024-01-31,2024-02-02,46758.01,46758.01,Conciliado,Estorno,CT-001,FN-005,Ref. NF-7116,Pix,0.00,,,,,,,,
TRX-02082,2025-01-14,2025-01-20,2025-01-20,48908.56,48908.56,Conciliado,Pagamento,CT-007,FN-006,Ref. NF-4812,Pix,0.00,,,,,,,,
TRX-00816,2024-04-28,2024-04-30,,38115.51,,Pendente,Recebimento,CT-008,FN-006,Ref. NF-2727,Pix,38115.51,396,,+360 dias,,Máximo,,7,
TRX-02839,2024-12-03,2024-12-17,2024-12-17,22010.15,22010.15,Conciliado,Pagamento,CT-007,FN-008,Ref. NF-5466,Débito,0.00,,,,,,,,
TRX-02628,2024-07-13,2024-07-23,2024-07-23,9729.44,9729.44,Conciliado,Recebimento,CT-006,FN-007,Ref. NF-8546,Boleto,0.00,,,,,,,,
TRX-01209,2025-03-28,2025-03-30,2025-03-31,26491.26,26491.26,Conciliado,Estorno,CT-002,FN-006,Ref. NF-9036,Ted,0.00,,,,,,,,
TRX-02133,2024-02-26,2024-02-28,2024-02-29,43011.01,43011.01,Conciliado,Pagamento,CT-008,FN-008,Ref. NF-5299,Boleto,0.00,,,,,,,,
TRX-01800,2024-09-25,2024-10-03,2024-10-06,42863.89,42863.89,Conciliado,Estorno,CT-007,FN-009,Ref. NF-2745,Boleto,0.00,,,,,,,,
TRX-01020,2025-04-01,2025-04-05,2025-04-06,10733.48,10733.48,Conciliado,Pagamento,CT-004,FN-008,Ref. NF-5758,Boleto,0.00,,,,,,,,
TRX-00151,2025-03-24,2025-03-25,2025-03-26,14585.80,14585.80,Conciliado,Pagamento,CT-002,FN-006,Ref. NF-4159,Pix,0.00,,,,,,,,
TRX-00432,2024-01-01,2024-01-13,2024-01-15,43351.14,43351.14,Conciliado,Pagamento,CT-002,FN-005,Ref. NF-8130,Débito,0.00,,,,,,,,
TRX-02325,2024-01-13,2024-01-28,,2414.31,,Pendente,Pagamento,CT-002,FN-003,Ref. NF-1543,Pix,2414.31,489,,+360 dias,,Máximo,,7,
TRX-02803,2024-11-02,2024-11-03,2024-11-06,9845.70,9845.70,Conciliado,Pagamento,CT-002,FN-006,Ref. NF-3795,Pix,0.00,,,,,,,,
TRX-02097,2024-06-15,2024-06-30,2024-07-03,29755.10,25927.94,Divergente,Pagamento,CT-003,FN-010,Ref. NF-2687,Ted,3827.16,,332,,181 a 360 dias,,Muito Crítico,,6
TRX-01157,2024-09-11,2024-09-21,2024-09-23,42681.74,42681.74,Conciliado,Pagamento,CT-001,FN-007,Ref. NF-7571,Ted,0.00,,,,,,,,
TRX-02570,2024-01-16,2024-01-25,2024-01-30,4433.16,3967.45,Divergente,Pagamento,CT-005,FN-004,Ref. NF-8484,Boleto,465.71,,487,,+360 dias,,Máximo,,7
TRX-00897,2025-01-17,2025-01-30,2025-02-02,35442.74,35442.74,Conciliado,Pagamento,CT-001,FN-007,Ref. NF-4264,Pix,0.00,,,,,,,,
TRX-02207,2024-09-24,2024-09-29,2024-10-03,48955.13,47102.56,Divergente,Estorno,CT-004,FN-004,Ref. NF-4970,Pix,1852.57,,240,,181 a 360 dias,,Muito Crítico,,6
TRX-00225,2025-01-30,2025-02-12,2025-02-12,815.71,815.71,Conciliado,Estorno,CT-004,FN-003,Ref. NF-7164,Ted,0.00,,,,,,,,
TRX-02167,2025-04-02,2025-04-12,2025-04-15,45548.77,45548.77,Conciliado,Pagamento,CT-003,FN-005,Ref. NF-6255,Ted,0.00,,,,,,,,
TRX-01179,2024-12-22,2024-12-27,2024-12-28,42561.98,39146.81,Divergente,Pagamento,CT-005,FN-006,Ref. NF-1428,Boleto,3415.17,,154,,121 a 180 dias,,Crítico,,5
TRX-01408,2024-01-06,2024-01-09,2024-01-11,5994.19,5994.19,Conciliado,Pagamento,CT-002,FN-006,Ref. NF-5253,Boleto,0.00,,,,,,,,
TRX-00021,2024-08-02,2024-08-13,2024-08-15,33651.44,33651.44,Conciliado,Pagamento,CT-005,FN-004,Ref. NF-2188,Débito,0.00,,,,,,,,
TRX-00618,2024-12-30,2025-01-05,2025-01-07,13782.61,12138.81,Divergente,Recebimento,CT-008,FN-008,Ref. NF-7486,Débito,1643.80,,144,,121 a 180 dias,,Crítico,,5
TRX-00214,2025-02-02,2025-02-14,2025-02-14,30542.88,30542.88,Conciliado,Pagamento,CT-004,FN-009,Ref. NF-4921,Pix,0.00,,,,,,,,
TRX-00648,2024-11-07,2024-11-21,,22396.86,,Pendente,Estorno,CT-006,FN-003,Ref. NF-1853,Boleto,22396.86,191,,181 a 360 dias,,Muito Crítico,,6,
TRX-02971,2024-12-19,2024-12-23,2024-12-24,22545.09,22545.09,Conciliado,Recebimento,CT-006,FN-005,Ref. NF-2096,Boleto,0.00,,,,,,,,
TRX-02452,2024-11-01,2024-11-11,2024-11-13,14807.00,14807.00,Conciliado,Estorno,CT-006,FN-010,Ref. NF-7029,Ted,0.00,,,,,,,,
TRX-01016,2025-04-11,2025-04-20,2025-04-22,32338.33,32338.33,Conciliado,Estorno,CT-007,FN-009,Ref. NF-8129,Débito,0.00,,,,,,,,
TRX-00855,2024-02-20,2024-02-26,,14055.50,,Pendente,Pagamento,CT-002,FN-005,Ref. NF-5250,Ted,14055.50,460,,+360 dias,,Máximo,,7,
TRX-02581,2024-07-18,2024-07-25,,9512.05,,Pendente,Pagamento,CT-002,FN-009,Ref. NF-3234,Débito,9512.05,310,,181 a 360 dias,,Muito Crítico,,6,
TRX-01637,2024-12-12,2024-12-22,2024-12-22,38857.25,38857.25,Conciliado,Pagamento,CT-008,FN-008,Ref. NF-2737,Boleto,0.00,,,,,,,,
TRX-01114,2024-08-28,2024-09-03,2024-09-05,26091.38,26091.38,Conciliado,Recebimento,CT-006,FN-009,Ref. NF-4732,Pix,0.00,,,,,,,,
TRX-01558,2024-05-29,2024-06-03,2024-06-03,22413.31,22413.31,Conciliado,Recebimento,CT-002,FN-008,Ref. NF-7488,Boleto,0.00,,,,,,,,
TRX-01127,2024-06-09,2024-06-15,,44973.40,,Pendente,Pagamento,CT-004,FN-005,Ref. NF-4998,Boleto,44973.40,350,,181 a 360 dias,,Muito Crítico,,6,
TRX-02404,2024-03-15,2024-03-19,2024-03-21,34895.42,34895.42,Conciliado,Pagamento,CT-001,FN-005,Ref. NF-5480,Débito,0.00,,,,,,,,
TRX-02188,2024-04-09,2024-04-22,2024-04-25,722.21,722.21,Conciliado,Estorno,CT-001,FN-008,Ref. NF-3458,Pix,0.00,,,,,,,,
TRX-00560,2024-08-04,2024-08-14,2024-08-16,44697.42,44697.42,Conciliado,Estorno,CT-002,FN-005,Ref. NF-3643,Boleto,0.00,,,,,,,,
TRX-02787,2024-04-08,2024-04-21,2024-04-24,21101.29,21101.29,Conciliado,Pagamento,CT-005,FN-007,Ref. NF-7200,Ted,0.00,,,,,,,,
TRX-01124,2024-02-24,2024-02-25,2024-02-25,43114.31,43114.31,Conciliado,Pagamento,CT-007,FN-010,Ref. NF-8276,Ted,0.00,,,,,,,,
TRX-01753,2024-05-02,2024-05-11,2024-05-11,31602.93,31602.93,Conciliado,Estorno,CT-007,FN-005,Ref. NF-6536,Boleto,0.00,,,,,,,,
TRX-02319,2024-10-15,2024-10-20,2024-10-22,5834.79,5349.72,Divergente,Recebimento,CT-002,FN-003,Ref. NF-7856,Débito,485.07,,221,,181 a 360 dias,,Muito Crítico,,6
TRX-00434,2024-03-09,2024-03-10,2024-03-13,33067.37,33067.37,Conciliado,Pagamento,CT-003,FN-008,Ref. NF-7974,Pix,0.00,,,,,,,,
TRX-00732,2025-04-11,2025-04-17,2025-04-19,7634.94,6714.95,Divergente,Pagamento,CT-005,FN-008,Ref. NF-2920,Boleto,919.99,,42,,31 a 60 dias,,Atenção,,2
TRX-02627,2024-02-05,2024-02-17,2024-02-18,42923.91,40204.51,Divergente,Recebimento,CT-006,FN-001,Ref. NF-4081,Boleto,2719.40,,468,,+360 dias,,Máximo,,7
TRX-00072,2024-03-28,2024-03-31,2024-04-03,34315.16,34315.16,Conciliado,Estorno,CT-007,FN-010,Ref. NF-1153,Pix,0.00,,,,,,,,
TRX-01773,2024-10-29,2024-11-04,2024-11-05,35627.93,35627.93,Conciliado,Recebimento,CT-005,FN-001,Ref. NF-8660,Ted,0.00,,,,,,,,
TRX-02685,2025-02-06,2025-02-19,2025-02-22,15743.91,15743.91,Conciliado,Recebimento,CT-004,FN-003,Ref. NF-1980,Pix,0.00,,,,,,,,
TRX-01578,2024-03-10,2024-03-18,2024-03-18,24587.02,24587.02,Conciliado,Pagamento,CT-005,FN-003,Ref. NF-5433,Ted,0.00,,,,,,,,
TRX-02267,2024-05-08,2024-05-19,2024-05-21,49285.45,49285.45,Conciliado,Recebimento,CT-002,FN-009,Ref. NF-1897,Pix,0.00,,,,,,,,
TRX-01245,2025-04-01,2025-04-02,2025-04-03,28302.15,28302.15,Conciliado,Pagamento,CT-004,FN-005,Ref. NF-6927,Débito,0.00,,,,,,,,
TRX-02209,2024-03-26,2024-04-02,2024-04-02,20432.86,20432.86,Conciliado,Pagamento,CT-008,FN-004,Ref. NF-1910,Pix,0.00,,,,,,,,
TRX-00508,2024-05-22,2024-06-04,2024-06-06,33500.51,32077.41,Divergente,Recebimento,CT-006,FN-008,Ref. NF-9147,Ted,1423.10,,359,,181 a 360 dias,,Muito Crítico,,6
TRX-02090,2024-10-08,2024-10-18,2024-10-19,26364.47,26364.47,Conciliado,Pagamento,CT-001,FN-010,Ref. NF-7145,Boleto,0.00,,,,,,,,
TRX-02962,2025-03-31,2025-04-04,,44943.21,,Pendente,Recebimento,CT-003,FN-002,Ref. NF-2119,Pix,44943.21,57,,31 a 60 dias,,Atenção,,2,
TRX-00834,2024-07-15,2024-07-23,2024-07-23,9629.13,9629.13,Conciliado,Pagamento,CT-004,FN-007,Ref. NF-1425,Pix,0.00,,,,,,,,
TRX-01455,2024-06-28,2024-07-10,2024-07-13,45370.97,45370.97,Conciliado,Estorno,CT-007,FN-003,Ref. NF-7119,Pix,0.00,,,,,,,,
TRX-01700,2024-03-27,2024-03-31,2024-04-03,39908.46,39908.46,Conciliado,Pagamento,CT-007,FN-006,Ref. NF-3711,Ted,0.00,,,,,,,,
TRX-02068,2024-01-12,2024-01-25,2024-01-26,29116.23,29116.23,Conciliado,Pagamento,CT-008,FN-009,Ref. NF-9252,Pix,0.00,,,,,,,,
TRX-01255,2025-01-06,2025-01-17,2025-01-17,28488.36,28488.36,Conciliado,Recebimento,CT-001,FN-003,Ref. NF-9741,Débito,0.00,,,,,,,,
TRX-01605,2025-03-19,2025-03-20,2025-03-23,38187.44,38187.44,Conciliado,Pagamento,CT-001,FN-004,Ref. NF-7607,Boleto,0.00,,,,,,,,
TRX-01303,2024-10-07,2024-10-11,,38169.34,,Pendente,Pagamento,CT-001,FN-005,Ref. NF-9497,Pix,38169.34,232,,181 a 360 dias,,Muito Crítico,,6,
TRX-02690,2025-02-20,2025-03-05,2025-03-05,16102.52,16102.52,Conciliado,Pagamento,CT-007,FN-003,Ref. NF-2789,Boleto,0.00,,,,,,,,
TRX-00558,2025-01-13,2025-01-25,2025-01-28,43059.92,43059.92,Conciliado,Recebimento,CT-008,FN-001,Ref. NF-8074,Débito,0.00,,,,,,,,
TRX-00534,2025-03-23,2025-04-04,2025-04-06,41425.05,41425.05,Conciliado,Pagamento,CT-003,FN-010,Ref. NF-4677,Pix,0.00,,,,,,,,
TRX-00377,2024-01-01,2024-01-13,2024-01-14,7186.74,7186.74,Conciliado,Pagamento,CT-001,FN-009,Ref. NF-5521,Pix,0.00,,,,,,,,
TRX-02529,2025-01-21,2025-01-23,2025-01-25,23977.00,23977.00,Conciliado,Estorno,CT-006,FN-010,Ref. NF-4187,Pix,0.00,,,,,,,,
TRX-01317,2024-06-24,2024-06-30,2024-06-30,35209.45,35209.45,Conciliado,Pagamento,CT-001,FN-004,Ref. NF-7644,Ted,0.00,,,,,,,,
TRX-00608,2024-09-03,2024-09-15,2024-09-17,39952.77,39952.77,Conciliado,Pagamento,CT-004,FN-003,Ref. NF-3385,Débito,0.00,,,,,,,,
TRX-01583,2024-08-14,2024-08-25,2024-08-27,11115.23,11115.23,Conciliado,Estorno,CT-004,FN-004,Ref. NF-1204,Boleto,0.00,,,,,,,,
TRX-01874,2024-07-29,2024-08-09,2024-08-09,11423.35,11423.35,Conciliado,Pagamento,CT-004,FN-006,Ref. NF-1451,Débito,0.00,,,,,,,,
TRX-01603,2025-03-02,2025-03-06,2025-03-07,13816.27,13816.27,Conciliado,Pagamento,CT-005,FN-009,Ref. NF-9647,Boleto,0.00,,,,,,,,
TRX-01911,2024-03-21,2024-03-31,2024-04-01,4807.14,4327.80,Divergente,Pagamento,CT-001,FN-005,Ref. NF-7653,Pix,479.34,,425,,+360 dias,,Máximo,,7
TRX-00716,2024-05-12,2024-05-17,2024-05-17,6395.62,6395.62,Conciliado,Pagamento,CT-005,FN-009,Ref. NF-5550,Ted,0.00,,,,,,,,
TRX-00483,2024-03-23,2024-03-27,2024-03-27,6760.44,6760.44,Conciliado,Pagamento,CT-006,FN-010,Ref. NF-3423,Pix,0.00,,,,,,,,
TRX-00453,2024-10-03,2024-10-07,2024-10-09,28578.57,28578.57,Conciliado,Recebimento,CT-008,FN-002,Ref. NF-2485,Pix,0.00,,,,,,,,
TRX-02291,2024-01-02,2024-01-14,,10275.82,,Pendente,Pagamento,CT-003,FN-005,Ref. NF-8122,Ted,10275.82,503,,+360 dias,,Máximo,,7,
TRX-01074,2024-02-01,2024-02-10,2024-02-12,41230.87,41230.87,Conciliado,Recebimento,CT-003,FN-009,Ref. NF-1396,Boleto,0.00,,,,,,,,
TRX-00079,2025-02-25,2025-03-08,2025-03-09,1738.72,1738.72,Conciliado,Pagamento,CT-004,FN-008,Ref. NF-8606,Boleto,0.00,,,,,,,,
TRX-02635,2025-01-19,2025-01-27,2025-01-30,19553.60,17913.44,Divergente,Pagamento,CT-004,FN-005,Ref. NF-7834,Ted,1640.16,,121,,121 a 180 dias,,Crítico,,5
TRX-00200,2024-09-07,2024-09-10,2024-09-13,14958.45,14958.45,Conciliado,Estorno,CT-001,FN-004,Ref. NF-9115,Pix,0.00,,,,,,,,
TRX-02159,2024-11-26,2024-11-27,2024-11-30,40810.36,40810.36,Conciliado,Pagamento,CT-003,FN-006,Ref. NF-2132,Ted,0.00,,,,,,,,
TRX-01045,2024-06-30,2024-07-10,2024-07-10,18578.19,18578.19,Conciliado,Pagamento,CT-007,FN-003,Ref. NF-1852,Débito,0.00,,,,,,,,
TRX-01580,2024-10-18,2024-10-21,,25702.80,,Pendente,Estorno,CT-005,FN-010,Ref. NF-4885,Pix,25702.80,222,,181 a 360 dias,,Muito Crítico,,6,
TRX-02647,2024-07-21,2024-07-24,2024-07-26,49954.07,49015.99,Divergente,Recebimento,CT-002,FN-004,Ref. NF-3603,Boleto,938.08,,309,,181 a 360 dias,,Muito Crítico,,6
TRX-02850,2024-12-28,2025-01-01,2025-01-04,8470.73,8470.73,Conciliado,Recebimento,CT-004,FN-006,Ref. NF-1975,Débito,0.00,,,,,,,,
TRX-00624,2025-03-19,2025-03-26,2025-03-29,12069.30,12069.30,Conciliado,Pagamento,CT-004,FN-008,Ref. NF-4077,Ted,0.00,,,,,,,,
TRX-00338,2024-05-13,2024-05-16,2024-05-21,4083.11,3935.47,Divergente,Estorno,CT-002,FN-009,Ref. NF-7178,Boleto,147.64,,375,,+360 dias,,Máximo,,7
TRX-02000,2025-01-24,2025-01-31,2025-02-03,1922.99,1922.99,Conciliado,Pagamento,CT-003,FN-007,Ref. NF-1970,Ted,0.00,,,,,,,,
TRX-00287,2025-03-10,2025-03-18,2025-03-19,16371.37,16371.37,Conciliado,Pagamento,CT-002,FN-008,Ref. NF-4850,Débito,0.00,,,,,,,,
TRX-00998,2024-11-12,2024-11-24,2024-11-25,35727.45,35727.45,Conciliado,Pagamento,CT-002,FN-002,Ref. NF-7500,Pix,0.00,,,,,,,,
TRX-02552,2025-02-15,2025-02-18,2025-02-19,6315.01,6315.01,Conciliado,Pagamento,CT-003,FN-001,Ref. NF-6347,Débito,0.00,,,,,,,,
TRX-00827,2024-09-30,2024-10-10,2024-10-13,19662.68,19662.68,Conciliado,Pagamento,CT-008,FN-001,Ref. NF-2933,Boleto,0.00,,,,,,,,
TRX-02813,2025-04-26,2025-04-30,2025-05-03,3590.82,3403.44,Divergente,Estorno,CT-002,FN-010,Ref. NF-8614,Débito,187.38,,28,,0 a 30 dias,,Normal,,1
TRX-01152,2024-10-28,2024-11-01,2024-11-03,12540.18,12540.18,Conciliado,Recebimento,CT-004,FN-005,Ref. NF-2649,Boleto,0.00,,,,,,,,
TRX-01900,2024-09-11,2024-09-26,2024-09-27,28136.40,28136.40,Conciliado,Pagamento,CT-004,FN-008,Ref. NF-8284,Débito,0.00,,,,,,,,
TRX-00807,2024-06-19,2024-06-29,2024-06-29,43283.55,43283.55,Conciliado,Pagamento,CT-008,FN-006,Ref. NF-9115,Pix,0.00,,,,,,,,
TRX-01343,2025-03-26,2025-04-02,2025-04-02,7991.27,7991.27,Conciliado,Pagamento,CT-007,FN-008,Ref. NF-2038,Pix,0.00,,,,,,,,
TRX-02661,2024-09-08,2024-09-12,2024-09-15,13410.33,13410.33,Conciliado,Pagamento,CT-003,FN-004,Ref. NF-4255,Débito,0.00,,,,,,,,
TRX-00462,2024-04-15,2024-04-18,2024-04-19,12343.06,12343.06,Conciliado,Estorno,CT-008,FN-007,Ref. NF-2442,Ted,0.00,,,,,,,,
TRX-02388,2024-05-14,2024-05-27,2024-05-28,10505.37,10505.37,Conciliado,Pagamento,CT-008,FN-002,Ref. NF-7815,Débito,0.00,,,,,,,,
TRX-02711,2024-09-23,2024-09-27,2024-09-30,41331.15,41331.15,Conciliado,Estorno,CT-003,FN-002,Ref. NF-3705,Boleto,0.00,,,,,,,,
TRX-02234,2025-03-12,2025-03-14,2025-03-14,47719.85,47719.85,Conciliado,Pagamento,CT-001,FN-003,Ref. NF-5846,Pix,0.00,,,,,,,,
TRX-02593,2024-01-06,2024-01-16,2024-01-19,27713.10,27713.10,Conciliado,Pagamento,CT-002,FN-007,Ref. NF-4919,Pix,0.00,,,,,,,,
TRX-01331,2024-08-11,2024-08-14,2024-08-14,28638.90,28638.90,Conciliado,Estorno,CT-005,FN-010,Ref. NF-3705,Ted,0.00,,,,,,,,
TRX-01746,2024-01-24,2024-01-27,2024-01-28,10314.66,10314.66,Conciliado,Estorno,CT-002,FN-010,Ref. NF-5815,Boleto,0.00,,,,,,,,
TRX-01426,2024-10-07,2024-10-14,2024-10-15,40283.44,37948.21,Divergente,Estorno,CT-008,FN-003,Ref. NF-8811,Pix,2335.23,,228,,181 a 360 dias,,Muito Crítico,,6
TRX-01514,2024-04-09,2024-04-13,,13994.26,,Pendente,Pagamento,CT-001,FN-001,Ref. NF-2052,Pix,13994.26,413,,+360 dias,,Máximo,,7,
TRX-00714,2024-10-16,2024-10-17,2024-10-20,43577.66,43577.66,Conciliado,Recebimento,CT-008,FN-009,Ref. NF-5448,Ted,0.00,,,,,,,,
TRX-02863,2024-10-29,2024-11-09,2024-11-11,19512.61,19512.61,Conciliado,Estorno,CT-006,FN-002,Ref. NF-5803,Ted,0.00,,,,,,,,
TRX-02557,2025-03-20,2025-03-22,2025-03-22,18573.92,18573.92,Conciliado,Pagamento,CT-003,FN-006,Ref. NF-1672,Débito,0.00,,,,,,,,
TRX-00681,2024-05-20,2024-06-01,2024-06-02,24467.48,24467.48,Conciliado,Estorno,CT-003,FN-007,Ref. NF-9806,Pix,0.00,,,,,,,,
TRX-02445,2025-02-09,2025-02-13,2025-02-16,14823.60,14823.60,Conciliado,Estorno,CT-003,FN-007,Ref. NF-8023,Débito,0.00,,,,,,,,
TRX-01278,2024-11-07,2024-11-20,2024-11-23,5757.43,5757.43,Conciliado,Pagamento,CT-004,FN-009,Ref. NF-6314,Boleto,0.00,,,,,,,,
TRX-00631,2024-05-21,2024-05-25,2024-05-28,41316.84,41316.84,Conciliado,Pagamento,CT-008,FN-002,Ref. NF-2492,Pix,0.00,,,,,,,,
TRX-02532,2024-05-20,2024-06-03,2024-06-04,35986.61,35986.61,Conciliado,Pagamento,CT-006,FN-001,Ref. NF-1091,Débito,0.00,,,,,,,,
TRX-01244,2025-02-01,2025-02-08,2025-02-11,31299.78,31299.78,Conciliado,Estorno,CT-001,FN-007,Ref. NF-7843,Boleto,0.00,,,,,,,,
TRX-02146,2024-04-10,2024-04-22,2024-04-23,40327.34,40327.34,Conciliado,Pagamento,CT-008,FN-004,Ref. NF-3852,Pix,0.00,,,,,,,,
TRX-00788,2024-09-14,2024-09-21,2024-09-24,13993.15,13993.15,Conciliado,Pagamento,CT-001,FN-008,Ref. NF-3894,Débito,0.00,,,,,,,,
TRX-02144,2024-04-28,2024-05-11,2024-05-13,861.42,861.42,Conciliado,Pagamento,CT-004,FN-010,Ref. NF-4714,Boleto,0.00,,,,,,,,
TRX-00077,2024-09-28,2024-10-07,,48385.51,,Pendente,Pagamento,CT-005,FN-008,Ref. NF-2233,Ted,48385.51,236,,181 a 360 dias,,Muito Crítico,,6,
TRX-01397,2025-03-25,2025-04-03,,11736.67,,Pendente,Estorno,CT-006,FN-005,Ref. NF-4495,Ted,11736.67,58,,31 a 60 dias,,Atenção,,2,
TRX-01276,2024-12-15,2024-12-24,2024-12-26,27536.01,27536.01,Conciliado,Recebimento,CT-004,FN-004,Ref. NF-6371,Ted,0.00,,,,,,,,
TRX-02812,2024-10-11,2024-10-18,2024-10-20,41558.22,41558.22,Conciliado,Pagamento,CT-003,FN-005,Ref. NF-2314,Ted,0.00,,,,,,,,
TRX-02399,2024-02-25,2024-03-08,2024-03-08,29209.89,29209.89,Conciliado,Estorno,CT-001,FN-001,Ref. NF-3991,Boleto,0.00,,,,,,,,
TRX-02848,2024-12-13,2024-12-27,2024-12-27,33406.29,33406.29,Conciliado,Pagamento,CT-001,FN-004,Ref. NF-6611,Pix,0.00,,,,,,,,
TRX-00048,2024-05-22,2024-06-06,2024-06-07,30711.42,30711.42,Conciliado,Pagamento,CT-008,FN-010,Ref. NF-5232,Débito,0.00,,,,,,,,
TRX-00979,2024-06-23,2024-07-06,2024-07-08,33566.63,33566.63,Conciliado,Estorno,CT-008,FN-002,Ref. NF-9901,Débito,0.00,,,,,,,,
TRX-02287,2025-01-25,2025-02-09,2025-02-12,9602.65,9602.65,Conciliado,Estorno,CT-006,FN-003,Ref. NF-3256,Ted,0.00,,,,,,,,
TRX-00267,2024-07-26,2024-08-02,2024-08-04,36464.22,36464.22,Conciliado,Estorno,CT-004,FN-006,Ref. NF-3967,Pix,0.00,,,,,,,,
TRX-00283,2024-04-03,2024-04-05,2024-04-06,41867.56,41867.56,Conciliado,Recebimento,CT-008,FN-005,Ref. NF-1960,Boleto,0.00,,,,,,,,
TRX-01203,2024-05-31,2024-06-08,2024-06-11,7158.49,6713.22,Divergente,Recebimento,CT-004,FN-010,Ref. NF-8074,Pix,445.27,,354,,181 a 360 dias,,Muito Crítico,,6
TRX-02370,2024-06-18,2024-06-22,2024-06-23,23755.90,23755.90,Conciliado,Estorno,CT-006,FN-010,Ref. NF-3073,Boleto,0.00,,,,,,,,
TRX-01313,2025-01-04,2025-01-11,2025-01-11,30012.04,30012.04,Conciliado,Pagamento,CT-004,FN-010,Ref. NF-8433,Pix,0.00,,,,,,,,
TRX-00070,2024-07-13,2024-07-19,2024-07-20,3886.83,3539.95,Divergente,Estorno,CT-001,FN-010,Ref. NF-2646,Débito,346.88,,315,,181 a 360 dias,,Muito Crítico,,6
TRX-00617,2024-04-17,2024-04-29,2024-05-01,25676.38,25676.38,Conciliado,Recebimento,CT-002,FN-003,Ref. NF-6272,Pix,0.00,,,,,,,,
TRX-01131,2024-05-22,2024-06-05,,8748.13,,Pendente,Pagamento,CT-007,FN-005,Ref. NF-3882,Pix,8748.13,360,,181 a 360 dias,,Muito Crítico,,6,
TRX-00688,2024-11-20,2024-12-02,,41167.61,,Pendente,Pagamento,CT-003,FN-007,Ref. NF-5055,Ted,41167.61,180,,121 a 180 dias,,Crítico,,5,
TRX-00639,2024-11-02,2024-11-03,2024-11-03,19044.91,19044.91,Conciliado,Recebimento,CT-004,FN-004,Ref. NF-4148,Pix,0.00,,,,,,,,
TRX-02982,2024-04-24,2024-05-06,2024-05-07,23584.91,23584.91,Conciliado,Estorno,CT-007,FN-002,Ref. NF-6454,Pix,0.00,,,,,,,,
TRX-02252,2024-02-06,2024-02-07,2024-02-07,21618.05,21618.05,Conciliado,Pagamento,CT-004,FN-003,Ref. NF-7497,Boleto,0.00,,,,,,,,
TRX-00085,2024-03-08,2024-03-09,2024-03-09,9125.19,9125.19,Conciliado,Pagamento,CT-006,FN-001,Ref. NF-6931,Boleto,0.00,,,,,,,,
TRX-00087,2024-02-01,2024-02-09,,35763.87,,Pendente,Recebimento,CT-002,FN-008,Ref. NF-2076,Boleto,35763.87,477,,+360 dias,,Máximo,,7,
TRX-00093,2024-11-07,2024-11-22,2024-11-23,35283.59,35283.59,Conciliado,Pagamento,CT-003,FN-005,Ref. NF-7566,Ted,0.00,,,,,,,,
TRX-00730,2024-11-04,2024-11-17,2024-11-18,21223.65,21223.65,Conciliado,Pagamento,CT-004,FN-007,Ref. NF-7911,Boleto,0.00,,,,,,,,
TRX-01341,2025-04-24,2025-05-04,2025-05-06,25829.18,25829.18,Conciliado,Pagamento,CT-005,FN-008,Ref. NF-6825,Boleto,0.00,,,,,,,,
TRX-01359,2024-12-21,2025-01-01,2025-01-01,38308.54,38308.54,Conciliado,Pagamento,CT-007,FN-003,Ref. NF-2637,Débito,0.00,,,,,,,,
TRX-00903,2024-05-09,2024-05-21,2024-05-26,34088.51,29489.96,Divergente,Estorno,CT-006,FN-008,Ref. NF-7565,Boleto,4598.55,,370,,+360 dias,,Máximo,,7
TRX-00565,2025-01-28,2025-01-29,2025-02-01,30412.33,30412.33,Conciliado,Pagamento,CT-003,FN-009,Ref. NF-2734,Débito,0.00,,,,,,,,
TRX-01444,2024-03-31,2024-04-06,2024-04-08,35038.20,35038.20,Conciliado,Pagamento,CT-001,FN-009,Ref. NF-4037,Ted,0.00,,,,,,,,
TRX-00035,2024-09-10,2024-09-17,,39031.81,,Pendente,Pagamento,CT-001,FN-002,Ref. NF-1822,Ted,39031.81,256,,181 a 360 dias,,Muito Crítico,,6,
TRX-00583,2024-10-03,2024-10-04,,35506.83,,Pendente,Pagamento,CT-002,FN-003,Ref. NF-3028,Débito,35506.83,239,,181 a 360 dias,,Muito Crítico,,6,
TRX-01327,2024-12-07,2024-12-15,2024-12-15,37576.62,37576.62,Conciliado,Pagamento,CT-001,FN-001,Ref. NF-5416,Pix,0.00,,,,,,,,
TRX-00474,2024-08-20,2024-08-28,2024-08-28,31527.14,31527.14,Conciliado,Recebimento,CT-003,FN-006,Ref. NF-9698,Pix,0.00,,,,,,,,
TRX-00183,2024-02-22,2024-02-23,2024-02-26,30103.17,30103.17,Conciliado,Pagamento,CT-002,FN-010,Ref. NF-4977,Pix,0.00,,,,,,,,
TRX-00895,2024-06-08,2024-06-13,2024-06-13,23579.49,23579.49,Conciliado,Pagamento,CT-002,FN-006,Ref. NF-2415,Débito,0.00,,,,,,,,
TRX-00784,2024-12-21,2024-12-23,,1149.84,,Pendente,Recebimento,CT-001,FN-004,Ref. NF-6577,Pix,1149.84,159,,121 a 180 dias,,Crítico,,5,
TRX-01290,2025-03-11,2025-03-20,2025-03-21,29528.46,29528.46,Conciliado,Estorno,CT-007,FN-007,Ref. NF-8226,Débito,0.00,,,,,,,,
TRX-02543,2025-03-28,2025-04-09,2025-04-11,5934.48,5934.48,Conciliado,Pagamento,CT-004,FN-010,Ref. NF-4393,Boleto,0.00,,,,,,,,
TRX-01301,2024-01-02,2024-01-05,2024-01-10,3244.16,3171.14,Divergente,Recebimento,CT-002,FN-003,Ref. NF-6355,Pix,73.02,,507,,+360 dias,,Máximo,,7
TRX-00704,2024-03-08,2024-03-10,2024-03-12,17533.97,17533.97,Conciliado,Pagamento,CT-003,FN-003,Ref. NF-1131,Pix,0.00,,,,,,,,
TRX-00177,2024-11-22,2024-11-23,2024-11-28,32422.91,31731.70,Divergente,Pagamento,CT-008,FN-007,Ref. NF-8790,Pix,691.21,,184,,181 a 360 dias,,Muito Crítico,,6
TRX-00235,2024-11-10,2024-11-20,2024-11-21,44197.54,44197.54,Conciliado,Pagamento,CT-008,FN-007,Ref. NF-9614,Ted,0.00,,,,,,,,
TRX-01684,2024-10-28,2024-11-07,2024-11-10,18219.44,18219.44,Conciliado,Recebimento,CT-006,FN-002,Ref. NF-8099,Débito,0.00,,,,,,,,
TRX-02688,2024-05-06,2024-05-08,2024-05-08,5296.42,5296.42,Conciliado,Pagamento,CT-007,FN-006,Ref. NF-1353,Ted,0.00,,,,,,,,
TRX-02991,2024-11-11,2024-11-20,2024-11-22,30253.99,30253.99,Conciliado,Pagamento,CT-001,FN-009,Ref. NF-2956,Débito,0.00,,,,,,,,
TRX-00877,2024-10-06,2024-10-14,,35588.97,,Pendente,Pagamento,CT-006,FN-008,Ref. NF-2721,Boleto,35588.97,229,,181 a 360 dias,,Muito Crítico,,6,
TRX-00244,2024-08-16,2024-08-17,2024-08-20,17848.82,17848.82,Conciliado,Pagamento,CT-004,FN-002,Ref. NF-3725,Ted,0.00,,,,,,,,
TRX-01375,2024-05-01,2024-05-11,,25248.47,,Pendente,Pagamento,CT-002,FN-009,Ref. NF-3824,Pix,25248.47,385,,+360 dias,,Máximo,,7,
TRX-01072,2024-11-09,2024-11-23,2024-11-24,37946.32,37946.32,Conciliado,Pagamento,CT-006,FN-010,Ref. NF-3292,Pix,0.00,,,,,,,,
TRX-00029,2024-06-17,2024-06-22,2024-06-22,20284.08,20284.08,Conciliado,Pagamento,CT-006,FN-009,Ref. NF-5349,Pix,0.00,,,,,,,,
TRX-02825,2024-09-01,2024-09-12,,26808.19,,Pendente,Pagamento,CT-002,FN-009,Ref. NF-9284,Ted,26808.19,261,,181 a 360 dias,,Muito Crítico,,6,
TRX-00832,2024-05-23,2024-05-25,2024-05-25,37224.48,37224.48,Conciliado,Pagamento,CT-004,FN-005,Ref. NF-8434,Ted,0.00,,,,,,,,
TRX-00240,2025-02-16,2025-02-19,2025-02-24,1584.69,1537.93,Divergente,Pagamento,CT-006,FN-001,Ref. NF-7481,Boleto,46.76,,96,,91 a 120 dias,,Alto,,4
TRX-00502,2024-09-15,2024-09-25,2024-09-25,11241.40,11241.40,Conciliado,Pagamento,CT-001,FN-009,Ref. NF-4506,Pix,0.00,,,,,,,,
TRX-02583,2024-04-14,2024-04-23,2024-04-25,48201.23,48201.23,Conciliado,Recebimento,CT-005,FN-009,Ref. NF-6333,Boleto,0.00,,,,,,,,
TRX-02714,2024-12-06,2024-12-19,2024-12-19,10874.83,10874.83,Conciliado,Pagamento,CT-008,FN-010,Ref. NF-4158,Boleto,0.00,,,,,,,,
TRX-02469,2024-04-08,2024-04-21,,3894.71,,Pendente,Pagamento,CT-002,FN-001,Ref. NF-9879,Débito,3894.71,405,,+360 dias,,Máximo,,7,
TRX-01948,2024-10-23,2024-11-03,2024-11-06,19700.87,19700.87,Conciliado,Pagamento,CT-005,FN-003,Ref. NF-6410,Débito,0.00,,,,,,,,
TRX-00957,2025-03-12,2025-03-18,2025-03-20,23682.16,23682.16,Conciliado,Pagamento,CT-003,FN-006,Ref. NF-1379,Débito,0.00,,,,,,,,
TRX-01617,2024-08-25,2024-09-04,2024-09-05,21610.29,21610.29,Conciliado,Pagamento,CT-001,FN-005,Ref. NF-1485,Pix,0.00,,,,,,,,
TRX-00122,2025-01-07,2025-01-14,2025-01-16,15041.44,15041.44,Conciliado,Recebimento,CT-003,FN-009,Ref. NF-3730,Pix,0.00,,,,,,,,
TRX-02174,2024-05-28,2024-06-08,2024-06-11,7917.97,7917.97,Conciliado,Recebimento,CT-006,FN-008,Ref. NF-9305,Boleto,0.00,,,,,,,,
TRX-02684,2024-02-28,2024-03-12,2024-03-12,39040.12,39040.12,Conciliado,Pagamento,CT-008,FN-008,Ref. NF-4672,Pix,0.00,,,,,,,,
TRX-00587,2024-03-19,2024-03-24,2024-03-27,48075.61,48075.61,Conciliado,Pagamento,CT-001,FN-010,Ref. NF-6311,Boleto,0.00,,,,,,,,
TRX-01625,2024-03-05,2024-03-09,,3155.55,,Pendente,Pagamento,CT-004,FN-005,Ref. NF-2809,Boleto,3155.55,448,,+360 dias,,Máximo,,7,
TRX-00034,2024-02-17,2024-03-02,2024-03-06,7794.02,7077.14,Divergente,Pagamento,CT-004,FN-004,Ref. NF-7291,Ted,716.88,,451,,+360 dias,,Máximo,,7
TRX-00234,2025-02-24,2025-03-08,2025-03-10,34319.04,34319.04,Conciliado,Recebimento,CT-001,FN-007,Ref. NF-1567,Boleto,0.00,,,,,,,,
TRX-00591,2024-10-02,2024-10-09,2024-10-10,40725.86,40725.86,Conciliado,Recebimento,CT-001,FN-001,Ref. NF-8900,Débito,0.00,,,,,,,,
TRX-00314,2024-05-08,2024-05-10,2024-05-10,18178.35,18178.35,Conciliado,Estorno,CT-008,FN-006,Ref. NF-8383,Ted,0.00,,,,,,,,
TRX-02340,2024-02-16,2024-02-17,2024-02-18,40854.48,40854.48,Conciliado,Pagamento,CT-008,FN-001,Ref. NF-6701,Pix,0.00,,,,,,,,
TRX-01079,2025-01-29,2025-02-05,2025-02-07,19678.88,18820.22,Divergente,Pagamento,CT-002,FN-001,Ref. NF-4511,Ted,858.66,,113,,91 a 120 dias,,Alto,,4
TRX-02935,2024-07-17,2024-07-24,2024-07-26,49244.26,49244.26,Conciliado,Recebimento,CT-007,FN-003,Ref. NF-1043,Ted,0.00,,,,,,,,
TRX-00306,2024-09-20,2024-10-03,2024-10-03,15173.48,15173.48,Conciliado,Recebimento,CT-008,FN-001,Ref. NF-9814,Débito,0.00,,,,,,,,
TRX-01289,2024-02-05,2024-02-09,2024-02-10,2172.57,2172.57,Conciliado,Pagamento,CT-006,FN-008,Ref. NF-5659,Pix,0.00,,,,,,,,
TRX-02265,2024-03-01,2024-03-16,2024-03-17,1712.63,1712.63,Conciliado,Recebimento,CT-003,FN-006,Ref. NF-5308,Pix,0.00,,,,,,,,
TRX-01950,2024-03-21,2024-04-05,2024-04-07,21784.88,21784.88,Conciliado,Pagamento,CT-008,FN-007,Ref. NF-2003,Débito,0.00,,,,,,,,
TRX-00737,2025-01-15,2025-01-19,2025-01-23,19918.40,18261.95,Divergente,Estorno,CT-001,FN-004,Ref. NF-7233,Boleto,1656.45,,128,,121 a 180 dias,,Crítico,,5
TRX-01549,2024-12-03,2024-12-06,2024-12-09,46195.22,46195.22,Conciliado,Pagamento,CT-008,FN-004,Ref. NF-9782,Pix,0.00,,,,,,,,
TRX-00598,2024-02-26,2024-03-11,2024-03-12,27813.37,27813.37,Conciliado,Estorno,CT-008,FN-003,Ref. NF-2065,Ted,0.00,,,,,,,,
TRX-01032,2024-11-21,2024-11-29,2024-11-30,44032.49,44032.49,Conciliado,Pagamento,CT-008,FN-009,Ref. NF-5214,Débito,0.00,,,,,,,,
TRX-02316,2025-04-21,2025-05-05,2025-05-05,23200.74,23200.74,Conciliado,Pagamento,CT-004,FN-003,Ref. NF-5300,Boleto,0.00,,,,,,,,
TRX-00702,2024-02-26,2024-03-01,2024-03-02,21342.26,21342.26,Conciliado,Pagamento,CT-003,FN-007,Ref. NF-5354,Ted,0.00,,,,,,,,
TRX-00433,2024-10-06,2024-10-10,2024-10-11,27993.37,27993.37,Conciliado,Recebimento,CT-003,FN-004,Ref. NF-3056,Pix,0.00,,,,,,,,
TRX-00310,2024-07-02,2024-07-17,2024-07-21,30525.01,29459.60,Divergente,Pagamento,CT-005,FN-005,Ref. NF-4602,Débito,1065.41,,314,,181 a 360 dias,,Muito Crítico,,6
TRX-00917,2024-12-18,2024-12-28,2024-12-28,4288.54,4288.54,Conciliado,Estorno,CT-008,FN-001,Ref. NF-2290,Ted,0.00,,,,,,,,
TRX-02596,2024-06-15,2024-06-21,2024-06-24,47038.74,47038.74,Conciliado,Pagamento,CT-007,FN-008,Ref. NF-6145,Boleto,0.00,,,,,,,,
TRX-00667,2024-01-17,2024-01-20,,49367.37,,Pendente,Pagamento,CT-005,FN-009,Ref. NF-9858,Débito,49367.37,497,,+360 dias,,Máximo,,7,
TRX-01651,2025-03-30,2025-04-07,2025-04-07,42410.47,42410.47,Conciliado,Pagamento,CT-005,FN-009,Ref. NF-5252,Ted,0.00,,,,,,,,
TRX-02485,2025-04-09,2025-04-16,2025-04-18,14738.91,14738.91,Conciliado,Pagamento,CT-004,FN-009,Ref. NF-5680,Pix,0.00,,,,,,,,
TRX-02849,2024-10-19,2024-10-31,2024-11-01,21035.11,21035.11,Conciliado,Pagamento,CT-005,FN-003,Ref. NF-2133,Pix,0.00,,,,,,,,
TRX-01108,2024-02-27,2024-03-07,2024-03-09,44079.04,38631.46,Divergente,Estorno,CT-001,FN-005,Ref. NF-2622,Ted,5447.58,,448,,+360 dias,,Máximo,,7
TRX-01287,2024-04-01,2024-04-10,2024-04-10,40714.69,40714.69,Conciliado,Pagamento,CT-002,FN-002,Ref. NF-6027,Pix,0.00,,,,,,,,
TRX-00053,2024-01-28,2024-02-06,2024-02-08,43699.63,43699.63,Conciliado,Pagamento,CT-008,FN-002,Ref. NF-8827,Ted,0.00,,,,,,,,
TRX-02554,2024-06-03,2024-06-12,2024-06-15,45522.40,45522.40,Conciliado,Pagamento,CT-004,FN-001,Ref. NF-8265,Pix,0.00,,,,,,,,
TRX-02211,2024-12-31,2025-01-15,2025-01-15,20327.34,20327.34,Conciliado,Pagamento,CT-004,FN-002,Ref. NF-6958,Ted,0.00,,,,,,,,
TRX-01029,2024-05-27,2024-06-05,2024-06-06,6012.61,6012.61,Conciliado,Pagamento,CT-006,FN-001,Ref. NF-1629,Pix,0.00,,,,,,,,
TRX-01511,2024-08-02,2024-08-04,2024-08-05,40571.30,40571.30,Conciliado,Pagamento,CT-002,FN-003,Ref. NF-2168,Boleto,0.00,,,,,,,,
TRX-01260,2024-08-08,2024-08-13,2024-08-13,10642.07,10642.07,Conciliado,Pagamento,CT-004,FN-008,Ref. NF-9186,Ted,0.00,,,,,,,,
TRX-02460,2024-03-07,2024-03-16,2024-03-18,17566.14,17566.14,Conciliado,Pagamento,CT-007,FN-007,Ref. NF-9661,Pix,0.00,,,,,,,,
TRX-01092,2024-11-02,2024-11-08,,41321.93,,Pendente,Pagamento,CT-003,FN-004,Ref. NF-9912,Débito,41321.93,204,,181 a 360 dias,,Muito Crítico,,6,
TRX-02421,2024-02-08,2024-02-20,2024-02-21,15435.91,15435.91,Conciliado,Pagamento,CT-005,FN-010,Ref. NF-5017,Ted,0.00,,,,,,,,
TRX-01645,2024-04-29,2024-05-04,,16629.66,,Pendente,Pagamento,CT-002,FN-001,Ref. NF-7891,Débito,16629.66,392,,+360 dias,,Máximo,,7,
TRX-02371,2024-03-28,2024-04-06,2024-04-07,35604.70,35604.70,Conciliado,Recebimento,CT-001,FN-005,Ref. NF-7726,Boleto,0.00,,,,,,,,
TRX-01410,2025-04-21,2025-04-27,2025-04-28,2883.15,2883.15,Conciliado,Pagamento,CT-004,FN-002,Ref. NF-1199,Boleto,0.00,,,,,,,,
TRX-00673,2024-03-16,2024-03-26,2024-03-29,16346.90,16346.90,Conciliado,Pagamento,CT-001,FN-010,Ref. NF-5775,Ted,0.00,,,,,,,,
TRX-00367,2025-02-16,2025-03-03,,18229.29,,Pendente,Pagamento,CT-001,FN-007,Ref. NF-5828,Débito,18229.29,89,,61 a 90 dias,,Elevado,,3,
TRX-02550,2024-03-20,2024-03-27,2024-03-30,10732.77,10732.77,Conciliado,Pagamento,CT-006,FN-003,Ref. NF-3705,Pix,0.00,,,,,,,,
TRX-00602,2025-04-14,2025-04-18,2025-04-18,3610.78,3610.78,Conciliado,Pagamento,CT-006,FN-005,Ref. NF-6477,Ted,0.00,,,,,,,,
TRX-00025,2025-01-29,2025-02-01,2025-02-02,35430.54,35430.54,Conciliado,Pagamento,CT-008,FN-009,Ref. NF-3426,Ted,0.00,,,,,,,,
TRX-00725,2024-05-31,2024-06-02,2024-06-04,45652.26,45652.26,Conciliado,Recebimento,CT-003,FN-001,Ref. NF-7303,Débito,0.00,,,,,,,,
TRX-00268,2024-05-30,2024-06-01,2024-06-01,38264.45,38264.45,Conciliado,Pagamento,CT-005,FN-009,Ref. NF-6031,Débito,0.00,,,,,,,,
TRX-01350,2024-06-08,2024-06-23,2024-06-24,16702.67,14487.50,Divergente,Recebimento,CT-005,FN-002,Ref. NF-3958,Débito,2215.17,,341,,181 a 360 dias,,Muito Crítico,,6
TRX-01844,2025-04-09,2025-04-15,2025-04-16,40771.03,40771.03,Conciliado,Pagamento,CT-003,FN-007,Ref. NF-6844,Boleto,0.00,,,,,,,,
TRX-00986,2025-04-02,2025-04-09,2025-04-09,22447.38,22447.38,Conciliado,Estorno,CT-003,FN-004,Ref. NF-8718,Pix,0.00,,,,,,,,
TRX-00906,2024-08-11,2024-08-13,2024-08-16,24128.53,24128.53,Conciliado,Pagamento,CT-006,FN-001,Ref. NF-7165,Ted,0.00,,,,,,,,
TRX-02312,2024-09-16,2024-09-29,2024-10-01,33466.66,33466.66,Conciliado,Recebimento,CT-006,FN-007,Ref. NF-6023,Ted,0.00,,,,,,,,
TRX-02473,2025-01-19,2025-02-02,2025-02-03,45961.25,45961.25,Conciliado,Pagamento,CT-001,FN-008,Ref. NF-3301,Débito,0.00,,,,,,,,
TRX-02083,2024-12-20,2024-12-24,2024-12-27,21429.25,21429.25,Conciliado,Pagamento,CT-003,FN-008,Ref. NF-7919,Pix,0.00,,,,,,,,
TRX-02826,2024-02-26,2024-03-12,2024-03-13,6006.55,6006.55,Conciliado,Pagamento,CT-003,FN-010,Ref. NF-5723,Boleto,0.00,,,,,,,,
TRX-01526,2024-11-08,2024-11-23,2024-11-23,20671.70,20671.70,Conciliado,Pagamento,CT-004,FN-008,Ref. NF-7594,Boleto,0.00,,,,,,,,
TRX-01933,2025-03-15,2025-03-30,2025-03-31,14919.68,14919.68,Conciliado,Pagamento,CT-002,FN-009,Ref. NF-2533,Pix,0.00,,,,,,,,
TRX-00653,2024-06-19,2024-06-22,2024-06-25,706.94,706.94,Conciliado,Pagamento,CT-003,FN-004,Ref. NF-7465,Débito,0.00,,,,,,,,
TRX-02338,2024-08-29,2024-08-30,2024-08-30,18667.44,18667.44,Conciliado,Recebimento,CT-008,FN-002,Ref. NF-5669,Débito,0.00,,,,,,,,
TRX-01661,2024-10-23,2024-10-24,2024-10-24,1964.60,1964.60,Conciliado,Estorno,CT-003,FN-003,Ref. NF-5360,Ted,0.00,,,,,,,,
TRX-02411,2024-12-11,2024-12-18,2024-12-19,49627.57,49627.57,Conciliado,Pagamento,CT-001,FN-004,Ref. NF-4613,Boleto,0.00,,,,,,,,
TRX-00596,2025-02-20,2025-02-27,2025-02-28,6675.81,6675.81,Conciliado,Recebimento,CT-003,FN-001,Ref. NF-6862,Boleto,0.00,,,,,,,,
TRX-00670,2024-11-30,2024-12-11,2024-12-12,13325.15,13325.15,Conciliado,Recebimento,CT-004,FN-004,Ref. NF-7025,Débito,0.00,,,,,,,,
TRX-01620,2025-04-02,2025-04-05,2025-04-07,19449.56,19449.56,Conciliado,Recebimento,CT-004,FN-005,Ref. NF-4358,Débito,0.00,,,,,,,,
TRX-01543,2025-04-12,2025-04-24,2025-04-25,21015.05,21015.05,Conciliado,Pagamento,CT-008,FN-003,Ref. NF-3013,Pix,0.00,,,,,,,,
TRX-01872,2024-07-17,2024-07-31,2024-08-02,45899.47,45899.47,Conciliado,Pagamento,CT-007,FN-004,Ref. NF-5296,Ted,0.00,,,,,,,,
TRX-01506,2024-04-03,2024-04-06,2024-04-08,7644.93,7644.93,Conciliado,Pagamento,CT-005,FN-003,Ref. NF-4151,Pix,0.00,,,,,,,,
TRX-00499,2024-04-23,2024-04-26,2024-04-26,10887.13,10887.13,Conciliado,Pagamento,CT-005,FN-003,Ref. NF-8065,Pix,0.00,,,,,,,,
TRX-01607,2024-01-12,2024-01-22,2024-01-27,7373.75,6313.86,Divergente,Recebimento,CT-003,FN-004,Ref. NF-6518,Pix,1059.89,,490,,+360 dias,,Máximo,,7
TRX-00920,2024-09-13,2024-09-24,2024-09-27,34071.31,34071.31,Conciliado,Estorno,CT-007,FN-003,Ref. NF-8576,Pix,0.00,,,,,,,,
TRX-02702,2024-08-27,2024-08-28,2024-09-01,47633.86,42467.05,Divergente,Estorno,CT-003,FN-007,Ref. NF-1930,Débito,5166.81,,272,,181 a 360 dias,,Muito Crítico,,6
TRX-01156,2024-02-25,2024-03-01,2024-03-02,14580.02,14580.02,Conciliado,Estorno,CT-002,FN-010,Ref. NF-2574,Ted,0.00,,,,,,,,
TRX-00717,2025-04-19,2025-04-22,2025-04-24,26962.45,26962.45,Conciliado,Pagamento,CT-004,FN-004,Ref. NF-9999,Ted,0.00,,,,,,,,
TRX-01913,2024-09-13,2024-09-14,2024-09-14,9654.85,9654.85,Conciliado,Estorno,CT-006,FN-001,Ref. NF-4989,Ted,0.00,,,,,,,,
TRX-00761,2024-01-17,2024-01-18,2024-01-21,41091.70,41091.70,Conciliado,Pagamento,CT-006,FN-009,Ref. NF-4156,Pix,0.00,,,,,,,,
TRX-00985,2024-09-03,2024-09-17,2024-09-17,32481.19,32481.19,Conciliado,Pagamento,CT-007,FN-003,Ref. NF-3300,Pix,0.00,,,,,,,,
TRX-00973,2024-08-31,2024-09-08,2024-09-11,42917.33,42917.33,Conciliado,Estorno,CT-008,FN-003,Ref. NF-6290,Boleto,0.00,,,,,,,,
TRX-00818,2025-04-17,2025-04-20,2025-04-22,7094.22,7094.22,Conciliado,Pagamento,CT-008,FN-007,Ref. NF-4694,Boleto,0.00,,,,,,,,
TRX-01914,2024-04-18,2024-04-24,2024-04-26,30383.29,30383.29,Conciliado,Recebimento,CT-008,FN-002,Ref. NF-4018,Ted,0.00,,,,,,,,
TRX-00095,2025-03-28,2025-03-29,2025-04-01,13969.09,13969.09,Conciliado,Pagamento,CT-001,FN-002,Ref. NF-2864,Pix,0.00,,,,,,,,
TRX-02561,2024-07-07,2024-07-21,2024-07-24,25635.59,25635.59,Conciliado,Estorno,CT-002,FN-001,Ref. NF-8405,Boleto,0.00,,,,,,,,
TRX-01366,2025-01-29,2025-02-07,2025-02-09,22200.22,22200.22,Conciliado,Estorno,CT-002,FN-008,Ref. NF-3725,Débito,0.00,,,,,,,,
TRX-00689,2024-02-09,2024-02-14,2024-02-16,20635.67,20635.67,Conciliado,Estorno,CT-002,FN-009,Ref. NF-5483,Pix,0.00,,,,,,,,
TRX-02629,2024-01-03,2024-01-16,2024-01-18,1320.35,1320.35,Conciliado,Estorno,CT-006,FN-006,Ref. NF-2105,Débito,0.00,,,,,,,,
TRX-00809,2024-02-19,2024-02-23,2024-02-25,41719.96,41719.96,Conciliado,Pagamento,CT-008,FN-001,Ref. NF-4849,Ted,0.00,,,,,,,,
TRX-02546,2024-09-19,2024-09-23,2024-09-25,42150.54,42150.54,Conciliado,Pagamento,CT-005,FN-009,Ref. NF-5768,Pix,0.00,,,,,,,,
TRX-00408,2024-08-01,2024-08-04,2024-08-06,37592.07,37592.07,Conciliado,Pagamento,CT-003,FN-008,Ref. NF-2108,Pix,0.00,,,,,,,,
TRX-00332,2025-01-21,2025-01-25,2025-01-27,18825.54,18825.54,Conciliado,Estorno,CT-008,FN-003,Ref. NF-3262,Boleto,0.00,,,,,,,,
TRX-00908,2024-11-01,2024-11-08,2024-11-09,33658.90,33658.90,Conciliado,Pagamento,CT-006,FN-008,Ref. NF-6568,Débito,0.00,,,,,,,,
TRX-02862,2024-04-27,2024-05-09,2024-05-11,23373.80,23373.80,Conciliado,Estorno,CT-004,FN-008,Ref. NF-2386,Boleto,0.00,,,,,,,,
TRX-00254,2024-04-13,2024-04-27,2024-04-30,45584.82,45584.82,Conciliado,Estorno,CT-005,FN-006,Ref. NF-9514,Pix,0.00,,,,,,,,
TRX-01903,2024-08-07,2024-08-08,2024-08-10,16912.19,16912.19,Conciliado,Pagamento,CT-001,FN-007,Ref. NF-7538,Boleto,0.00,,,,,,,,
TRX-01057,2024-12-23,2025-01-03,2025-01-05,22813.95,22813.95,Conciliado,Estorno,CT-005,FN-006,Ref. NF-4117,Pix,0.00,,,,,,,,
TRX-01563,2024-03-05,2024-03-14,2024-03-14,7601.23,7601.23,Conciliado,Estorno,CT-001,FN-003,Ref. NF-9854,Pix,0.00,,,,,,,,
TRX-01912,2024-07-14,2024-07-24,2024-07-25,11453.89,11453.89,Conciliado,Recebimento,CT-001,FN-007,Ref. NF-3570,Ted,0.00,,,,,,,,
TRX-01595,2024-10-07,2024-10-20,2024-10-21,13213.35,13213.35,Conciliado,Recebimento,CT-001,FN-008,Ref. NF-3158,Pix,0.00,,,,,,,,
TRX-00871,2025-01-04,2025-01-16,2025-01-17,30441.16,30441.16,Conciliado,Pagamento,CT-001,FN-009,Ref. NF-6303,Boleto,0.00,,,,,,,,
TRX-02337,2024-02-12,2024-02-26,2024-02-26,30394.55,30394.55,Conciliado,Pagamento,CT-002,FN-010,Ref. NF-2941,Boleto,0.00,,,,,,,,
TRX-00419,2024-06-07,2024-06-20,2024-06-23,33997.51,33997.51,Conciliado,Pagamento,CT-002,FN-009,Ref. NF-1067,Boleto,0.00,,,,,,,,
TRX-02223,2024-08-23,2024-09-07,2024-09-12,34790.15,29756.43,Divergente,Pagamento,CT-004,FN-004,Ref. NF-7841,Pix,5033.72,,261,,181 a 360 dias,,Muito Crítico,,6
TRX-02737,2025-03-02,2025-03-11,2025-03-11,7887.42,7887.42,Conciliado,Recebimento,CT-002,FN-009,Ref. NF-6923,Boleto,0.00,,,,,,,,
TRX-01400,2025-01-31,2025-02-09,2025-02-13,23679.47,20976.33,Divergente,Pagamento,CT-003,FN-002,Ref. NF-6527,Boleto,2703.14,,107,,91 a 120 dias,,Alto,,4
TRX-02276,2024-03-17,2024-04-01,2024-04-03,19336.45,19336.45,Conciliado,Recebimento,CT-002,FN-003,Ref. NF-4055,Boleto,0.00,,,,,,,,
TRX-01146,2024-08-06,2024-08-15,2024-08-16,8587.88,8587.88,Conciliado,Pagamento,CT-001,FN-002,Ref. NF-9085,Ted,0.00,,,,,,,,
TRX-00836,2025-03-15,2025-03-24,2025-03-26,48035.10,46934.12,Divergente,Recebimento,CT-005,FN-003,Ref. NF-5495,Débito,1100.98,,66,,61 a 90 dias,,Elevado,,3
TRX-00069,2024-01-08,2024-01-20,2024-01-23,23739.78,23739.78,Conciliado,Recebimento,CT-003,FN-002,Ref. NF-9742,Pix,0.00,,,,,,,,
TRX-02687,2024-05-25,2024-06-02,2024-06-05,46490.02,46490.02,Conciliado,Pagamento,CT-002,FN-002,Ref. NF-3226,Pix,0.00,,,,,,,,
TRX-02674,2024-01-20,2024-01-25,2024-01-29,17408.34,16815.79,Divergente,Pagamento,CT-005,FN-006,Ref. NF-1501,Boleto,592.55,,488,,+360 dias,,Máximo,,7
TRX-02150,2025-01-23,2025-02-05,2025-02-07,19188.35,19188.35,Conciliado,Recebimento,CT-005,FN-005,Ref. NF-2792,Boleto,0.00,,,,,,,,
TRX-01084,2025-01-29,2025-01-30,2025-01-31,23117.92,22625.90,Divergente,Pagamento,CT-003,FN-005,Ref. NF-1497,Pix,492.02,,120,,91 a 120 dias,,Alto,,4
TRX-02717,2024-09-24,2024-10-04,2024-10-04,30012.34,30012.34,Conciliado,Pagamento,CT-003,FN-004,Ref. NF-6371,Ted,0.00,,,,,,,,
TRX-02974,2024-06-28,2024-07-05,2024-07-08,10448.42,10448.42,Conciliado,Pagamento,CT-005,FN-002,Ref. NF-1009,Pix,0.00,,,,,,,,
TRX-02938,2024-04-12,2024-04-21,2024-04-24,14234.09,14234.09,Conciliado,Recebimento,CT-003,FN-005,Ref. NF-8710,Pix,0.00,,,,,,,,
TRX-01160,2025-04-24,2025-05-06,2025-05-08,8248.28,8248.28,Conciliado,Recebimento,CT-001,FN-006,Ref. NF-8594,Ted,0.00,,,,,,,,
TRX-02461,2025-04-17,2025-04-30,2025-05-03,14035.23,14035.23,Conciliado,Estorno,CT-004,FN-008,Ref. NF-9247,Débito,0.00,,,,,,,,
TRX-02836,2024-09-15,2024-09-30,2024-10-01,32542.90,32542.90,Conciliado,Pagamento,CT-001,FN-001,Ref. NF-8793,Ted,0.00,,,,,,,,
TRX-00873,2024-10-14,2024-10-19,2024-10-19,1352.02,1352.02,Conciliado,Pagamento,CT-004,FN-007,Ref. NF-1407,Débito,0.00,,,,,,,,
TRX-01816,2024-03-18,2024-04-02,,3302.39,,Pendente,Pagamento,CT-008,FN-010,Ref. NF-5468,Pix,3302.39,424,,+360 dias,,Máximo,,7,
TRX-01784,2024-08-27,2024-08-31,2024-09-03,35142.25,35142.25,Conciliado,Pagamento,CT-007,FN-009,Ref. NF-1056,Ted,0.00,,,,,,,,
TRX-00006,2024-11-07,2024-11-18,2024-11-21,23381.88,22633.64,Divergente,Estorno,CT-004,FN-003,Ref. NF-1525,Pix,748.24,,191,,181 a 360 dias,,Muito Crítico,,6
TRX-00495,2024-05-19,2024-05-25,2024-05-26,14937.37,14937.37,Conciliado,Pagamento,CT-001,FN-005,Ref. NF-3738,Boleto,0.00,,,,,,,,
TRX-00982,2024-09-25,2024-09-26,2024-09-27,8754.30,8754.30,Conciliado,Pagamento,CT-004,FN-009,Ref. NF-3491,Débito,0.00,,,,,,,,
TRX-02741,2024-07-18,2024-07-19,2024-07-22,29660.28,29660.28,Conciliado,Pagamento,CT-007,FN-009,Ref. NF-7071,Ted,0.00,,,,,,,,
TRX-02739,2024-03-10,2024-03-14,2024-03-14,16045.14,16045.14,Conciliado,Estorno,CT-003,FN-002,Ref. NF-1110,Ted,0.00,,,,,,,,
TRX-00457,2025-02-17,2025-02-28,2025-02-28,12032.79,12032.79,Conciliado,Recebimento,CT-003,FN-010,Ref. NF-1750,Débito,0.00,,,,,,,,
TRX-00173,2024-09-25,2024-09-26,2024-09-26,7305.83,7305.83,Conciliado,Pagamento,CT-001,FN-007,Ref. NF-1990,Pix,0.00,,,,,,,,
TRX-02409,2024-06-23,2024-06-29,2024-07-04,9184.77,8775.39,Divergente,Recebimento,CT-006,FN-005,Ref. NF-4792,Ted,409.38,,331,,181 a 360 dias,,Muito Crítico,,6
TRX-02957,2024-04-27,2024-05-10,2024-05-13,38262.21,38262.21,Conciliado,Pagamento,CT-004,FN-010,Ref. NF-6664,Ted,0.00,,,,,,,,
TRX-02978,2025-03-29,2025-04-06,2025-04-07,41394.98,41394.98,Conciliado,Pagamento,CT-007,FN-001,Ref. NF-4345,Pix,0.00,,,,,,,,
TRX-02567,2025-04-27,2025-05-02,2025-05-02,5609.34,5609.34,Conciliado,Pagamento,CT-004,FN-005,Ref. NF-6511,Boleto,0.00,,,,,,,,
TRX-02759,2024-06-09,2024-06-15,,44751.44,,Pendente,Pagamento,CT-002,FN-005,Ref. NF-6677,Débito,44751.44,350,,181 a 360 dias,,Muito Crítico,,6,
TRX-02005,2024-07-12,2024-07-20,2024-07-22,36057.61,36057.61,Conciliado,Estorno,CT-002,FN-002,Ref. NF-4327,Pix,0.00,,,,,,,,
TRX-02568,2024-10-11,2024-10-15,2024-10-16,48189.58,48189.58,Conciliado,Pagamento,CT-006,FN-010,Ref. NF-4517,Ted,0.00,,,,,,,,
TRX-00229,2025-04-28,2025-05-02,2025-05-04,5730.06,5730.06,Conciliado,Estorno,CT-002,FN-003,Ref. NF-6051,Pix,0.00,,,,,,,,
TRX-00319,2024-07-22,2024-07-28,2024-07-29,34366.00,34366.00,Conciliado,Pagamento,CT-004,FN-010,Ref. NF-3395,Débito,0.00,,,,,,,,
TRX-01579,2024-08-20,2024-08-22,2024-08-22,16190.93,16190.93,Conciliado,Estorno,CT-004,FN-010,Ref. NF-1058,Débito,0.00,,,,,,,,
TRX-01141,2024-02-09,2024-02-19,2024-02-21,46731.87,46731.87,Conciliado,Pagamento,CT-008,FN-001,Ref. NF-3718,Ted,0.00,,,,,,,,
TRX-01668,2024-10-10,2024-10-21,2024-10-21,24717.97,24717.97,Conciliado,Pagamento,CT-004,FN-010,Ref. NF-9947,Ted,0.00,,,,,,,,
TRX-02217,2024-11-20,2024-12-02,2024-12-05,44820.37,44820.37,Conciliado,Pagamento,CT-003,FN-003,Ref. NF-3560,Pix,0.00,,,,,,,,
TRX-01166,2025-04-17,2025-04-23,,44629.90,,Pendente,Recebimento,CT-005,FN-005,Ref. NF-5163,Ted,44629.90,38,,31 a 60 dias,,Atenção,,2,
TRX-02035,2024-12-23,2024-12-24,2024-12-25,4304.56,4304.56,Conciliado,Pagamento,CT-001,FN-008,Ref. NF-4186,Pix,0.00,,,,,,,,
TRX-00460,2024-03-11,2024-03-17,2024-03-19,3629.48,3629.48,Conciliado,Pagamento,CT-003,FN-006,Ref. NF-1666,Ted,0.00,,,,,,,,
TRX-00684,2024-02-13,2024-02-15,2024-02-17,8994.36,8994.36,Conciliado,Pagamento,CT-006,FN-009,Ref. NF-5807,Débito,0.00,,,,,,,,
TRX-02882,2024-01-02,2024-01-13,2024-01-15,33476.73,33476.73,Conciliado,Estorno,CT-006,FN-009,Ref. NF-2049,Boleto,0.00,,,,,,,,
TRX-02540,2024-07-19,2024-07-24,2024-07-24,28506.18,28506.18,Conciliado,Pagamento,CT-008,FN-008,Ref. NF-4521,Débito,0.00,,,,,,,,
TRX-02356,2024-12-19,2024-12-25,2024-12-27,33342.67,33342.67,Conciliado,Pagamento,CT-008,FN-006,Ref. NF-1445,Boleto,0.00,,,,,,,,
TRX-01772,2024-08-04,2024-08-12,2024-08-13,17669.62,17669.62,Conciliado,Pagamento,CT-007,FN-001,Ref. NF-5018,Pix,0.00,,,,,,,,
TRX-00991,2025-02-03,2025-02-17,2025-02-17,26188.86,26188.86,Conciliado,Estorno,CT-007,FN-010,Ref. NF-2615,Débito,0.00,,,,,,,,
TRX-00376,2024-07-30,2024-08-12,2024-08-14,27508.50,27508.50,Conciliado,Pagamento,CT-004,FN-010,Ref. NF-7505,Boleto,0.00,,,,,,,,
TRX-01908,2024-05-24,2024-06-07,2024-06-09,28373.43,28373.43,Conciliado,Recebimento,CT-003,FN-008,Ref. NF-4488,Pix,0.00,,,,,,,,
TRX-01696,2024-05-24,2024-06-05,2024-06-07,46965.22,46965.22,Conciliado,Recebimento,CT-005,FN-003,Ref. NF-8532,Pix,0.00,,,,,,,,
TRX-02678,2024-11-21,2024-11-23,2024-11-25,33008.15,33008.15,Conciliado,Pagamento,CT-008,FN-009,Ref. NF-6514,Boleto,0.00,,,,,,,,
TRX-01601,2024-09-13,2024-09-22,2024-09-22,1669.96,1669.96,Conciliado,Pagamento,CT-008,FN-005,Ref. NF-1532,Ted,0.00,,,,,,,,
TRX-00922,2024-10-04,2024-10-11,2024-10-14,17359.50,17359.50,Conciliado,Estorno,CT-001,FN-006,Ref. NF-7390,Débito,0.00,,,,,,,,
TRX-02310,2024-11-23,2024-12-06,2024-12-10,38545.32,32930.77,Divergente,Pagamento,CT-004,FN-005,Ref. NF-6585,Boleto,5614.55,,172,,121 a 180 dias,,Crítico,,5
TRX-00497,2024-07-09,2024-07-22,2024-07-22,5569.68,5569.68,Conciliado,Recebimento,CT-006,FN-003,Ref. NF-2909,Débito,0.00,,,,,,,,
TRX-01122,2025-04-20,2025-04-29,2025-04-30,27908.66,27908.66,Conciliado,Pagamento,CT-003,FN-001,Ref. NF-3627,Boleto,0.00,,,,,,,,
TRX-02321,2024-05-07,2024-05-18,2024-05-19,16530.18,16530.18,Conciliado,Pagamento,CT-006,FN-006,Ref. NF-6453,Pix,0.00,,,,,,,,
TRX-00651,2024-07-12,2024-07-15,2024-07-15,30665.01,30665.01,Conciliado,Recebimento,CT-007,FN-009,Ref. NF-2363,Débito,0.00,,,,,,,,
TRX-00219,2024-03-02,2024-03-03,,47674.30,,Pendente,Pagamento,CT-003,FN-008,Ref. NF-7092,Pix,47674.30,454,,+360 dias,,Máximo,,7,
TRX-02932,2024-07-20,2024-07-24,2024-07-27,1314.09,1314.09,Conciliado,Recebimento,CT-004,FN-004,Ref. NF-3494,Pix,0.00,,,,,,,,
TRX-02437,2025-01-20,2025-02-02,2025-02-03,17083.06,17083.06,Conciliado,Pagamento,CT-007,FN-004,Ref. NF-8841,Ted,0.00,,,,,,,,
TRX-01597,2024-10-25,2024-10-30,2024-11-01,19103.47,19103.47,Conciliado,Recebimento,CT-008,FN-003,Ref. NF-3138,Ted,0.00,,,,,,,,
TRX-02565,2024-04-11,2024-04-22,2024-04-23,8124.88,8124.88,Conciliado,Recebimento,CT-008,FN-002,Ref. NF-5317,Boleto,0.00,,,,,,,,
TRX-00373,2025-02-24,2025-03-02,2025-03-02,2512.33,2512.33,Conciliado,Estorno,CT-005,FN-009,Ref. NF-7313,Pix,0.00,,,,,,,,
TRX-00919,2025-02-10,2025-02-14,2025-02-16,19024.70,19024.70,Conciliado,Pagamento,CT-004,FN-001,Ref. NF-5535,Ted,0.00,,,,,,,,
TRX-01702,2024-09-21,2024-09-28,,29983.20,,Pendente,Pagamento,CT-001,FN-001,Ref. NF-8892,Ted,29983.20,245,,181 a 360 dias,,Muito Crítico,,6,
TRX-02172,2025-01-06,2025-01-19,,19657.33,,Pendente,Pagamento,CT-002,FN-006,Ref. NF-8454,Ted,19657.33,132,,121 a 180 dias,,Crítico,,5,
TRX-00187,2024-10-21,2024-11-03,2024-11-04,40916.48,40916.48,Conciliado,Pagamento,CT-007,FN-005,Ref. NF-1440,Ted,0.00,,,,,,,,
TRX-00778,2025-04-11,2025-04-19,2025-04-19,44843.56,44843.56,Conciliado,Pagamento,CT-007,FN-001,Ref. NF-7800,Ted,0.00,,,,,,,,
TRX-00337,2024-09-22,2024-09-23,2024-09-25,45792.94,42811.40,Divergente,Pagamento,CT-005,FN-009,Ref. NF-1076,Pix,2981.54,,248,,181 a 360 dias,,Muito Crítico,,6
TRX-01431,2024-05-09,2024-05-16,2024-05-20,35904.74,32829.28,Divergente,Pagamento,CT-001,FN-006,Ref. NF-9802,Ted,3075.46,,376,,+360 dias,,Máximo,,7
TRX-00099,2024-07-26,2024-07-27,2024-07-30,4862.43,4862.43,Conciliado,Pagamento,CT-008,FN-006,Ref. NF-6083,Boleto,0.00,,,,,,,,
TRX-01858,2024-02-18,2024-02-29,2024-03-01,13173.29,13173.29,Conciliado,Pagamento,CT-002,FN-004,Ref. NF-3974,Pix,0.00,,,,,,,,
TRX-00137,2024-09-15,2024-09-23,,3001.75,,Pendente,Pagamento,CT-006,FN-001,Ref. NF-5681,Ted,3001.75,250,,181 a 360 dias,,Muito Crítico,,6,
TRX-01520,2024-04-03,2024-04-04,2024-04-06,8573.21,8573.21,Conciliado,Pagamento,CT-001,FN-005,Ref. NF-2833,Ted,0.00,,,,,,,,
TRX-02983,2024-08-19,2024-08-23,2024-08-26,38900.45,38900.45,Conciliado,Pagamento,CT-004,FN-007,Ref. NF-7099,Pix,0.00,,,,,,,,
TRX-02129,2024-02-19,2024-03-03,2024-03-08,10697.43,10230.03,Divergente,Estorno,CT-003,FN-006,Ref. NF-6510,Ted,467.40,,449,,+360 dias,,Máximo,,7
TRX-02981,2024-05-26,2024-06-06,2024-06-09,14246.95,14246.95,Conciliado,Pagamento,CT-004,FN-003,Ref. NF-6487,Pix,0.00,,,,,,,,
TRX-01955,2024-06-27,2024-07-09,,37990.87,,Pendente,Recebimento,CT-008,FN-002,Ref. NF-8778,Débito,37990.87,326,,181 a 360 dias,,Muito Crítico,,6,
TRX-01388,2024-07-03,2024-07-09,2024-07-10,24589.57,24589.57,Conciliado,Pagamento,CT-002,FN-008,Ref. NF-4029,Débito,0.00,,,,,,,,
TRX-01606,2024-08-20,2024-08-24,2024-08-24,26049.82,26049.82,Conciliado,Estorno,CT-001,FN-001,Ref. NF-1043,Pix,0.00,,,,,,,,
TRX-00802,2024-05-07,2024-05-20,2024-05-23,44705.17,44705.17,Conciliado,Recebimento,CT-007,FN-002,Ref. NF-3280,Boleto,0.00,,,,,,,,
TRX-02413,2024-07-07,2024-07-18,2024-07-18,1563.07,1563.07,Conciliado,Estorno,CT-006,FN-008,Ref. NF-6909,Pix,0.00,,,,,,,,
TRX-00010,2025-01-19,2025-01-24,2025-01-26,8328.81,8328.81,Conciliado,Pagamento,CT-005,FN-007,Ref. NF-9317,Boleto,0.00,,,,,,,,
TRX-00822,2024-06-01,2024-06-03,2024-06-05,30273.73,30273.73,Conciliado,Recebimento,CT-004,FN-001,Ref. NF-3586,Pix,0.00,,,,,,,,
TRX-01292,2024-09-26,2024-09-30,2024-09-30,9925.97,9925.97,Conciliado,Estorno,CT-002,FN-003,Ref. NF-1966,Pix,0.00,,,,,,,,
TRX-01349,2025-02-07,2025-02-11,2025-02-12,31516.21,31516.21,Conciliado,Estorno,CT-003,FN-007,Ref. NF-8214,Boleto,0.00,,,,,,,,
TRX-02027,2024-04-20,2024-04-27,2024-04-28,1901.19,1901.19,Conciliado,Estorno,CT-004,FN-001,Ref. NF-2290,Débito,0.00,,,,,,,,
TRX-00030,2024-01-20,2024-01-22,2024-01-23,30507.34,30507.34,Conciliado,Pagamento,CT-006,FN-007,Ref. NF-1027,Boleto,0.00,,,,,,,,
TRX-01246,2024-11-28,2024-12-02,2024-12-04,41486.67,40504.05,Divergente,Pagamento,CT-001,FN-005,Ref. NF-1490,Débito,982.62,,178,,121 a 180 dias,,Crítico,,5
TRX-02052,2024-08-09,2024-08-19,2024-08-21,28707.45,28707.45,Conciliado,Estorno,CT-003,FN-003,Ref. NF-9876,Boleto,0.00,,,,,,,,
TRX-02242,2025-02-13,2025-02-17,,23944.95,,Pendente,Pagamento,CT-006,FN-003,Ref. NF-3544,Boleto,23944.95,103,,91 a 120 dias,,Alto,,4,
TRX-00141,2024-03-12,2024-03-18,2024-03-21,37096.31,37096.31,Conciliado,Pagamento,CT-007,FN-010,Ref. NF-1272,Boleto,0.00,,,,,,,,
TRX-01886,2024-01-27,2024-02-03,2024-02-05,20622.74,20622.74,Conciliado,Pagamento,CT-007,FN-002,Ref. NF-6109,Boleto,0.00,,,,,,,,
TRX-02494,2025-03-31,2025-04-12,2025-04-17,14411.35,12698.45,Divergente,Pagamento,CT-005,FN-002,Ref. NF-4224,Ted,1712.90,,44,,31 a 60 dias,,Atenção,,2
TRX-01294,2024-07-25,2024-08-03,2024-08-05,45042.66,45042.66,Conciliado,Recebimento,CT-003,FN-003,Ref. NF-3222,Pix,0.00,,,,,,,,
TRX-01139,2024-11-28,2024-12-11,2024-12-14,1310.71,1310.71,Conciliado,Recebimento,CT-004,FN-003,Ref. NF-4353,Ted,0.00,,,,,,,,
TRX-02284,2025-03-17,2025-03-24,,47429.70,,Pendente,Pagamento,CT-003,FN-006,Ref. NF-1236,Pix,47429.70,68,,61 a 90 dias,,Elevado,,3,
TRX-01812,2024-01-16,2024-01-28,2024-01-30,37958.83,37958.83,Conciliado,Estorno,CT-007,FN-010,Ref. NF-8265,Boleto,0.00,,,,,,,,
TRX-00833,2024-02-28,2024-02-29,2024-03-03,29617.89,28718.70,Divergente,Pagamento,CT-005,FN-005,Ref. NF-7268,Débito,899.19,,454,,+360 dias,,Máximo,,7
TRX-02280,2024-07-18,2024-07-22,2024-07-22,9339.59,9339.59,Conciliado,Pagamento,CT-002,FN-007,Ref. NF-9334,Débito,0.00,,,,,,,,
TRX-01811,2025-03-05,2025-03-15,2025-03-16,40396.05,40396.05,Conciliado,Estorno,CT-007,FN-009,Ref. NF-8034,Boleto,0.00,,,,,,,,
TRX-01880,2024-06-03,2024-06-12,2024-06-12,16302.95,16302.95,Conciliado,Pagamento,CT-001,FN-004,Ref. NF-2633,Ted,0.00,,,,,,,,
TRX-00278,2024-06-03,2024-06-10,,30478.90,,Pendente,Estorno,CT-005,FN-010,Ref. NF-2928,Pix,30478.90,355,,181 a 360 dias,,Muito Crítico,,6,
TRX-00496,2024-10-05,2024-10-11,,5243.75,,Pendente,Pagamento,CT-005,FN-006,Ref. NF-5610,Boleto,5243.75,232,,181 a 360 dias,,Muito Crítico,,6,
TRX-02048,2024-08-12,2024-08-19,2024-08-19,21576.94,21576.94,Conciliado,Pagamento,CT-002,FN-009,Ref. NF-2688,Boleto,0.00,,,,,,,,
TRX-01743,2024-11-11,2024-11-18,2024-11-20,16993.67,16993.67,Conciliado,Pagamento,CT-007,FN-010,Ref. NF-5061,Boleto,0.00,,,,,,,,
TRX-01439,2025-01-13,2025-01-23,2025-01-26,45418.27,45418.27,Conciliado,Pagamento,CT-004,FN-005,Ref. NF-6551,Boleto,0.00,,,,,,,,
TRX-02761,2024-01-13,2024-01-16,2024-01-16,46429.70,46429.70,Conciliado,Pagamento,CT-001,FN-005,Ref. NF-3849,Ted,0.00,,,,,,,,
TRX-01247,2024-10-08,2024-10-21,2024-10-24,33989.43,33989.43,Conciliado,Recebimento,CT-006,FN-009,Ref. NF-2192,Pix,0.00,,,,,,,,
TRX-01363,2024-06-24,2024-06-28,2024-07-01,2880.64,2845.14,Divergente,Pagamento,CT-007,FN-009,Ref. NF-3095,Boleto,35.50,,334,,181 a 360 dias,,Muito Crítico,,6
TRX-02814,2024-08-12,2024-08-19,2024-08-19,13764.73,13764.73,Conciliado,Estorno,CT-006,FN-003,Ref. NF-8370,Pix,0.00,,,,,,,,
TRX-00974,2024-12-02,2024-12-11,2024-12-12,24893.68,24893.68,Conciliado,Estorno,CT-002,FN-008,Ref. NF-3336,Boleto,0.00,,,,,,,,
TRX-01581,2025-03-01,2025-03-15,2025-03-15,42369.99,42369.99,Conciliado,Estorno,CT-008,FN-003,Ref. NF-2963,Boleto,0.00,,,,,,,,
TRX-02282,2024-11-04,2024-11-18,,3838.68,,Pendente,Recebimento,CT-006,FN-006,Ref. NF-5414,Boleto,3838.68,194,,181 a 360 dias,,Muito Crítico,,6,
TRX-01416,2024-03-23,2024-04-03,2024-04-04,11019.57,11019.57,Conciliado,Pagamento,CT-002,FN-008,Ref. NF-5174,Boleto,0.00,,,,,,,,
TRX-00649,2024-11-20,2024-11-23,2024-11-28,29835.22,25686.42,Divergente,Pagamento,CT-002,FN-003,Ref. NF-4236,Ted,4148.80,,184,,181 a 360 dias,,Muito Crítico,,6
TRX-01838,2024-12-27,2025-01-06,2025-01-07,40637.64,40637.64,Conciliado,Estorno,CT-004,FN-008,Ref. NF-4954,Ted,0.00,,,,,,,,
TRX-02723,2024-11-29,2024-12-08,2024-12-10,45379.91,45379.91,Conciliado,Pagamento,CT-001,FN-005,Ref. NF-4296,Ted,0.00,,,,,,,,
TRX-01457,2025-04-02,2025-04-11,,42716.77,,Pendente,Pagamento,CT-005,FN-006,Ref. NF-4694,Pix,42716.77,50,,31 a 60 dias,,Atenção,,2,
TRX-01658,2024-03-16,2024-03-30,2024-03-30,37604.17,37604.17,Conciliado,Recebimento,CT-004,FN-007,Ref. NF-3412,Pix,0.00,,,,,,,,
TRX-00605,2025-04-15,2025-04-28,2025-04-28,31496.17,31496.17,Conciliado,Pagamento,CT-005,FN-010,Ref. NF-2570,Débito,0.00,,,,,,,,
TRX-00746,2024-08-13,2024-08-19,2024-08-19,4632.78,4632.78,Conciliado,Estorno,CT-006,FN-006,Ref. NF-5011,Débito,0.00,,,,,,,,
TRX-00948,2024-02-18,2024-03-04,2024-03-06,39050.19,39050.19,Conciliado,Pagamento,CT-003,FN-004,Ref. NF-2686,Débito,0.00,,,,,,,,
TRX-01809,2024-08-27,2024-08-31,2024-09-02,5270.27,5270.27,Conciliado,Pagamento,CT-001,FN-004,Ref. NF-6985,Ted,0.00,,,,,,,,
TRX-00071,2024-08-15,2024-08-18,2024-08-19,39909.10,39909.10,Conciliado,Pagamento,CT-001,FN-006,Ref. NF-3950,Ted,0.00,,,,,,,,
TRX-00335,2025-04-21,2025-04-28,2025-04-30,32194.42,32194.42,Conciliado,Pagamento,CT-001,FN-003,Ref. NF-9364,Débito,0.00,,,,,,,,
TRX-02126,2024-03-28,2024-03-30,2024-04-01,12672.06,12672.06,Conciliado,Pagamento,CT-004,FN-009,Ref. NF-3600,Boleto,0.00,,,,,,,,
TRX-00644,2025-03-11,2025-03-22,2025-03-23,30622.40,30622.40,Conciliado,Pagamento,CT-006,FN-001,Ref. NF-1217,Débito,0.00,,,,,,,,
TRX-01638,2025-04-05,2025-04-20,2025-04-23,1238.76,1238.76,Conciliado,Pagamento,CT-005,FN-009,Ref. NF-1241,Pix,0.00,,,,,,,,
TRX-00576,2024-09-23,2024-10-05,2024-10-06,29327.27,29327.27,Conciliado,Pagamento,CT-006,FN-009,Ref. NF-2342,Ted,0.00,,,,,,,,
TRX-01818,2024-09-11,2024-09-17,,27268.95,,Pendente,Pagamento,CT-002,FN-009,Ref. NF-9424,Boleto,27268.95,256,,181 a 360 dias,,Muito Crítico,,6,
TRX-00190,2024-12-25,2025-01-09,2025-01-09,38563.23,38563.23,Conciliado,Estorno,CT-002,FN-002,Ref. NF-7547,Débito,0.00,,,,,,,,
TRX-02492,2025-04-09,2025-04-21,2025-04-21,9826.68,9826.68,Conciliado,Pagamento,CT-004,FN-002,Ref. NF-4767,Ted,0.00,,,,,,,,
TRX-02926,2025-04-22,2025-05-04,2025-05-04,9678.78,9678.78,Conciliado,Pagamento,CT-001,FN-007,Ref. NF-6598,Ted,0.00,,,,,,,,
TRX-02459,2025-01-01,2025-01-06,2025-01-09,45751.25,45751.25,Conciliado,Recebimento,CT-005,FN-005,Ref. NF-6334,Boleto,0.00,,,,,,,,
TRX-02164,2025-04-15,2025-04-20,2025-04-20,6544.83,6544.83,Conciliado,Estorno,CT-004,FN-006,Ref. NF-3466,Boleto,0.00,,,,,,,,
TRX-00046,2025-02-11,2025-02-21,2025-02-24,3913.36,3913.36,Conciliado,Pagamento,CT-007,FN-006,Ref. NF-8532,Pix,0.00,,,,,,,,
TRX-01373,2025-03-29,2025-04-13,2025-04-16,29149.37,29149.37,Conciliado,Pagamento,CT-006,FN-008,Ref. NF-4810,Pix,0.00,,,,,,,,
TRX-02566,2024-11-15,2024-11-27,2024-11-29,39220.80,37068.97,Divergente,Recebimento,CT-005,FN-002,Ref. NF-2028,Pix,2151.83,,183,,181 a 360 dias,,Muito Crítico,,6
TRX-02062,2024-02-22,2024-02-28,2024-03-02,21890.69,21890.69,Conciliado,Recebimento,CT-006,FN-007,Ref. NF-7297,Boleto,0.00,,,,,,,,
TRX-02290,2024-04-16,2024-04-28,2024-04-28,1031.40,1031.40,Conciliado,Pagamento,CT-004,FN-007,Ref. NF-4783,Pix,0.00,,,,,,,,
TRX-02330,2024-02-10,2024-02-13,2024-02-15,13304.97,13304.97,Conciliado,Estorno,CT-001,FN-005,Ref. NF-9045,Boleto,0.00,,,,,,,,
TRX-00112,2025-03-22,2025-03-27,2025-03-29,46747.53,46747.53,Conciliado,Recebimento,CT-006,FN-009,Ref. NF-8361,Pix,0.00,,,,,,,,
TRX-01688,2024-04-03,2024-04-09,2024-04-10,9019.12,9019.12,Conciliado,Pagamento,CT-005,FN-008,Ref. NF-3777,Boleto,0.00,,,,,,,,
TRX-01577,2025-04-30,2025-05-06,2025-05-06,41497.66,41497.66,Conciliado,Pagamento,CT-005,FN-007,Ref. NF-1020,Ted,0.00,,,,,,,,
TRX-01792,2024-03-21,2024-04-02,2024-04-05,16812.44,14328.90,Divergente,Estorno,CT-002,FN-002,Ref. NF-8379,Débito,2483.54,,421,,+360 dias,,Máximo,,7
TRX-02451,2024-03-27,2024-03-30,2024-03-31,38088.94,38088.94,Conciliado,Pagamento,CT-006,FN-010,Ref. NF-4733,Pix,0.00,,,,,,,,
TRX-02112,2025-03-03,2025-03-16,2025-03-17,44600.49,44600.49,Conciliado,Recebimento,CT-003,FN-010,Ref. NF-3699,Boleto,0.00,,,,,,,,
TRX-00900,2024-10-09,2024-10-23,2024-10-27,11303.62,9829.34,Divergente,Pagamento,CT-004,FN-005,Ref. NF-7191,Ted,1474.28,,216,,181 a 360 dias,,Muito Crítico,,6
TRX-01867,2024-05-06,2024-05-17,2024-05-18,36671.09,36671.09,Conciliado,Recebimento,CT-002,FN-007,Ref. NF-9951,Pix,0.00,,,,,,,,
TRX-02592,2024-04-20,2024-04-26,2024-04-28,47137.73,47137.73,Conciliado,Pagamento,CT-001,FN-005,Ref. NF-2258,Débito,0.00,,,,,,,,
TRX-00195,2024-01-15,2024-01-27,2024-01-27,720.28,720.28,Conciliado,Recebimento,CT-007,FN-007,Ref. NF-9796,Ted,0.00,,,,,,,,
TRX-01014,2024-03-26,2024-04-10,2024-04-13,8185.00,8185.00,Conciliado,Recebimento,CT-004,FN-010,Ref. NF-2072,Pix,0.00,,,,,,,,
TRX-01741,2024-01-29,2024-02-07,2024-02-12,2033.52,1996.79,Divergente,Pagamento,CT-006,FN-004,Ref. NF-7564,Pix,36.73,,474,,+360 dias,,Máximo,,7
TRX-01905,2024-09-19,2024-09-24,,30882.14,,Pendente,Recebimento,CT-007,FN-010,Ref. NF-8533,Ted,30882.14,249,,181 a 360 dias,,Muito Crítico,,6,
TRX-00780,2025-03-10,2025-03-21,2025-03-24,11588.71,11588.71,Conciliado,Pagamento,CT-002,FN-001,Ref. NF-7043,Pix,0.00,,,,,,,,
TRX-01951,2024-03-25,2024-03-31,2024-04-03,21610.22,21610.22,Conciliado,Estorno,CT-006,FN-005,Ref. NF-1125,Pix,0.00,,,,,,,,
TRX-00600,2025-03-13,2025-03-19,2025-03-20,34168.59,34168.59,Conciliado,Recebimento,CT-005,FN-002,Ref. NF-9723,Boleto,0.00,,,,,,,,
TRX-02066,2024-06-18,2024-06-19,2024-06-19,21677.71,21677.71,Conciliado,Estorno,CT-006,FN-008,Ref. NF-5085,Ted,0.00,,,,,,,,
TRX-02899,2024-02-08,2024-02-15,2024-02-18,47340.52,47340.52,Conciliado,Estorno,CT-001,FN-010,Ref. NF-1820,Ted,0.00,,,,,,,,
TRX-01333,2024-11-18,2024-12-01,2024-12-04,18784.16,18784.16,Conciliado,Pagamento,CT-002,FN-004,Ref. NF-2368,Ted,0.00,,,,,,,,
TRX-02003,2024-05-23,2024-06-05,2024-06-06,25353.05,25353.05,Conciliado,Estorno,CT-001,FN-005,Ref. NF-4969,Ted,0.00,,,,,,,,
TRX-00292,2024-02-25,2024-03-09,2024-03-09,23140.70,23140.70,Conciliado,Pagamento,CT-002,FN-008,Ref. NF-8091,Boleto,0.00,,,,,,,,
TRX-00001,2024-11-23,2024-11-25,2024-11-25,7407.13,7407.13,Conciliado,Pagamento,CT-004,FN-004,Ref. NF-2535,Pix,0.00,,,,,,,,
TRX-01653,2024-01-06,2024-01-14,2024-01-15,47306.97,47306.97,Conciliado,Pagamento,CT-003,FN-008,Ref. NF-7568,Boleto,0.00,,,,,,,,
TRX-00492,2024-04-24,2024-04-25,2024-04-27,47823.32,47823.32,Conciliado,Pagamento,CT-005,FN-005,Ref. NF-5009,Pix,0.00,,,,,,,,
TRX-00762,2024-11-11,2024-11-22,2024-11-24,46999.89,46999.89,Conciliado,Pagamento,CT-007,FN-003,Ref. NF-2631,Boleto,0.00,,,,,,,,
TRX-02064,2024-06-14,2024-06-27,2024-06-30,42915.17,38345.62,Divergente,Pagamento,CT-007,FN-007,Ref. NF-5330,Pix,4569.55,,335,,181 a 360 dias,,Muito Crítico,,6
TRX-00641,2025-04-23,2025-05-02,2025-05-04,11082.11,11082.11,Conciliado,Recebimento,CT-002,FN-004,Ref. NF-4606,Boleto,0.00,,,,,,,,
TRX-01622,2025-01-18,2025-01-29,2025-02-01,22926.63,22926.63,Conciliado,Recebimento,CT-003,FN-007,Ref. NF-7556,Pix,0.00,,,,,,,,
TRX-00083,2024-02-16,2024-02-27,2024-02-28,39446.33,39446.33,Conciliado,Estorno,CT-001,FN-001,Ref. NF-4394,Ted,0.00,,,,,,,,
TRX-01286,2024-09-09,2024-09-21,2024-09-23,27296.80,27296.80,Conciliado,Estorno,CT-006,FN-005,Ref. NF-5719,Boleto,0.00,,,,,,,,
TRX-01935,2024-09-06,2024-09-13,2024-09-16,20646.31,20646.31,Conciliado,Pagamento,CT-007,FN-004,Ref. NF-3266,Débito,0.00,,,,,,,,
TRX-02407,2024-07-08,2024-07-16,,35711.29,,Pendente,Estorno,CT-002,FN-005,Ref. NF-7245,Pix,35711.29,319,,181 a 360 dias,,Muito Crítico,,6,
TRX-00798,2024-06-07,2024-06-11,2024-06-13,6586.58,6586.58,Conciliado,Estorno,CT-006,FN-010,Ref. NF-3410,Pix,0.00,,,,,,,,
TRX-01524,2025-03-29,2025-04-07,2025-04-08,27880.96,27880.96,Conciliado,Estorno,CT-001,FN-006,Ref. NF-2023,Ted,0.00,,,,,,,,
TRX-00829,2024-10-17,2024-10-18,2024-10-20,3304.40,3304.40,Conciliado,Pagamento,CT-001,FN-002,Ref. NF-5790,Pix,0.00,,,,,,,,
TRX-00970,2024-07-09,2024-07-19,2024-07-20,9144.56,9144.56,Conciliado,Pagamento,CT-007,FN-003,Ref. NF-3660,Boleto,0.00,,,,,,,,
TRX-01378,2024-02-12,2024-02-26,2024-03-02,39944.55,35571.05,Divergente,Pagamento,CT-006,FN-007,Ref. NF-2393,Ted,4373.50,,455,,+360 dias,,Máximo,,7
TRX-01665,2024-05-03,2024-05-18,2024-05-19,2109.31,1839.06,Divergente,Pagamento,CT-004,FN-010,Ref. NF-6325,Débito,270.25,,377,,+360 dias,,Máximo,,7
TRX-02555,2025-01-22,2025-02-05,2025-02-07,29552.18,29552.18,Conciliado,Estorno,CT-008,FN-004,Ref. NF-9622,Débito,0.00,,,,,,,,
TRX-02960,2024-07-05,2024-07-19,2024-07-20,12034.21,12034.21,Conciliado,Pagamento,CT-008,FN-008,Ref. NF-6621,Boleto,0.00,,,,,,,,
TRX-00960,2024-03-22,2024-04-04,2024-04-07,32683.61,32683.61,Conciliado,Pagamento,CT-008,FN-010,Ref. NF-3493,Débito,0.00,,,,,,,,
TRX-02867,2025-04-07,2025-04-08,2025-04-08,39974.11,39974.11,Conciliado,Estorno,CT-001,FN-001,Ref. NF-5421,Pix,0.00,,,,,,,,
TRX-00552,2024-03-17,2024-03-20,2024-03-25,28642.52,26050.03,Divergente,Pagamento,CT-007,FN-005,Ref. NF-5151,Ted,2592.49,,432,,+360 dias,,Máximo,,7
TRX-00423,2024-10-03,2024-10-11,2024-10-14,45212.97,45212.97,Conciliado,Pagamento,CT-001,FN-008,Ref. NF-8304,Pix,0.00,,,,,,,,
TRX-01923,2024-08-20,2024-09-03,2024-09-05,35300.43,35300.43,Conciliado,Pagamento,CT-003,FN-004,Ref. NF-7227,Boleto,0.00,,,,,,,,
TRX-00515,2024-07-29,2024-08-04,2024-08-07,32580.10,28215.21,Divergente,Pagamento,CT-004,FN-004,Ref. NF-1612,Pix,4364.89,,297,,181 a 360 dias,,Muito Crítico,,6
TRX-01675,2024-02-16,2024-02-19,2024-02-20,19944.68,19944.68,Conciliado,Recebimento,CT-006,FN-010,Ref. NF-4976,Pix,0.00,,,,,,,,
TRX-01190,2024-06-29,2024-07-03,2024-07-03,22153.82,22153.82,Conciliado,Recebimento,CT-008,FN-005,Ref. NF-8516,Ted,0.00,,,,,,,,
TRX-00758,2024-02-14,2024-02-27,2024-02-27,46658.59,46658.59,Conciliado,Pagamento,CT-001,FN-010,Ref. NF-1534,Pix,0.00,,,,,,,,
TRX-01241,2024-05-10,2024-05-20,,28849.41,,Pendente,Recebimento,CT-007,FN-010,Ref. NF-8474,Pix,28849.41,376,,+360 dias,,Máximo,,7,
TRX-01136,2024-12-12,2024-12-25,2024-12-28,23597.70,23597.70,Conciliado,Estorno,CT-007,FN-009,Ref. NF-7679,Boleto,0.00,,,,,,,,
TRX-02551,2025-04-11,2025-04-15,2025-04-15,48468.13,48468.13,Conciliado,Recebimento,CT-006,FN-005,Ref. NF-1985,Boleto,0.00,,,,,,,,
TRX-00276,2024-10-28,2024-11-06,2024-11-06,19072.03,19072.03,Conciliado,Pagamento,CT-006,FN-001,Ref. NF-2771,Pix,0.00,,,,,,,,
TRX-02622,2024-01-21,2024-01-27,2024-01-28,39993.20,39993.20,Conciliado,Estorno,CT-003,FN-009,Ref. NF-7939,Boleto,0.00,,,,,,,,
TRX-00133,2024-02-11,2024-02-12,2024-02-14,32130.06,32130.06,Conciliado,Pagamento,CT-007,FN-010,Ref. NF-7653,Ted,0.00,,,,,,,,
TRX-01165,2024-05-28,2024-06-06,2024-06-10,1386.79,1339.83,Divergente,Pagamento,CT-005,FN-006,Ref. NF-4783,Débito,46.96,,355,,181 a 360 dias,,Muito Crítico,,6
TRX-01493,2025-04-29,2025-04-30,2025-05-01,19846.75,19846.75,Conciliado,Pagamento,CT-005,FN-007,Ref. NF-3511,Pix,0.00,,,,,,,,
TRX-01320,2024-10-10,2024-10-14,2024-10-14,38290.49,38290.49,Conciliado,Recebimento,CT-007,FN-005,Ref. NF-7000,Pix,0.00,,,,,,,,
TRX-02563,2024-08-17,2024-08-20,2024-08-22,30008.69,30008.69,Conciliado,Estorno,CT-004,FN-008,Ref. NF-5656,Ted,0.00,,,,,,,,
TRX-00943,2024-01-21,2024-01-31,2024-02-05,37283.97,33271.71,Divergente,Estorno,CT-005,FN-002,Ref. NF-8819,Ted,4012.26,,481,,+360 dias,,Máximo,,7
TRX-02747,2024-04-13,2024-04-23,2024-04-24,13218.68,13218.68,Conciliado,Pagamento,CT-003,FN-002,Ref. NF-4916,Pix,0.00,,,,,,,,
TRX-00465,2024-12-09,2024-12-24,2024-12-24,10874.69,10874.69,Conciliado,Pagamento,CT-006,FN-005,Ref. NF-9804,Pix,0.00,,,,,,,,
TRX-02757,2025-02-27,2025-03-04,2025-03-05,2264.74,2264.74,Conciliado,Recebimento,CT-003,FN-003,Ref. NF-6780,Ted,0.00,,,,,,,,
TRX-01175,2024-02-23,2024-03-07,2024-03-07,9912.11,9912.11,Conciliado,Recebimento,CT-004,FN-003,Ref. NF-9099,Débito,0.00,,,,,,,,
TRX-02694,2024-07-30,2024-08-12,2024-08-13,16071.89,16071.89,Conciliado,Estorno,CT-005,FN-006,Ref. NF-7041,Pix,0.00,,,,,,,,
TRX-00051,2024-06-29,2024-07-11,2024-07-12,11911.63,11911.63,Conciliado,Pagamento,CT-005,FN-005,Ref. NF-5530,Débito,0.00,,,,,,,,
TRX-01326,2024-01-17,2024-01-18,2024-01-18,5458.28,5458.28,Conciliado,Recebimento,CT-007,FN-007,Ref. NF-8956,Ted,0.00,,,,,,,,
TRX-00245,2025-03-28,2025-04-04,,19079.70,,Pendente,Recebimento,CT-006,FN-009,Ref. NF-4695,Débito,19079.70,57,,31 a 60 dias,,Atenção,,2,
TRX-00117,2024-05-03,2024-05-13,2024-05-13,48745.40,48745.40,Conciliado,Pagamento,CT-002,FN-009,Ref. NF-7338,Boleto,0.00,,,,,,,,
TRX-00166,2024-07-11,2024-07-14,,15386.45,,Pendente,Recebimento,CT-004,FN-004,Ref. NF-7824,Débito,15386.45,321,,181 a 360 dias,,Muito Crítico,,6,
TRX-00768,2024-11-20,2024-12-05,2024-12-05,1001.94,1001.94,Conciliado,Pagamento,CT-003,FN-005,Ref. NF-6681,Débito,0.00,,,,,,,,
TRX-00520,2024-12-05,2024-12-14,2024-12-15,12937.61,12937.61,Conciliado,Pagamento,CT-007,FN-007,Ref. NF-9457,Boleto,0.00,,,,,,,,
TRX-00905,2024-02-16,2024-02-21,2024-02-23,8684.43,8684.43,Conciliado,Pagamento,CT-008,FN-007,Ref. NF-4331,Pix,0.00,,,,,,,,
TRX-02019,2025-02-03,2025-02-04,2025-02-06,21968.23,21968.23,Conciliado,Pagamento,CT-008,FN-002,Ref. NF-1105,Débito,0.00,,,,,,,,
TRX-01530,2024-09-24,2024-09-26,2024-09-30,6808.07,6662.04,Divergente,Pagamento,CT-002,FN-010,Ref. NF-7864,Ted,146.03,,243,,181 a 360 dias,,Muito Crítico,,6
TRX-02743,2024-01-24,2024-02-02,,33725.11,,Pendente,Pagamento,CT-001,FN-009,Ref. NF-6092,Boleto,33725.11,484,,+360 dias,,Máximo,,7,
TRX-01922,2024-11-27,2024-12-06,2024-12-07,4647.51,4647.51,Conciliado,Recebimento,CT-004,FN-008,Ref. NF-5011,Boleto,0.00,,,,,,,,
TRX-02127,2024-07-16,2024-07-19,2024-07-22,18853.64,18853.64,Conciliado,Pagamento,CT-004,FN-010,Ref. NF-1366,Boleto,0.00,,,,,,,,
TRX-00334,2024-03-23,2024-03-30,2024-04-01,46330.16,46330.16,Conciliado,Pagamento,CT-003,FN-008,Ref. NF-7296,Pix,0.00,,,,,,,,
TRX-00298,2024-12-19,2025-01-01,,40794.30,,Pendente,Pagamento,CT-001,FN-006,Ref. NF-4675,Ted,40794.30,150,,121 a 180 dias,,Crítico,,5,
TRX-02797,2024-05-25,2024-06-06,2024-06-09,6205.81,6205.81,Conciliado,Pagamento,CT-007,FN-010,Ref. NF-9733,Débito,0.00,,,,,,,,
TRX-01513,2024-11-26,2024-12-03,2024-12-03,2615.90,2615.90,Conciliado,Estorno,CT-005,FN-003,Ref. NF-2590,Pix,0.00,,,,,,,,
TRX-01821,2024-12-14,2024-12-16,,37042.27,,Pendente,Pagamento,CT-001,FN-006,Ref. NF-9847,Pix,37042.27,166,,121 a 180 dias,,Crítico,,5,
TRX-01865,2024-10-14,2024-10-24,2024-10-28,8127.75,7959.74,Divergente,Pagamento,CT-006,FN-004,Ref. NF-8779,Boleto,168.01,,215,,181 a 360 dias,,Muito Crítico,,6
TRX-02111,2025-01-08,2025-01-12,2025-01-15,40487.51,40487.51,Conciliado,Recebimento,CT-008,FN-001,Ref. NF-7780,Pix,0.00,,,,,,,,
TRX-01123,2024-02-16,2024-02-26,2024-02-27,12686.55,12686.55,Conciliado,Recebimento,CT-002,FN-002,Ref. NF-5578,Ted,0.00,,,,,,,,
TRX-02080,2024-10-07,2024-10-09,2024-10-11,39483.99,39483.99,Conciliado,Estorno,CT-004,FN-008,Ref. NF-2523,Boleto,0.00,,,,,,,,
TRX-00911,2025-02-16,2025-02-18,2025-02-21,8463.75,8463.75,Conciliado,Pagamento,CT-007,FN-001,Ref. NF-7581,Boleto,0.00,,,,,,,,
TRX-00581,2024-01-02,2024-01-04,2024-01-07,21169.97,21169.97,Conciliado,Pagamento,CT-002,FN-001,Ref. NF-3175,Débito,0.00,,,,,,,,
TRX-02328,2024-01-22,2024-02-05,2024-02-06,25789.94,25789.94,Conciliado,Estorno,CT-003,FN-003,Ref. NF-5687,Pix,0.00,,,,,,,,
TRX-00647,2024-11-27,2024-12-11,2024-12-12,17465.06,17465.06,Conciliado,Pagamento,CT-004,FN-006,Ref. NF-4644,Ted,0.00,,,,,,,,
TRX-01797,2024-04-08,2024-04-23,2024-04-23,42974.96,42974.96,Conciliado,Pagamento,CT-001,FN-010,Ref. NF-3305,Débito,0.00,,,,,,,,
TRX-00971,2024-01-16,2024-01-24,2024-01-26,45494.55,45494.55,Conciliado,Pagamento,CT-007,FN-006,Ref. NF-3364,Ted,0.00,,,,,,,,
TRX-01138,2024-07-14,2024-07-21,2024-07-22,24617.47,24617.47,Conciliado,Pagamento,CT-001,FN-006,Ref. NF-3291,Ted,0.00,,,,,,,,
TRX-01980,2024-08-13,2024-08-15,2024-08-16,3276.08,3276.08,Conciliado,Pagamento,CT-007,FN-001,Ref. NF-3964,Pix,0.00,,,,,,,,
TRX-01953,2024-08-28,2024-09-05,2024-09-08,16292.45,16292.45,Conciliado,Pagamento,CT-005,FN-003,Ref. NF-2007,Pix,0.00,,,,,,,,
TRX-02609,2025-04-20,2025-05-04,2025-05-07,10530.28,10530.28,Conciliado,Pagamento,CT-006,FN-010,Ref. NF-7040,Boleto,0.00,,,,,,,,
TRX-01028,2025-04-29,2025-05-04,2025-05-07,31547.07,31547.07,Conciliado,Pagamento,CT-004,FN-003,Ref. NF-9659,Débito,0.00,,,,,,,,
TRX-01962,2024-02-25,2024-03-01,2024-03-04,19527.99,19527.99,Conciliado,Recebimento,CT-002,FN-005,Ref. NF-4933,Boleto,0.00,,,,,,,,
TRX-02843,2024-07-13,2024-07-18,2024-07-20,42802.97,42802.97,Conciliado,Pagamento,CT-001,FN-003,Ref. NF-4836,Ted,0.00,,,,,,,,
TRX-00742,2025-03-29,2025-04-09,2025-04-13,38556.87,37012.64,Divergente,Pagamento,CT-004,FN-003,Ref. NF-8059,Pix,1544.23,,48,,31 a 60 dias,,Atenção,,2
TRX-02560,2024-12-01,2024-12-06,2024-12-08,12247.69,12247.69,Conciliado,Recebimento,CT-005,FN-001,Ref. NF-4446,Ted,0.00,,,,,,,,
TRX-00996,2024-06-11,2024-06-25,2024-06-26,15989.76,15989.76,Conciliado,Pagamento,CT-002,FN-007,Ref. NF-6744,Ted,0.00,,,,,,,,
TRX-02329,2024-11-13,2024-11-22,2024-11-23,44587.87,44587.87,Conciliado,Recebimento,CT-008,FN-003,Ref. NF-1422,Boleto,0.00,,,,,,,,
TRX-02751,2024-12-30,2025-01-14,2025-01-16,48459.53,45648.25,Divergente,Pagamento,CT-006,FN-006,Ref. NF-6822,Pix,2811.28,,135,,121 a 180 dias,,Crítico,,5
TRX-01599,2024-01-19,2024-01-22,2024-01-24,47776.59,45997.35,Divergente,Pagamento,CT-002,FN-006,Ref. NF-5678,Pix,1779.24,,493,,+360 dias,,Máximo,,7
TRX-01082,2024-09-02,2024-09-11,2024-09-11,5809.45,5809.45,Conciliado,Pagamento,CT-002,FN-010,Ref. NF-5971,Ted,0.00,,,,,,,,
TRX-01075,2024-01-27,2024-02-07,2024-02-09,11340.54,11340.54,Conciliado,Recebimento,CT-001,FN-001,Ref. NF-7484,Ted,0.00,,,,,,,,
TRX-01037,2024-04-21,2024-04-27,2024-04-30,21873.30,21873.30,Conciliado,Pagamento,CT-007,FN-009,Ref. NF-3553,Débito,0.00,,,,,,,,
TRX-02193,2024-08-06,2024-08-07,2024-08-07,48902.25,48902.25,Conciliado,Pagamento,CT-006,FN-008,Ref. NF-6607,Pix,0.00,,,,,,,,
TRX-00464,2024-08-25,2024-09-07,,6077.62,,Pendente,Pagamento,CT-001,FN-004,Ref. NF-3617,Ted,6077.62,266,,181 a 360 dias,,Muito Crítico,,6,
TRX-01003,2025-02-11,2025-02-20,2025-02-22,16017.50,16017.50,Conciliado,Pagamento,CT-008,FN-009,Ref. NF-4669,Pix,0.00,,,,,,,,
TRX-00478,2025-04-05,2025-04-10,2025-04-11,9823.50,9823.50,Conciliado,Estorno,CT-006,FN-002,Ref. NF-2791,Débito,0.00,,,,,,,,
TRX-01855,2025-04-13,2025-04-27,2025-04-30,5243.96,5243.96,Conciliado,Pagamento,CT-005,FN-002,Ref. NF-5195,Pix,0.00,,,,,,,,
TRX-02846,2024-02-08,2024-02-11,2024-02-14,23169.28,23169.28,Conciliado,Pagamento,CT-005,FN-007,Ref. NF-3585,Pix,0.00,,,,,,,,
TRX-01419,2024-02-15,2024-02-22,,31005.18,,Pendente,Recebimento,CT-004,FN-003,Ref. NF-8479,Boleto,31005.18,464,,+360 dias,,Máximo,,7,
TRX-02073,2024-06-09,2024-06-21,2024-06-23,13615.82,13615.82,Conciliado,Estorno,CT-008,FN-008,Ref. NF-5673,Pix,0.00,,,,,,,,
TRX-02617,2025-02-12,2025-02-17,2025-02-19,2721.75,2721.75,Conciliado,Estorno,CT-003,FN-006,Ref. NF-7816,Débito,0.00,,,,,,,,
TRX-01845,2025-01-11,2025-01-26,2025-01-29,29341.07,29341.07,Conciliado,Estorno,CT-006,FN-006,Ref. NF-2518,Boleto,0.00,,,,,,,,
TRX-02147,2025-03-11,2025-03-17,2025-03-18,40584.02,40584.02,Conciliado,Recebimento,CT-004,FN-008,Ref. NF-9570,Pix,0.00,,,,,,,,
TRX-01434,2024-03-18,2024-03-28,2024-03-30,24598.97,24598.97,Conciliado,Pagamento,CT-002,FN-007,Ref. NF-7443,Pix,0.00,,,,,,,,
TRX-02822,2024-02-29,2024-03-05,2024-03-06,34640.82,34640.82,Conciliado,Pagamento,CT-006,FN-007,Ref. NF-7572,Pix,0.00,,,,,,,,
TRX-02912,2024-02-09,2024-02-23,2024-02-26,17385.45,17385.45,Conciliado,Estorno,CT-007,FN-001,Ref. NF-3208,Débito,0.00,,,,,,,,
TRX-02530,2025-03-13,2025-03-20,2025-03-23,8826.70,8826.70,Conciliado,Pagamento,CT-008,FN-001,Ref. NF-6745,Ted,0.00,,,,,,,,
TRX-00840,2024-04-26,2024-05-07,2024-05-09,6165.10,6165.10,Conciliado,Pagamento,CT-001,FN-004,Ref. NF-1996,Pix,0.00,,,,,,,,
TRX-02486,2024-09-10,2024-09-13,2024-09-15,49466.81,49466.81,Conciliado,Recebimento,CT-002,FN-008,Ref. NF-7347,Débito,0.00,,,,,,,,
TRX-01786,2024-11-23,2024-12-01,,13877.31,,Pendente,Pagamento,CT-003,FN-008,Ref. NF-7010,Ted,13877.31,181,,181 a 360 dias,,Muito Crítico,,6,
TRX-02504,2024-06-08,2024-06-13,2024-06-15,39886.98,39886.98,Conciliado,Pagamento,CT-002,FN-010,Ref. NF-5532,Ted,0.00,,,,,,,,
TRX-00950,2024-06-15,2024-06-24,2024-06-27,11821.82,10288.51,Divergente,Estorno,CT-007,FN-005,Ref. NF-6166,Débito,1533.31,,338,,181 a 360 dias,,Muito Crítico,,6
TRX-01986,2024-10-04,2024-10-19,2024-10-19,13031.03,13031.03,Conciliado,Pagamento,CT-006,FN-005,Ref. NF-9994,Débito,0.00,,,,,,,,
TRX-01221,2025-03-26,2025-04-02,2025-04-02,5652.60,5652.60,Conciliado,Pagamento,CT-007,FN-004,Ref. NF-7387,Pix,0.00,,,,,,,,
TRX-01799,2025-04-29,2025-05-06,2025-05-09,17927.22,17927.22,Conciliado,Pagamento,CT-006,FN-008,Ref. NF-7331,Boleto,0.00,,,,,,,,
TRX-02834,2024-01-01,2024-01-16,2024-01-17,8670.35,8670.35,Conciliado,Pagamento,CT-003,FN-008,Ref. NF-3828,Ted,0.00,,,,,,,,
TRX-02651,2024-01-10,2024-01-22,2024-01-24,40314.18,40314.18,Conciliado,Pagamento,CT-005,FN-008,Ref. NF-9713,Débito,0.00,,,,,,,,
TRX-02481,2024-09-22,2024-09-24,2024-09-24,38549.63,38549.63,Conciliado,Pagamento,CT-002,FN-009,Ref. NF-9184,Boleto,0.00,,,,,,,,
TRX-02182,2025-01-01,2025-01-15,2025-01-18,13063.52,13063.52,Conciliado,Pagamento,CT-007,FN-005,Ref. NF-2747,Pix,0.00,,,,,,,,
TRX-00066,2024-06-23,2024-07-08,2024-07-11,36439.52,36439.52,Conciliado,Pagamento,CT-001,FN-005,Ref. NF-8935,Débito,0.00,,,,,,,,
TRX-01547,2024-06-06,2024-06-14,2024-06-14,18932.09,18932.09,Conciliado,Pagamento,CT-005,FN-006,Ref. NF-9755,Boleto,0.00,,,,,,,,
TRX-01679,2024-07-15,2024-07-17,2024-07-18,22704.16,22704.16,Conciliado,Pagamento,CT-007,FN-002,Ref. NF-5400,Pix,0.00,,,,,,,,
TRX-00968,2025-04-29,2025-05-04,2025-05-07,49985.47,49985.47,Conciliado,Recebimento,CT-005,FN-004,Ref. NF-6296,Pix,0.00,,,,,,,,
TRX-01847,2025-03-01,2025-03-16,2025-03-17,20266.84,20266.84,Conciliado,Pagamento,CT-005,FN-009,Ref. NF-4951,Ted,0.00,,,,,,,,
TRX-01994,2024-10-14,2024-10-16,2024-10-17,44293.56,44293.56,Conciliado,Pagamento,CT-006,FN-004,Ref. NF-6416,Ted,0.00,,,,,,,,
TRX-01456,2024-11-11,2024-11-17,,7963.43,,Pendente,Pagamento,CT-003,FN-003,Ref. NF-4114,Ted,7963.43,195,,181 a 360 dias,,Muito Crítico,,6,
TRX-01105,2024-01-18,2024-01-23,2024-01-27,3726.18,3376.61,Divergente,Estorno,CT-007,FN-002,Ref. NF-3253,Boleto,349.57,,490,,+360 dias,,Máximo,,7
TRX-00312,2024-10-20,2024-10-30,2024-11-02,10897.62,10897.62,Conciliado,Estorno,CT-002,FN-005,Ref. NF-3333,Boleto,0.00,,,,,,,,
TRX-00672,2025-02-12,2025-02-23,2025-02-25,20067.96,20067.96,Conciliado,Estorno,CT-004,FN-002,Ref. NF-8467,Pix,0.00,,,,,,,,
TRX-01750,2024-06-25,2024-07-01,2024-07-04,44812.28,44812.28,Conciliado,Pagamento,CT-002,FN-006,Ref. NF-2916,Débito,0.00,,,,,,,,
TRX-02456,2024-01-18,2024-01-28,2024-01-29,36139.87,36139.87,Conciliado,Pagamento,CT-007,FN-007,Ref. NF-8328,Pix,0.00,,,,,,,,
TRX-00109,2024-09-16,2024-09-29,2024-09-30,43881.44,43881.44,Conciliado,Estorno,CT-001,FN-006,Ref. NF-3712,Débito,0.00,,,,,,,,
TRX-01707,2024-01-06,2024-01-19,,35026.46,,Pendente,Pagamento,CT-006,FN-001,Ref. NF-4869,Débito,35026.46,498,,+360 dias,,Máximo,,7,
TRX-00535,2024-01-11,2024-01-12,2024-01-12,48719.31,48719.31,Conciliado,Estorno,CT-004,FN-002,Ref. NF-5262,Débito,0.00,,,,,,,,
TRX-01939,2024-11-14,2024-11-20,,2970.97,,Pendente,Estorno,CT-004,FN-006,Ref. NF-6436,Pix,2970.97,192,,181 a 360 dias,,Muito Crítico,,6,
TRX-01035,2024-04-21,2024-05-03,,18489.04,,Pendente,Estorno,CT-004,FN-010,Ref. NF-6028,Ted,18489.04,393,,+360 dias,,Máximo,,7,
TRX-00016,2024-12-10,2024-12-21,2024-12-24,40129.33,40129.33,Conciliado,Pagamento,CT-007,FN-006,Ref. NF-8579,Pix,0.00,,,,,,,,
TRX-01309,2024-01-28,2024-01-30,2024-01-30,20433.47,20433.47,Conciliado,Pagamento,CT-002,FN-007,Ref. NF-9669,Pix,0.00,,,,,,,,
TRX-00036,2024-10-12,2024-10-16,2024-10-19,33545.10,33545.10,Conciliado,Recebimento,CT-003,FN-008,Ref. NF-3607,Pix,0.00,,,,,,,,
TRX-01187,2025-01-17,2025-01-22,2025-01-23,6438.87,6438.87,Conciliado,Estorno,CT-003,FN-010,Ref. NF-2182,Pix,0.00,,,,,,,,
TRX-00473,2024-12-20,2025-01-01,2025-01-03,15141.63,15141.63,Conciliado,Pagamento,CT-003,FN-006,Ref. NF-1399,Boleto,0.00,,,,,,,,
TRX-00675,2025-01-07,2025-01-14,2025-01-17,19918.14,19918.14,Conciliado,Pagamento,CT-001,FN-009,Ref. NF-5637,Ted,0.00,,,,,,,,
TRX-02403,2025-03-17,2025-03-20,2025-03-23,28259.29,28259.29,Conciliado,Recebimento,CT-008,FN-009,Ref. NF-4154,Ted,0.00,,,,,,,,
TRX-00206,2024-08-20,2024-08-28,2024-08-28,36681.13,36681.13,Conciliado,Estorno,CT-001,FN-002,Ref. NF-8039,Boleto,0.00,,,,,,,,
TRX-01283,2024-05-25,2024-06-07,2024-06-12,23103.33,21331.79,Divergente,Pagamento,CT-006,FN-003,Ref. NF-3156,Pix,1771.54,,353,,181 a 360 dias,,Muito Crítico,,6
TRX-01181,2024-04-03,2024-04-13,2024-04-13,2929.40,2929.40,Conciliado,Estorno,CT-002,FN-004,Ref. NF-9946,Ted,0.00,,,,,,,,
TRX-02577,2025-03-10,2025-03-11,2025-03-14,38200.46,38200.46,Conciliado,Recebimento,CT-004,FN-003,Ref. NF-9491,Ted,0.00,,,,,,,,
TRX-02043,2024-10-14,2024-10-26,2024-10-29,31984.53,31984.53,Conciliado,Pagamento,CT-008,FN-008,Ref. NF-4378,Pix,0.00,,,,,,,,
TRX-02251,2024-08-18,2024-08-19,2024-08-20,19962.63,19962.63,Conciliado,Pagamento,CT-002,FN-004,Ref. NF-5922,Ted,0.00,,,,,,,,
TRX-00847,2024-02-10,2024-02-16,2024-02-17,32839.83,32839.83,Conciliado,Estorno,CT-002,FN-006,Ref. NF-3052,Débito,0.00,,,,,,,,
TRX-01189,2024-03-14,2024-03-17,2024-03-18,19246.87,19246.87,Conciliado,Pagamento,CT-006,FN-007,Ref. NF-7376,Pix,0.00,,,,,,,,
TRX-01987,2024-10-01,2024-10-12,2024-10-14,25580.49,25580.49,Conciliado,Pagamento,CT-004,FN-005,Ref. NF-3621,Boleto,0.00,,,,,,,,
TRX-00896,2024-04-05,2024-04-11,,32078.31,,Pendente,Pagamento,CT-001,FN-004,Ref. NF-4130,Pix,32078.31,415,,+360 dias,,Máximo,,7,
TRX-00743,2024-01-21,2024-02-05,2024-02-05,30540.41,30540.41,Conciliado,Pagamento,CT-004,FN-010,Ref. NF-6071,Boleto,0.00,,,,,,,,
TRX-00003,2025-01-23,2025-02-05,2025-02-08,8196.24,8196.24,Conciliado,Recebimento,CT-006,FN-005,Ref. NF-5333,Pix,0.00,,,,,,,,
TRX-01413,2024-01-18,2024-01-19,2024-01-20,20190.28,18707.16,Divergente,Recebimento,CT-001,FN-001,Ref. NF-1722,Boleto,1483.12,,497,,+360 dias,,Máximo,,7
TRX-00305,2025-04-08,2025-04-19,2025-04-21,45838.66,45838.66,Conciliado,Pagamento,CT-006,FN-007,Ref. NF-7143,Ted,0.00,,,,,,,,
TRX-00469,2024-05-23,2024-05-26,,8974.47,,Pendente,Recebimento,CT-008,FN-007,Ref. NF-3784,Pix,8974.47,370,,+360 dias,,Máximo,,7,
TRX-02057,2025-02-17,2025-02-27,2025-03-02,42254.64,42254.64,Conciliado,Estorno,CT-005,FN-008,Ref. NF-2574,Boleto,0.00,,,,,,,,
TRX-02584,2024-12-11,2024-12-24,2024-12-26,25369.58,25369.58,Conciliado,Recebimento,CT-006,FN-008,Ref. NF-7481,Débito,0.00,,,,,,,,
TRX-01763,2024-07-21,2024-07-28,,2678.83,,Pendente,Recebimento,CT-001,FN-006,Ref. NF-8027,Ted,2678.83,307,,181 a 360 dias,,Muito Crítico,,6,
TRX-00640,2024-12-14,2024-12-25,2024-12-27,36338.57,36338.57,Conciliado,Pagamento,CT-002,FN-003,Ref. NF-4393,Pix,0.00,,,,,,,,
TRX-02395,2024-08-31,2024-09-13,2024-09-16,22962.21,22962.21,Conciliado,Pagamento,CT-001,FN-008,Ref. NF-7182,Boleto,0.00,,,,,,,,
TRX-01965,2024-02-14,2024-02-19,2024-02-20,29666.80,29666.80,Conciliado,Pagamento,CT-006,FN-002,Ref. NF-4324,Boleto,0.00,,,,,,,,
TRX-00814,2024-06-29,2024-07-10,2024-07-14,39355.57,35526.79,Divergente,Recebimento,CT-003,FN-005,Ref. NF-9306,Boleto,3828.78,,321,,181 a 360 dias,,Muito Crítico,,6
TRX-00938,2024-05-11,2024-05-22,2024-05-25,15496.35,15496.35,Conciliado,Pagamento,CT-004,FN-010,Ref. NF-6639,Ted,0.00,,,,,,,,
TRX-01673,2024-04-25,2024-05-09,2024-05-11,31377.19,31377.19,Conciliado,Estorno,CT-005,FN-004,Ref. NF-3674,Boleto,0.00,,,,,,,,
TRX-01133,2024-09-30,2024-10-02,2024-10-04,8059.57,8059.57,Conciliado,Estorno,CT-006,FN-003,Ref. NF-9409,Débito,0.00,,,,,,,,
TRX-01814,2024-08-27,2024-09-05,,44374.52,,Pendente,Pagamento,CT-005,FN-003,Ref. NF-9990,Débito,44374.52,268,,181 a 360 dias,,Muito Crítico,,6,
TRX-02630,2024-01-09,2024-01-14,,31300.57,,Pendente,Recebimento,CT-008,FN-005,Ref. NF-1022,Pix,31300.57,503,,+360 dias,,Máximo,,7,
TRX-02480,2024-10-19,2024-11-01,2024-11-01,18285.86,18285.86,Conciliado,Estorno,CT-001,FN-005,Ref. NF-1096,Boleto,0.00,,,,,,,,
TRX-00959,2024-09-15,2024-09-29,2024-09-29,28953.37,28953.37,Conciliado,Estorno,CT-008,FN-005,Ref. NF-9712,Boleto,0.00,,,,,,,,
TRX-00139,2024-02-07,2024-02-14,2024-02-17,34179.73,32856.48,Divergente,Recebimento,CT-005,FN-010,Ref. NF-3363,Débito,1323.25,,469,,+360 dias,,Máximo,,7
TRX-00993,2024-10-20,2024-11-03,2024-11-05,33618.88,33618.88,Conciliado,Pagamento,CT-007,FN-007,Ref. NF-1464,Débito,0.00,,,,,,,,
TRX-01354,2024-04-01,2024-04-02,2024-04-05,39383.10,39383.10,Conciliado,Recebimento,CT-007,FN-005,Ref. NF-8140,Ted,0.00,,,,,,,,
TRX-01592,2024-01-16,2024-01-17,2024-01-21,17010.15,14973.46,Divergente,Recebimento,CT-004,FN-003,Ref. NF-1567,Pix,2036.69,,496,,+360 dias,,Máximo,,7
TRX-01212,2024-02-12,2024-02-24,2024-02-24,39290.66,39290.66,Conciliado,Recebimento,CT-002,FN-008,Ref. NF-6125,Ted,0.00,,,,,,,,
TRX-02462,2024-01-21,2024-01-28,2024-01-31,12367.31,12367.31,Conciliado,Pagamento,CT-001,FN-003,Ref. NF-3709,Pix,0.00,,,,,,,,
TRX-02382,2024-11-15,2024-11-21,2024-11-22,7598.90,6878.60,Divergente,Pagamento,CT-003,FN-006,Ref. NF-4030,Pix,720.30,,190,,181 a 360 dias,,Muito Crítico,,6
TRX-01544,2024-01-25,2024-01-29,2024-01-31,7010.57,7010.57,Conciliado,Pagamento,CT-005,FN-005,Ref. NF-7567,Ted,0.00,,,,,,,,
TRX-02909,2025-04-02,2025-04-06,2025-04-09,30788.76,30788.76,Conciliado,Pagamento,CT-004,FN-010,Ref. NF-4185,Ted,0.00,,,,,,,,
TRX-02245,2025-02-07,2025-02-09,2025-02-09,19470.12,19470.12,Conciliado,Estorno,CT-007,FN-001,Ref. NF-3051,Ted,0.00,,,,,,,,
TRX-02177,2024-11-01,2024-11-07,2024-11-10,28467.54,28467.54,Conciliado,Pagamento,CT-004,FN-010,Ref. NF-8275,Débito,0.00,,,,,,,,
TRX-01830,2025-02-15,2025-02-28,2025-02-28,14950.17,14950.17,Conciliado,Pagamento,CT-007,FN-009,Ref. NF-7934,Ted,0.00,,,,,,,,
TRX-02448,2024-06-25,2024-07-08,2024-07-11,16915.28,16915.28,Conciliado,Pagamento,CT-001,FN-003,Ref. NF-7607,Boleto,0.00,,,,,,,,
TRX-02892,2025-03-02,2025-03-15,2025-03-17,45968.57,45968.57,Conciliado,Recebimento,CT-002,FN-004,Ref. NF-1556,Boleto,0.00,,,,,,,,
TRX-01783,2024-03-04,2024-03-05,2024-03-06,11065.48,11065.48,Conciliado,Recebimento,CT-005,FN-004,Ref. NF-8658,Pix,0.00,,,,,,,,
TRX-02429,2024-03-16,2024-03-25,2024-03-28,49641.17,49641.17,Conciliado,Pagamento,CT-004,FN-009,Ref. NF-9677,Boleto,0.00,,,,,,,,
TRX-01039,2025-01-11,2025-01-22,,1562.57,,Pendente,Pagamento,CT-002,FN-002,Ref. NF-6133,Pix,1562.57,129,,121 a 180 dias,,Crítico,,5,
TRX-01065,2024-12-23,2024-12-27,2024-12-30,30664.66,30664.66,Conciliado,Pagamento,CT-004,FN-010,Ref. NF-2566,Pix,0.00,,,,,,,,
TRX-02015,2024-03-29,2024-03-31,2024-04-01,12606.08,12606.08,Conciliado,Pagamento,CT-002,FN-004,Ref. NF-9772,Pix,0.00,,,,,,,,
TRX-02901,2025-03-05,2025-03-20,,49229.72,,Pendente,Pagamento,CT-006,FN-005,Ref. NF-6370,Boleto,49229.72,72,,61 a 90 dias,,Elevado,,3,
TRX-02943,2024-03-21,2024-03-22,2024-03-24,39413.85,39413.85,Conciliado,Estorno,CT-002,FN-006,Ref. NF-7430,Pix,0.00,,,,,,,,
TRX-02278,2024-02-08,2024-02-13,2024-02-16,13246.45,13246.45,Conciliado,Pagamento,CT-001,FN-007,Ref. NF-6198,Ted,0.00,,,,,,,,
TRX-02303,2024-02-14,2024-02-21,2024-02-23,28736.79,28736.79,Conciliado,Estorno,CT-006,FN-009,Ref. NF-3974,Pix,0.00,,,,,,,,
TRX-02675,2024-09-12,2024-09-22,2024-09-24,31505.74,31505.74,Conciliado,Pagamento,CT-001,FN-004,Ref. NF-2737,Boleto,0.00,,,,,,,,
TRX-00446,2024-09-23,2024-09-29,2024-10-02,41668.63,41668.63,Conciliado,Pagamento,CT-001,FN-001,Ref. NF-5127,Pix,0.00,,,,,,,,
TRX-02559,2025-02-26,2025-03-10,,37102.83,,Pendente,Estorno,CT-005,FN-010,Ref. NF-3231,Ted,37102.83,82,,61 a 90 dias,,Elevado,,3,
TRX-02170,2025-03-07,2025-03-09,,11677.01,,Pendente,Pagamento,CT-001,FN-004,Ref. NF-8392,Débito,11677.01,83,,61 a 90 dias,,Elevado,,3,
TRX-01311,2025-02-01,2025-02-10,,5472.70,,Pendente,Pagamento,CT-005,FN-003,Ref. NF-9598,Pix,5472.70,110,,91 a 120 dias,,Alto,,4,
TRX-00050,2024-08-17,2024-08-30,2024-09-02,20517.86,20517.86,Conciliado,Pagamento,CT-005,FN-004,Ref. NF-6419,Pix,0.00,,,,,,,,
TRX-00456,2024-11-25,2024-11-30,,2333.61,,Pendente,Estorno,CT-008,FN-001,Ref. NF-4468,Débito,2333.61,182,,181 a 360 dias,,Muito Crítico,,6,
TRX-02224,2025-01-10,2025-01-12,2025-01-13,41637.37,41637.37,Conciliado,Pagamento,CT-003,FN-008,Ref. NF-7401,Pix,0.00,,,,,,,,
TRX-01387,2024-08-20,2024-09-03,2024-09-05,1227.28,1227.28,Conciliado,Estorno,CT-003,FN-007,Ref. NF-8552,Débito,0.00,,,,,,,,
TRX-00105,2024-12-28,2025-01-05,2025-01-05,18956.17,18956.17,Conciliado,Estorno,CT-003,FN-006,Ref. NF-2079,Débito,0.00,,,,,,,,
TRX-02381,2024-12-18,2024-12-29,,6179.28,,Pendente,Pagamento,CT-002,FN-008,Ref. NF-4674,Boleto,6179.28,153,,121 a 180 dias,,Crítico,,5,
TRX-02783,2024-08-12,2024-08-21,2024-08-22,21831.61,21831.61,Conciliado,Pagamento,CT-005,FN-007,Ref. NF-1079,Pix,0.00,,,,,,,,
TRX-01652,2025-01-29,2025-02-11,2025-02-11,44728.40,44728.40,Conciliado,Estorno,CT-007,FN-003,Ref. NF-3229,Boleto,0.00,,,,,,,,
TRX-01295,2024-07-13,2024-07-16,,4966.59,,Pendente,Pagamento,CT-003,FN-010,Ref. NF-4950,Pix,4966.59,319,,181 a 360 dias,,Muito Crítico,,6,
TRX-01967,2024-01-30,2024-02-11,2024-02-11,41127.39,41127.39,Conciliado,Estorno,CT-001,FN-009,Ref. NF-6074,Pix,0.00,,,,,,,,
TRX-02212,2025-02-19,2025-03-05,2025-03-05,10224.42,10224.42,Conciliado,Estorno,CT-004,FN-010,Ref. NF-4001,Ted,0.00,,,,,,,,
TRX-02357,2024-02-26,2024-02-29,2024-03-02,24186.59,24186.59,Conciliado,Estorno,CT-005,FN-005,Ref. NF-2145,Ted,0.00,,,,,,,,
TRX-02875,2024-09-26,2024-10-04,2024-10-05,4721.09,4721.09,Conciliado,Estorno,CT-007,FN-004,Ref. NF-4356,Débito,0.00,,,,,,,,
TRX-02375,2024-01-15,2024-01-16,,13457.63,,Pendente,Pagamento,CT-004,FN-010,Ref. NF-3615,Boleto,13457.63,501,,+360 dias,,Máximo,,7,
TRX-00202,2025-01-11,2025-01-25,2025-01-26,13509.35,13509.35,Conciliado,Pagamento,CT-001,FN-008,Ref. NF-6744,Ted,0.00,,,,,,,,
TRX-01448,2024-04-22,2024-05-03,2024-05-05,1984.39,1984.39,Conciliado,Pagamento,CT-002,FN-001,Ref. NF-2970,Débito,0.00,,,,,,,,
TRX-02256,2025-02-12,2025-02-20,2025-02-22,47509.37,47509.37,Conciliado,Pagamento,CT-008,FN-008,Ref. NF-4232,Pix,0.00,,,,,,,,
TRX-00504,2024-04-26,2024-05-03,2024-05-05,5960.65,5960.65,Conciliado,Pagamento,CT-002,FN-008,Ref. NF-6375,Pix,0.00,,,,,,,,
TRX-00041,2024-07-18,2024-07-24,2024-07-25,49045.74,46102.26,Divergente,Pagamento,CT-008,FN-003,Ref. NF-1823,Boleto,2943.48,,310,,181 a 360 dias,,Muito Crítico,,6
TRX-00421,2024-06-13,2024-06-17,2024-06-18,16297.91,16297.91,Conciliado,Pagamento,CT-005,FN-009,Ref. NF-9422,Ted,0.00,,,,,,,,
TRX-00470,2024-10-22,2024-10-31,2024-11-02,24716.06,24716.06,Conciliado,Pagamento,CT-007,FN-009,Ref. NF-5041,Ted,0.00,,,,,,,,
TRX-00066,2024-06-23,2024-07-08,2024-07-11,36439.52,36439.52,Conciliado,Pagamento,CT-001,FN-005,Ref. NF-8935,Débito,0.00,,,,,,,,
TRX-00619,2024-04-21,2024-04-26,2024-04-29,13099.20,13099.20,Conciliado,Recebimento,CT-003,FN-006,Ref. NF-1674,Boleto,0.00,,,,,,,,
TRX-01864,2024-04-22,2024-04-26,2024-04-30,14782.91,13464.31,Divergente,Estorno,CT-006,FN-003,Ref. NF-4414,Boleto,1318.60,,396,,+360 dias,,Máximo,,7
TRX-00139,2024-02-07,2024-02-14,2024-02-17,34179.73,32856.48,Divergente,Recebimento,CT-005,FN-010,Ref. NF-3363,Débito,1323.25,,469,,+360 dias,,Máximo,,7
TRX-01315,2025-03-30,2025-04-11,2025-04-14,46544.17,46544.17,Conciliado,Pagamento,CT-003,FN-008,Ref. NF-1988,Pix,0.00,,,,,,,,
TRX-02854,2024-01-28,2024-02-08,2024-02-09,11514.65,11514.65,Conciliado,Pagamento,CT-004,FN-002,Ref. NF-4936,Pix,0.00,,,,,,,,
TRX-01135,2024-08-24,2024-08-28,2024-08-29,8523.30,8523.30,Conciliado,Pagamento,CT-002,FN-004,Ref. NF-9027,Débito,0.00,,,,,,,,
TRX-01690,2024-01-21,2024-01-24,,45968.76,,Pendente,Recebimento,CT-001,FN-005,Ref. NF-6919,Boleto,45968.76,493,,+360 dias,,Máximo,,7,
TRX-02861,2024-08-20,2024-09-01,2024-09-02,29365.05,29365.05,Conciliado,Pagamento,CT-001,FN-003,Ref. NF-3583,Débito,0.00,,,,,,,,
TRX-02044,2024-04-20,2024-04-30,2024-05-01,1924.75,1924.75,Conciliado,Pagamento,CT-007,FN-008,Ref. NF-3953,Débito,0.00,,,,,,,,
TRX-01269,2024-09-16,2024-09-21,2024-09-23,25854.18,25854.18,Conciliado,Pagamento,CT-006,FN-010,Ref. NF-8501,Pix,0.00,,,,,,,,
TRX-02424,2024-06-23,2024-07-02,2024-07-03,43332.58,42488.91,Divergente,Pagamento,CT-002,FN-009,Ref. NF-2979,Débito,843.67,,332,,181 a 360 dias,,Muito Crítico,,6
TRX-01682,2024-05-13,2024-05-21,2024-05-23,8089.61,8089.61,Conciliado,Pagamento,CT-005,FN-003,Ref. NF-9842,Pix,0.00,,,,,,,,
TRX-02410,2024-09-12,2024-09-20,2024-09-22,14858.36,14858.36,Conciliado,Pagamento,CT-001,FN-004,Ref. NF-6802,Pix,0.00,,,,,,,,
TRX-01985,2024-01-13,2024-01-25,2024-01-29,15601.24,14742.56,Divergente,Recebimento,CT-002,FN-005,Ref. NF-7232,Boleto,858.68,,488,,+360 dias,,Máximo,,7
TRX-02539,2025-02-22,2025-03-08,2025-03-08,9362.44,9362.44,Conciliado,Pagamento,CT-002,FN-001,Ref. NF-2883,Pix,0.00,,,,,,,,
TRX-01680,2024-06-10,2024-06-24,2024-06-26,8727.66,8727.66,Conciliado,Pagamento,CT-001,FN-004,Ref. NF-5438,Pix,0.00,,,,,,,,
TRX-01437,2024-01-05,2024-01-10,2024-01-10,6909.05,6909.05,Conciliado,Pagamento,CT-008,FN-004,Ref. NF-4546,Boleto,0.00,,,,,,,,
TRX-00795,2024-10-06,2024-10-11,2024-10-14,1171.27,1171.27,Conciliado,Pagamento,CT-006,FN-008,Ref. NF-1339,Débito,0.00,,,,,,,,
TRX-01535,2024-05-10,2024-05-19,2024-05-21,14152.08,14152.08,Conciliado,Estorno,CT-005,FN-007,Ref. NF-5734,Boleto,0.00,,,,,,,,
TRX-00426,2024-04-03,2024-04-15,2024-04-16,1998.07,1998.07,Conciliado,Pagamento,CT-008,FN-008,Ref. NF-3087,Boleto,0.00,,,,,,,,
TRX-02040,2025-02-23,2025-03-07,2025-03-09,6514.96,6514.96,Conciliado,Pagamento,CT-007,FN-001,Ref. NF-4406,Pix,0.00,,,,,,,,
TRX-02160,2025-01-12,2025-01-26,2025-01-26,20156.75,20156.75,Conciliado,Estorno,CT-002,FN-004,Ref. NF-6441,Boleto,0.00,,,,,,,,
TRX-01798,2024-08-01,2024-08-03,2024-08-08,5398.34,4895.70,Divergente,Recebimento,CT-003,FN-001,Ref. NF-9564,Boleto,502.64,,296,,181 a 360 dias,,Muito Crítico,,6
TRX-02225,2024-12-02,2024-12-04,2024-12-04,48360.83,48360.83,Conciliado,Pagamento,CT-002,FN-007,Ref. NF-7888,Boleto,0.00,,,,,,,,
TRX-00589,2024-08-25,2024-09-03,,20670.94,,Pendente,Pagamento,CT-008,FN-001,Ref. NF-2663,Boleto,20670.94,270,,181 a 360 dias,,Muito Crítico,,6,
TRX-01462,2025-01-21,2025-01-31,2025-02-01,28230.55,28230.55,Conciliado,Pagamento,CT-003,FN-006,Ref. NF-7635,Ted,0.00,,,,,,,,
TRX-00965,2024-03-04,2024-03-18,2024-03-21,19330.62,19330.62,Conciliado,Pagamento,CT-008,FN-004,Ref. NF-3868,Boleto,0.00,,,,,,,,
TRX-00913,2024-12-30,2025-01-05,2025-01-05,49046.36,49046.36,Conciliado,Pagamento,CT-002,FN-003,Ref. NF-5224,Débito,0.00,,,,,,,,
TRX-00727,2025-04-03,2025-04-04,2025-04-06,17074.78,17074.78,Conciliado,Pagamento,CT-007,FN-009,Ref. NF-2702,Pix,0.00,,,,,,,,
TRX-02241,2024-01-23,2024-02-04,2024-02-07,29166.18,29166.18,Conciliado,Pagamento,CT-003,FN-004,Ref. NF-7252,Débito,0.00,,,,,,,,
TRX-00606,2024-11-12,2024-11-25,,19504.04,,Pendente,Pagamento,CT-001,FN-008,Ref. NF-1425,Boleto,19504.04,187,,181 a 360 dias,,Muito Crítico,,6,
TRX-00620,2024-08-26,2024-09-04,2024-09-07,21909.03,21909.03,Conciliado,Recebimento,CT-008,FN-008,Ref. NF-5351,Boleto,0.00,,,,,,,,
TRX-00024,2024-05-24,2024-06-03,2024-06-04,25517.75,23956.06,Divergente,Pagamento,CT-004,FN-005,Ref. NF-6464,Ted,1561.69,,361,,+360 dias,,Máximo,,7
TRX-02599,2024-11-18,2024-12-02,,35192.71,,Pendente,Pagamento,CT-005,FN-010,Ref. NF-1918,Boleto,35192.71,180,,121 a 180 dias,,Crítico,,5,
TRX-01791,2024-11-01,2024-11-13,2024-11-15,15181.64,15181.64,Conciliado,Pagamento,CT-007,FN-007,Ref. NF-2652,Ted,0.00,,,,,,,,
TRX-00106,2024-06-17,2024-06-19,2024-06-22,36324.82,31290.57,Divergente,Recebimento,CT-005,FN-005,Ref. NF-6082,Débito,5034.25,,343,,181 a 360 dias,,Muito Crítico,,6
TRX-02009,2024-02-20,2024-03-01,2024-03-04,45044.68,45044.68,Conciliado,Pagamento,CT-007,FN-010,Ref. NF-1440,Débito,0.00,,,,,,,,
TRX-02279,2024-12-25,2024-12-31,2024-12-31,26767.01,26767.01,Conciliado,Recebimento,CT-003,FN-008,Ref. NF-5365,Pix,0.00,,,,,,,,
TRX-01324,2024-03-02,2024-03-11,,30544.65,,Pendente,Pagamento,CT-004,FN-004,Ref. NF-8167,Pix,30544.65,446,,+360 dias,,Máximo,,7,
TRX-02240,2024-04-04,2024-04-10,2024-04-10,5563.30,5563.30,Conciliado,Pagamento,CT-001,FN-005,Ref. NF-8067,Pix,0.00,,,,,,,,
TRX-02858,2024-04-08,2024-04-20,2024-04-22,18578.56,18578.56,Conciliado,Pagamento,CT-002,FN-004,Ref. NF-8610,Ted,0.00,,,,,,,,
TRX-01481,2025-01-20,2025-01-30,,22819.07,,Pendente,Pagamento,CT-005,FN-010,Ref. NF-9615,Ted,22819.07,121,,121 a 180 dias,,Crítico,,5,
TRX-02805,2024-05-23,2024-06-05,2024-06-07,22644.26,22644.26,Conciliado,Pagamento,CT-006,FN-001,Ref. NF-9018,Pix,0.00,,,,,,,,
TRX-00902,2024-06-05,2024-06-08,2024-06-11,22230.93,22230.93,Conciliado,Estorno,CT-003,FN-001,Ref. NF-4990,Débito,0.00,,,,,,,,
TRX-00636,2024-01-20,2024-01-21,2024-01-22,33679.63,33679.63,Conciliado,Pagamento,CT-003,FN-006,Ref. NF-8713,Ted,0.00,,,,,,,,
TRX-02438,2024-07-07,2024-07-09,2024-07-12,38122.79,36890.61,Divergente,Pagamento,CT-004,FN-008,Ref. NF-7687,Pix,1232.18,,323,,181 a 360 dias,,Muito Crítico,,6
TRX-02286,2024-08-26,2024-08-30,2024-09-02,34306.12,34306.12,Conciliado,Pagamento,CT-001,FN-008,Ref. NF-6785,Pix,0.00,,,,,,,,
TRX-01377,2024-12-20,2024-12-29,2025-01-01,6173.41,6173.41,Conciliado,Recebimento,CT-007,FN-007,Ref. NF-9974,Boleto,0.00,,,,,,,,
TRX-01494,2024-11-15,2024-11-28,2024-11-30,7154.88,6960.94,Divergente,Pagamento,CT-003,FN-001,Ref. NF-5155,Ted,193.94,,182,,181 a 360 dias,,Muito Crítico,,6
TRX-02979,2024-08-11,2024-08-21,2024-08-24,35646.44,35646.44,Conciliado,Recebimento,CT-002,FN-006,Ref. NF-1483,Pix,0.00,,,,,,,,
TRX-01938,2024-11-06,2024-11-21,2024-11-21,28333.42,28333.42,Conciliado,Recebimento,CT-003,FN-001,Ref. NF-5285,Ted,0.00,,,,,,,,
TRX-00349,2025-03-05,2025-03-16,2025-03-19,18367.62,15663.48,Divergente,Recebimento,CT-006,FN-005,Ref. NF-4259,Pix,2704.14,,73,,61 a 90 dias,,Elevado,,3
TRX-01695,2024-02-16,2024-02-24,2024-02-24,10676.51,10676.51,Conciliado,Pagamento,CT-004,FN-002,Ref. NF-5243,Boleto,0.00,,,,,,,,
TRX-02672,2025-01-01,2025-01-10,,36909.72,,Pendente,Recebimento,CT-007,FN-008,Ref. NF-8613,Débito,36909.72,141,,121 a 180 dias,,Crítico,,5,
TRX-02419,2024-12-30,2025-01-03,2025-01-03,14285.65,14285.65,Conciliado,Pagamento,CT-003,FN-007,Ref. NF-1756,Débito,0.00,,,,,,,,
TRX-00259,2025-01-23,2025-02-01,2025-02-01,15900.59,15900.59,Conciliado,Pagamento,CT-003,FN-002,Ref. NF-4288,Boleto,0.00,,,,,,,,
TRX-01534,2024-10-29,2024-11-03,,1568.89,,Pendente,Recebimento,CT-007,FN-008,Ref. NF-9159,Pix,1568.89,209,,181 a 360 dias,,Muito Crítico,,6,
TRX-00708,2024-06-21,2024-06-28,2024-07-01,15562.35,15562.35,Conciliado,Pagamento,CT-007,FN-001,Ref. NF-3977,Débito,0.00,,,,,,,,
TRX-01090,2024-10-24,2024-10-31,,7807.84,,Pendente,Recebimento,CT-006,FN-005,Ref. NF-6903,Boleto,7807.84,212,,181 a 360 dias,,Muito Crítico,,6,
TRX-02792,2024-02-09,2024-02-16,2024-02-18,2038.43,2038.43,Conciliado,Pagamento,CT-006,FN-003,Ref. NF-4192,Ted,0.00,,,,,,,,
TRX-00277,2024-11-30,2024-12-14,2024-12-15,22493.56,22493.56,Conciliado,Pagamento,CT-002,FN-007,Ref. NF-1152,Pix,0.00,,,,,,,,
TRX-00555,2024-08-10,2024-08-19,2024-08-22,1158.58,1158.58,Conciliado,Pagamento,CT-007,FN-002,Ref. NF-6910,Pix,0.00,,,,,,,,
TRX-00343,2025-01-26,2025-02-09,2025-02-13,31223.04,27338.96,Divergente,Pagamento,CT-008,FN-006,Ref. NF-7518,Débito,3884.08,,107,,91 a 120 dias,,Alto,,4
TRX-02623,2024-12-19,2024-12-22,2024-12-23,47827.17,47827.17,Conciliado,Pagamento,CT-005,FN-009,Ref. NF-4227,Pix,0.00,,,,,,,,
TRX-02047,2024-03-27,2024-04-01,,8288.42,,Pendente,Pagamento,CT-003,FN-001,Ref. NF-6040,Débito,8288.42,425,,+360 dias,,Máximo,,7,
TRX-01474,2024-09-05,2024-09-18,2024-09-18,32184.15,32184.15,Conciliado,Pagamento,CT-005,FN-010,Ref. NF-8606,Boleto,0.00,,,,,,,,
TRX-00311,2024-03-10,2024-03-22,2024-03-23,15253.80,14147.80,Divergente,Estorno,CT-005,FN-003,Ref. NF-1082,Boleto,1106.00,,434,,+360 dias,,Máximo,,7
TRX-01177,2024-11-28,2024-12-04,2024-12-04,4718.65,4718.65,Conciliado,Pagamento,CT-006,FN-008,Ref. NF-6582,Boleto,0.00,,,,,,,,
TRX-02195,2024-12-08,2024-12-11,2024-12-12,4143.89,4143.89,Conciliado,Estorno,CT-003,FN-006,Ref. NF-3069,Pix,0.00,,,,,,,,
TRX-02233,2024-02-20,2024-02-27,2024-02-29,29799.18,29799.18,Conciliado,Estorno,CT-008,FN-002,Ref. NF-1206,Débito,0.00,,,,,,,,
TRX-02764,2024-02-24,2024-03-01,2024-03-01,37376.28,37376.28,Conciliado,Estorno,CT-004,FN-010,Ref. NF-6664,Ted,0.00,,,,,,,,
TRX-01023,2025-02-22,2025-03-07,2025-03-08,2569.07,2569.07,Conciliado,Pagamento,CT-001,FN-007,Ref. NF-3603,Débito,0.00,,,,,,,,
TRX-00264,2024-08-23,2024-08-28,2024-08-30,41303.39,41303.39,Conciliado,Recebimento,CT-005,FN-009,Ref. NF-5631,Ted,0.00,,,,,,,,
TRX-02667,2024-09-22,2024-09-27,,23793.81,,Pendente,Pagamento,CT-007,FN-009,Ref. NF-2052,Boleto,23793.81,246,,181 a 360 dias,,Muito Crítico,,6,
TRX-00081,2024-12-09,2024-12-21,2024-12-21,32918.63,32918.63,Conciliado,Recebimento,CT-003,FN-007,Ref. NF-8285,Débito,0.00,,,,,,,,
TRX-01724,2024-10-16,2024-10-19,2024-10-24,21237.94,20682.32,Divergente,Pagamento,CT-002,FN-002,Ref. NF-8737,Débito,555.62,,219,,181 a 360 dias,,Muito Crítico,,6
TRX-01073,2024-03-18,2024-03-20,2024-03-22,37855.65,37855.65,Conciliado,Pagamento,CT-004,FN-002,Ref. NF-9931,Débito,0.00,,,,,,,,
TRX-01930,2025-03-19,2025-03-26,2025-03-26,9376.49,9376.49,Conciliado,Recebimento,CT-007,FN-008,Ref. NF-4530,Pix,0.00,,,,,,,,
TRX-00799,2024-08-26,2024-09-06,2024-09-08,28127.97,28127.97,Conciliado,Estorno,CT-005,FN-010,Ref. NF-5636,Pix,0.00,,,,,,,,
TRX-02343,2024-03-18,2024-03-25,2024-03-26,4627.34,4627.34,Conciliado,Pagamento,CT-001,FN-005,Ref. NF-7002,Ted,0.00,,,,,,,,
TRX-02885,2024-04-08,2024-04-12,2024-04-14,33558.23,30829.26,Divergente,Estorno,CT-001,FN-003,Ref. NF-4242,Débito,2728.97,,412,,+360 dias,,Máximo,,7
TRX-01602,2024-09-08,2024-09-13,2024-09-14,2658.80,2658.80,Conciliado,Pagamento,CT-007,FN-005,Ref. NF-3094,Pix,0.00,,,,,,,,
TRX-00528,2024-06-11,2024-06-20,2024-06-22,44031.96,44031.96,Conciliado,Recebimento,CT-004,FN-005,Ref. NF-1570,Boleto,0.00,,,,,,,,
TRX-00869,2024-04-20,2024-04-29,2024-04-29,37878.53,37878.53,Conciliado,Pagamento,CT-001,FN-001,Ref. NF-4768,Ted,0.00,,,,,,,,
TRX-00430,2024-02-16,2024-02-20,2024-02-23,33213.63,33213.63,Conciliado,Estorno,CT-001,FN-003,Ref. NF-6187,Pix,0.00,,,,,,,,
TRX-02917,2024-09-29,2024-10-02,2024-10-04,28885.53,28885.53,Conciliado,Pagamento,CT-007,FN-010,Ref. NF-2687,Boleto,0.00,,,,,,,,
TRX-01013,2024-09-16,2024-09-19,2024-09-21,44467.56,44467.56,Conciliado,Pagamento,CT-001,FN-009,Ref. NF-9494,Débito,0.00,,,,,,,,
TRX-02351,2025-03-11,2025-03-17,2025-03-17,26093.56,26093.56,Conciliado,Estorno,CT-003,FN-010,Ref. NF-2052,Ted,0.00,,,,,,,,
TRX-00522,2024-05-03,2024-05-06,2024-05-08,43079.20,43079.20,Conciliado,Recebimento,CT-007,FN-006,Ref. NF-5201,Ted,0.00,,,,,,,,
TRX-00204,2024-05-28,2024-06-07,2024-06-09,48157.21,45662.65,Divergente,Estorno,CT-002,FN-003,Ref. NF-6277,Ted,2494.56,,356,,181 a 360 dias,,Muito Crítico,,6
TRX-00039,2024-07-31,2024-08-01,,47330.07,,Pendente,Recebimento,CT-007,FN-010,Ref. NF-1096,Ted,47330.07,303,,181 a 360 dias,,Muito Crítico,,6,
TRX-01959,2024-08-22,2024-08-23,2024-08-23,21356.00,21356.00,Conciliado,Pagamento,CT-008,FN-004,Ref. NF-1608,Boleto,0.00,,,,,,,,
TRX-00750,2024-02-01,2024-02-16,2024-02-19,3176.84,2812.42,Divergente,Recebimento,CT-008,FN-004,Ref. NF-5487,Boleto,364.42,,467,,+360 dias,,Máximo,,7
TRX-02250,2024-08-22,2024-08-28,2024-08-30,23022.20,23022.20,Conciliado,Estorno,CT-005,FN-001,Ref. NF-9605,Débito,0.00,,,,,,,,
TRX-01198,2025-03-19,2025-03-20,2025-03-23,49799.82,49799.82,Conciliado,Recebimento,CT-007,FN-009,Ref. NF-4514,Ted,0.00,,,,,,,,
TRX-02758,2024-01-19,2024-01-28,2024-01-30,19471.41,19471.41,Conciliado,Pagamento,CT-004,FN-003,Ref. NF-9102,Pix,0.00,,,,,,,,
TRX-00394,2025-04-10,2025-04-13,2025-04-15,3856.80,3856.80,Conciliado,Pagamento,CT-003,FN-006,Ref. NF-1483,Boleto,0.00,,,,,,,,
TRX-01574,2024-12-06,2024-12-10,2024-12-10,12350.74,12350.74,Conciliado,Pagamento,CT-007,FN-007,Ref. NF-7437,Pix,0.00,,,,,,,,
TRX-02808,2024-08-14,2024-08-17,2024-08-17,46527.44,46527.44,Conciliado,Estorno,CT-008,FN-004,Ref. NF-4870,Débito,0.00,,,,,,,,
TRX-02605,2024-02-01,2024-02-03,2024-02-06,44976.87,44976.87,Conciliado,Pagamento,CT-003,FN-009,Ref. NF-9832,Pix,0.00,,,,,,,,
TRX-00366,2024-05-07,2024-05-10,2024-05-11,3458.87,3458.87,Conciliado,Pagamento,CT-006,FN-001,Ref. NF-6690,Débito,0.00,,,,,,,,
TRX-02945,2024-05-22,2024-06-03,2024-06-05,3181.76,3181.76,Conciliado,Pagamento,CT-005,FN-004,Ref. NF-8968,Pix,0.00,,,,,,,,
TRX-00152,2025-02-18,2025-02-20,2025-02-21,36070.61,36070.61,Conciliado,Pagamento,CT-008,FN-005,Ref. NF-7643,Boleto,0.00,,,,,,,,
TRX-02396,2025-01-22,2025-02-03,2025-02-04,41844.78,39389.55,Divergente,Pagamento,CT-007,FN-001,Ref. NF-1898,Ted,2455.23,,116,,91 a 120 dias,,Alto,,4
TRX-02428,2024-03-21,2024-03-23,2024-03-26,20605.86,20605.86,Conciliado,Pagamento,CT-003,FN-003,Ref. NF-1319,Débito,0.00,,,,,,,,
TRX-02765,2024-01-31,2024-02-15,2024-02-17,32011.09,32011.09,Conciliado,Pagamento,CT-005,FN-004,Ref. NF-8314,Pix,0.00,,,,,,,,
TRX-02527,2024-02-23,2024-03-05,2024-03-05,10175.73,10175.73,Conciliado,Pagamento,CT-008,FN-010,Ref. NF-2570,Boleto,0.00,,,,,,,,
TRX-01477,2024-05-19,2024-05-29,2024-05-31,22348.28,22348.28,Conciliado,Estorno,CT-003,FN-008,Ref. NF-4649,Boleto,0.00,,,,,,,,
TRX-01371,2024-04-17,2024-05-01,2024-05-01,30336.99,30336.99,Conciliado,Pagamento,CT-002,FN-008,Ref. NF-6251,Débito,0.00,,,,,,,,
TRX-00251,2024-10-15,2024-10-16,2024-10-16,40504.92,40504.92,Conciliado,Pagamento,CT-002,FN-006,Ref. NF-7858,Pix,0.00,,,,,,,,
TRX-02873,2024-04-22,2024-04-26,2024-04-29,7019.09,6354.31,Divergente,Recebimento,CT-004,FN-003,Ref. NF-2335,Boleto,664.78,,397,,+360 dias,,Máximo,,7
TRX-01888,2025-04-13,2025-04-28,2025-04-29,14475.16,12365.95,Divergente,Recebimento,CT-007,FN-010,Ref. NF-6582,Boleto,2109.21,,32,,31 a 60 dias,,Atenção,,2
TRX-01805,2025-02-25,2025-03-07,2025-03-09,43943.17,43943.17,Conciliado,Estorno,CT-008,FN-010,Ref. NF-5428,Débito,0.00,,,,,,,,
TRX-01608,2024-06-02,2024-06-11,2024-06-13,49998.76,49998.76,Conciliado,Estorno,CT-007,FN-008,Ref. NF-2945,Pix,0.00,,,,,,,,
TRX-00112,2025-03-22,2025-03-27,2025-03-29,46747.53,46747.53,Conciliado,Recebimento,CT-006,FN-009,Ref. NF-8361,Pix,0.00,,,,,,,,
TRX-02379,2024-06-15,2024-06-22,2024-06-25,24804.61,24804.61,Conciliado,Pagamento,CT-003,FN-008,Ref. NF-7030,Débito,0.00,,,,,,,,
TRX-01299,2025-02-08,2025-02-18,2025-02-21,47014.96,47014.96,Conciliado,Pagamento,CT-006,FN-009,Ref. NF-4585,Débito,0.00,,,,,,,,
TRX-02440,2024-04-28,2024-05-06,2024-05-07,9718.81,9718.81,Conciliado,Pagamento,CT-008,FN-003,Ref. NF-1871,Pix,0.00,,,,,,,,
TRX-02977,2024-01-18,2024-01-21,2024-01-23,20115.20,20115.20,Conciliado,Pagamento,CT-004,FN-002,Ref. NF-5468,Boleto,0.00,,,,,,,,
TRX-01978,2024-05-31,2024-06-01,2024-06-03,1719.52,1719.52,Conciliado,Pagamento,CT-006,FN-009,Ref. NF-7349,Débito,0.00,,,,,,,,
TRX-00656,2024-12-23,2025-01-03,2025-01-04,13087.26,11338.05,Divergente,Pagamento,CT-008,FN-003,Ref. NF-7297,Pix,1749.21,,147,,121 a 180 dias,,Crítico,,5
TRX-02929,2024-07-13,2024-07-19,2024-07-20,29418.56,29418.56,Conciliado,Pagamento,CT-007,FN-009,Ref. NF-1977,Débito,0.00,,,,,,,,
TRX-01703,2025-01-14,2025-01-19,2025-01-20,12105.56,12105.56,Conciliado,Pagamento,CT-007,FN-005,Ref. NF-8001,Pix,0.00,,,,,,,,
TRX-02476,2024-02-24,2024-02-26,2024-02-27,32658.49,29722.68,Divergente,Recebimento,CT-003,FN-001,Ref. NF-2804,Pix,2935.81,,459,,+360 dias,,Máximo,,7
TRX-01010,2024-07-24,2024-07-28,2024-07-28,22860.51,22860.51,Conciliado,Pagamento,CT-002,FN-006,Ref. NF-7113,Ted,0.00,,,,,,,,
TRX-01952,2024-10-01,2024-10-16,,38393.52,,Pendente,Pagamento,CT-001,FN-008,Ref. NF-8784,Débito,38393.52,227,,181 a 360 dias,,Muito Crítico,,6,
TRX-00801,2025-03-25,2025-03-30,2025-03-30,35803.26,35803.26,Conciliado,Estorno,CT-003,FN-002,Ref. NF-6810,Débito,0.00,,,,,,,,
TRX-01491,2025-02-04,2025-02-18,2025-02-19,39677.75,39677.75,Conciliado,Pagamento,CT-001,FN-009,Ref. NF-1821,Débito,0.00,,,,,,,,
TRX-00838,2024-03-04,2024-03-09,2024-03-12,23404.85,23404.85,Conciliado,Pagamento,CT-003,FN-008,Ref. NF-7694,Boleto,0.00,,,,,,,,
TRX-00371,2025-03-03,2025-03-06,2025-03-09,24525.83,24525.83,Conciliado,Pagamento,CT-004,FN-002,Ref. NF-5193,Pix,0.00,,,,,,,,
TRX-00443,2024-01-27,2024-01-30,2024-02-03,24075.18,22767.69,Divergente,Recebimento,CT-008,FN-005,Ref. NF-9690,Débito,1307.49,,483,,+360 dias,,Máximo,,7
TRX-02054,2024-09-19,2024-10-01,2024-10-02,10477.80,10477.80,Conciliado,Pagamento,CT-007,FN-004,Ref. NF-8743,Ted,0.00,,,,,,,,
TRX-01231,2025-03-27,2025-04-06,2025-04-06,39708.09,39708.09,Conciliado,Recebimento,CT-006,FN-010,Ref. NF-5699,Ted,0.00,,,,,,,,
TRX-00228,2024-08-10,2024-08-21,2024-08-23,42620.23,42620.23,Conciliado,Pagamento,CT-005,FN-005,Ref. NF-2223,Pix,0.00,,,,,,,,
TRX-01894,2024-05-25,2024-05-26,2024-05-28,43383.25,43383.25,Conciliado,Pagamento,CT-008,FN-006,Ref. NF-1639,Débito,0.00,,,,,,,,
TRX-02091,2024-06-18,2024-06-24,2024-06-24,17585.51,17585.51,Conciliado,Pagamento,CT-007,FN-008,Ref. NF-2502,Débito,0.00,,,,,,,,
TRX-02809,2024-03-07,2024-03-08,2024-03-11,3628.94,3628.94,Conciliado,Pagamento,CT-002,FN-003,Ref. NF-1647,Boleto,0.00,,,,,,,,
TRX-00232,2024-03-03,2024-03-04,2024-03-04,41271.83,41271.83,Conciliado,Pagamento,CT-003,FN-004,Ref. NF-2228,Pix,0.00,,,,,,,,
TRX-01061,2024-04-26,2024-04-30,2024-04-30,22037.82,22037.82,Conciliado,Estorno,CT-008,FN-007,Ref. NF-6296,Débito,0.00,,,,,,,,
TRX-01593,2024-12-01,2024-12-09,2024-12-12,10607.60,10607.60,Conciliado,Pagamento,CT-002,FN-002,Ref. NF-9120,Pix,0.00,,,,,,,,
TRX-00317,2025-03-15,2025-03-29,2025-03-29,36810.46,36810.46,Conciliado,Estorno,CT-004,FN-005,Ref. NF-4485,Pix,0.00,,,,,,,,
TRX-01470,2024-10-19,2024-10-23,2024-10-26,26833.02,26833.02,Conciliado,Estorno,CT-007,FN-008,Ref. NF-9037,Boleto,0.00,,,,,,,,
TRX-00221,2024-09-12,2024-09-26,2024-09-27,38779.78,38779.78,Conciliado,Pagamento,CT-003,FN-005,Ref. NF-1201,Pix,0.00,,,,,,,,
TRX-00484,2024-07-09,2024-07-17,2024-07-20,46061.48,46061.48,Conciliado,Pagamento,CT-005,FN-002,Ref. NF-9948,Débito,0.00,,,,,,,,
TRX-00595,2024-07-30,2024-08-08,,27163.14,,Pendente,Recebimento,CT-002,FN-002,Ref. NF-6783,Débito,27163.14,296,,181 a 360 dias,,Muito Crítico,,6,
TRX-02580,2024-04-10,2024-04-20,2024-04-23,39715.82,39715.82,Conciliado,Pagamento,CT-003,FN-007,Ref. NF-7366,Ted,0.00,,,,,,,,
TRX-00823,2024-05-27,2024-05-29,2024-05-29,46624.55,46624.55,Conciliado,Estorno,CT-004,FN-009,Ref. NF-5309,Débito,0.00,,,,,,,,
TRX-01614,2024-09-28,2024-10-04,2024-10-05,34596.95,34596.95,Conciliado,Pagamento,CT-008,FN-005,Ref. NF-4641,Débito,0.00,,,,,,,,
TRX-00253,2025-02-13,2025-02-23,2025-02-24,47478.54,47478.54,Conciliado,Pagamento,CT-008,FN-003,Ref. NF-8133,Pix,0.00,,,,,,,,
TRX-00068,2025-01-16,2025-01-24,2025-01-25,48258.81,46926.22,Divergente,Recebimento,CT-003,FN-008,Ref. NF-8486,Boleto,1332.59,,126,,121 a 180 dias,,Crítico,,5
TRX-00892,2024-12-27,2025-01-08,2025-01-08,41786.19,41786.19,Conciliado,Pagamento,CT-002,FN-007,Ref. NF-5546,Pix,0.00,,,,,,,,
TRX-02730,2024-01-03,2024-01-04,2024-01-05,43194.87,43194.87,Conciliado,Pagamento,CT-008,FN-009,Ref. NF-6577,Débito,0.00,,,,,,,,
TRX-01611,2024-07-30,2024-08-06,2024-08-08,47200.76,47200.76,Conciliado,Recebimento,CT-006,FN-007,Ref. NF-3429,Pix,0.00,,,,,,,,
TRX-01380,2025-03-02,2025-03-13,2025-03-14,36800.09,36800.09,Conciliado,Pagamento,CT-001,FN-004,Ref. NF-5570,Pix,0.00,,,,,,,,
TRX-02479,2024-02-28,2024-03-12,2024-03-12,33076.22,33076.22,Conciliado,Pagamento,CT-007,FN-009,Ref. NF-2765,Ted,0.00,,,,,,,,
TRX-00261,2024-05-03,2024-05-09,2024-05-10,48045.76,48045.76,Conciliado,Estorno,CT-008,FN-003,Ref. NF-2480,Débito,0.00,,,,,,,,
TRX-01305,2024-04-13,2024-04-14,,32447.64,,Pendente,Pagamento,CT-004,FN-007,Ref. NF-8540,Ted,32447.64,412,,+360 dias,,Máximo,,7,
TRX-02389,2024-02-14,2024-02-17,2024-02-17,6240.74,6240.74,Conciliado,Pagamento,CT-005,FN-003,Ref. NF-9232,Débito,0.00,,,,,,,,
TRX-00157,2024-02-09,2024-02-24,,27064.68,,Pendente,Pagamento,CT-004,FN-010,Ref. NF-4365,Pix,27064.68,462,,+360 dias,,Máximo,,7,
TRX-02377,2024-10-21,2024-10-30,2024-10-31,25190.55,25190.55,Conciliado,Pagamento,CT-004,FN-009,Ref. NF-1873,Pix,0.00,,,,,,,,
TRX-00914,2024-04-11,2024-04-20,2024-04-20,14444.84,14444.84,Conciliado,Recebimento,CT-001,FN-008,Ref. NF-5134,Débito,0.00,,,,,,,,
TRX-01048,2025-03-13,2025-03-26,2025-03-28,47173.86,47173.86,Conciliado,Recebimento,CT-006,FN-003,Ref. NF-2389,Boleto,0.00,,,,,,,,
TRX-01222,2024-03-21,2024-03-27,2024-03-28,20462.32,20462.32,Conciliado,Pagamento,CT-001,FN-003,Ref. NF-1381,Boleto,0.00,,,,,,,,
TRX-00012,2024-05-02,2024-05-03,2024-05-05,36729.43,34612.53,Divergente,Estorno,CT-002,FN-002,Ref. NF-9645,Ted,2116.90,,391,,+360 dias,,Máximo,,7
TRX-01368,2024-05-06,2024-05-20,,2143.41,,Pendente,Pagamento,CT-006,FN-004,Ref. NF-9934,Pix,2143.41,376,,+360 dias,,Máximo,,7,
TRX-01808,2024-03-27,2024-04-08,2024-04-09,40170.82,40170.82,Conciliado,Pagamento,CT-003,FN-001,Ref. NF-1287,Ted,0.00,,,,,,,,
TRX-00722,2024-02-21,2024-03-04,2024-03-04,5436.63,5436.63,Conciliado,Pagamento,CT-001,FN-010,Ref. NF-5385,Débito,0.00,,,,,,,,
TRX-01618,2024-02-15,2024-02-27,2024-02-27,36882.90,36882.90,Conciliado,Pagamento,CT-003,FN-010,Ref. NF-5333,Pix,0.00,,,,,,,,
TRX-02907,2024-12-04,2024-12-14,2024-12-14,28453.49,28453.49,Conciliado,Pagamento,CT-003,FN-006,Ref. NF-3285,Ted,0.00,,,,,,,,
TRX-00440,2024-05-26,2024-06-03,2024-06-03,12976.52,12976.52,Conciliado,Pagamento,CT-002,FN-005,Ref. NF-3476,Pix,0.00,,,,,,,,
TRX-00969,2024-01-24,2024-01-27,2024-01-27,26171.79,26171.79,Conciliado,Pagamento,CT-001,FN-003,Ref. NF-5801,Ted,0.00,,,,,,,,
TRX-01659,2024-09-03,2024-09-05,2024-09-05,32736.82,32736.82,Conciliado,Pagamento,CT-008,FN-006,Ref. NF-5825,Pix,0.00,,,,,,,,
TRX-00839,2024-01-30,2024-02-09,,22301.76,,Pendente,Pagamento,CT-006,FN-002,Ref. NF-3084,Pix,22301.76,477,,+360 dias,,Máximo,,7,
TRX-02489,2024-03-04,2024-03-11,2024-03-11,37427.57,37427.57,Conciliado,Recebimento,CT-003,FN-008,Ref. NF-9146,Boleto,0.00,,,,,,,,
TRX-02497,2025-02-19,2025-02-23,,48633.99,,Pendente,Pagamento,CT-008,FN-008,Ref. NF-5923,Boleto,48633.99,97,,91 a 120 dias,,Alto,,4,
TRX-01067,2024-12-30,2025-01-02,2025-01-05,11555.00,11555.00,Conciliado,Pagamento,CT-008,FN-004,Ref. NF-6243,Boleto,0.00,,,,,,,,
TRX-00362,2024-02-11,2024-02-25,2024-02-28,4033.54,4033.54,Conciliado,Pagamento,CT-005,FN-007,Ref. NF-5078,Pix,0.00,,,,,,,,
TRX-01552,2024-09-27,2024-10-11,2024-10-12,5090.93,5090.93,Conciliado,Pagamento,CT-005,FN-010,Ref. NF-6842,Pix,0.00,,,,,,,,
TRX-02669,2024-06-05,2024-06-08,2024-06-08,3784.00,3784.00,Conciliado,Pagamento,CT-007,FN-006,Ref. NF-2810,Pix,0.00,,,,,,,,
TRX-00295,2025-03-16,2025-03-22,2025-03-23,31396.30,31396.30,Conciliado,Pagamento,CT-004,FN-004,Ref. NF-3913,Débito,0.00,,,,,,,,
TRX-01701,2024-07-02,2024-07-16,2024-07-16,19235.77,19235.77,Conciliado,Estorno,CT-006,FN-004,Ref. NF-4241,Ted,0.00,,,,,,,,
TRX-01098,2024-01-17,2024-01-25,2024-01-25,35181.26,35181.26,Conciliado,Pagamento,CT-001,FN-005,Ref. NF-6751,Boleto,0.00,,,,,,,,
TRX-01582,2025-02-07,2025-02-09,2025-02-09,15600.81,15600.81,Conciliado,Pagamento,CT-001,FN-004,Ref. NF-8698,Boleto,0.00,,,,,,,,
TRX-01890,2024-08-21,2024-08-24,2024-08-27,20552.13,20552.13,Conciliado,Recebimento,CT-003,FN-006,Ref. NF-5817,Boleto,0.00,,,,,,,,
TRX-02656,2024-09-10,2024-09-18,2024-09-19,14486.36,14486.36,Conciliado,Pagamento,CT-005,FN-010,Ref. NF-9266,Boleto,0.00,,,,,,,,
TRX-02439,2024-11-03,2024-11-18,2024-11-20,22006.54,22006.54,Conciliado,Pagamento,CT-003,FN-008,Ref. NF-9513,Ted,0.00,,,,,,,,
TRX-00918,2024-06-21,2024-07-06,2024-07-06,9604.55,9604.55,Conciliado,Recebimento,CT-007,FN-001,Ref. NF-2907,Ted,0.00,,,,,,,,
TRX-02141,2024-10-20,2024-11-02,2024-11-04,27378.30,27378.30,Conciliado,Estorno,CT-001,FN-008,Ref. NF-3557,Ted,0.00,,,,,,,,
TRX-00721,2024-11-27,2024-12-02,2024-12-02,40966.21,40966.21,Conciliado,Pagamento,CT-003,FN-003,Ref. NF-7594,Pix,0.00,,,,,,,,
TRX-02045,2024-06-05,2024-06-08,,34573.10,,Pendente,Pagamento,CT-005,FN-002,Ref. NF-2004,Pix,34573.10,357,,181 a 360 dias,,Muito Crítico,,6,
TRX-00227,2024-07-30,2024-08-11,,5231.06,,Pendente,Recebimento,CT-002,FN-010,Ref. NF-2020,Boleto,5231.06,293,,181 a 360 dias,,Muito Crítico,,6,
TRX-00384,2024-05-06,2024-05-10,2024-05-13,34394.53,34394.53,Conciliado,Pagamento,CT-007,FN-006,Ref. NF-6644,Pix,0.00,,,,,,,,
TRX-02749,2024-09-24,2024-10-02,2024-10-04,18096.22,18096.22,Conciliado,Pagamento,CT-003,FN-005,Ref. NF-5144,Boleto,0.00,,,,,,,,
TRX-02589,2025-04-05,2025-04-12,2025-04-13,33745.10,33745.10,Conciliado,Pagamento,CT-003,FN-008,Ref. NF-1025,Boleto,0.00,,,,,,,,
TRX-00044,2024-08-26,2024-09-07,2024-09-09,30558.75,30558.75,Conciliado,Pagamento,CT-003,FN-010,Ref. NF-6111,Ted,0.00,,,,,,,,
TRX-01312,2024-03-12,2024-03-27,2024-03-28,7931.34,7931.34,Conciliado,Pagamento,CT-006,FN-003,Ref. NF-6733,Boleto,0.00,,,,,,,,
TRX-02620,2025-01-30,2025-01-31,2025-01-31,35002.90,35002.90,Conciliado,Estorno,CT-004,FN-001,Ref. NF-2833,Pix,0.00,,,,,,,,
TRX-02006,2024-11-27,2024-12-02,2024-12-03,45809.90,45809.90,Conciliado,Recebimento,CT-006,FN-004,Ref. NF-8924,Ted,0.00,,,,,,,,
TRX-01556,2024-06-29,2024-07-12,2024-07-12,977.31,977.31,Conciliado,Recebimento,CT-008,FN-004,Ref. NF-6009,Pix,0.00,,,,,,,,
TRX-01825,2024-12-19,2024-12-27,,37116.89,,Pendente,Recebimento,CT-008,FN-004,Ref. NF-4572,Pix,37116.89,155,,121 a 180 dias,,Crítico,,5,
TRX-02624,2024-05-28,2024-06-09,2024-06-10,28743.98,28743.98,Conciliado,Pagamento,CT-008,FN-004,Ref. NF-9367,Boleto,0.00,,,,,,,,
TRX-01335,2024-03-23,2024-04-05,2024-04-07,25900.69,25900.69,Conciliado,Recebimento,CT-006,FN-009,Ref. NF-3827,Pix,0.00,,,,,,,,
TRX-01485,2025-03-15,2025-03-28,2025-03-31,2624.08,2624.08,Conciliado,Pagamento,CT-004,FN-001,Ref. NF-4660,Pix,0.00,,,,,,,,
TRX-00592,2024-05-19,2024-05-29,2024-05-29,29465.38,29465.38,Conciliado,Recebimento,CT-006,FN-004,Ref. NF-3014,Ted,0.00,,,,,,,,
TRX-01523,2025-04-24,2025-04-28,2025-04-28,27426.61,27426.61,Conciliado,Estorno,CT-006,FN-004,Ref. NF-5002,Pix,0.00,,,,,,,,
TRX-02347,2024-12-11,2024-12-17,2024-12-18,1827.05,1827.05,Conciliado,Pagamento,CT-005,FN-006,Ref. NF-6199,Débito,0.00,,,,,,,,
TRX-01585,2024-01-21,2024-02-05,2024-02-08,44774.71,44774.71,Conciliado,Pagamento,CT-003,FN-004,Ref. NF-5579,Ted,0.00,,,,,,,,
TRX-00808,2024-03-10,2024-03-14,2024-03-14,40378.03,40378.03,Conciliado,Pagamento,CT-005,FN-001,Ref. NF-9516,Pix,0.00,,,,,,,,
TRX-01427,2024-03-24,2024-03-25,2024-03-27,15080.00,14216.64,Divergente,Pagamento,CT-004,FN-010,Ref. NF-5545,Pix,863.36,,430,,+360 dias,,Máximo,,7
TRX-02713,2024-02-04,2024-02-10,2024-02-11,48494.80,48494.80,Conciliado,Recebimento,CT-004,FN-002,Ref. NF-1496,Boleto,0.00,,,,,,,,
TRX-00894,2025-02-26,2025-03-11,2025-03-14,9042.97,9042.97,Conciliado,Pagamento,CT-005,FN-002,Ref. NF-1052,Débito,0.00,,,,,,,,
TRX-00207,2025-02-26,2025-03-02,2025-03-04,17218.88,17218.88,Conciliado,Pagamento,CT-006,FN-005,Ref. NF-1752,Débito,0.00,,,,,,,,
TRX-01004,2024-08-26,2024-08-31,2024-09-05,29757.61,27162.32,Divergente,Recebimento,CT-008,FN-008,Ref. NF-8809,Pix,2595.29,,268,,181 a 360 dias,,Muito Crítico,,6
TRX-02050,2024-02-17,2024-02-28,,43073.86,,Pendente,Estorno,CT-003,FN-007,Ref. NF-4270,Pix,43073.86,458,,+360 dias,,Máximo,,7,
TRX-01734,2024-01-06,2024-01-13,2024-01-15,47457.07,47457.07,Conciliado,Recebimento,CT-002,FN-008,Ref. NF-3528,Boleto,0.00,,,,,,,,
TRX-01598,2024-08-28,2024-09-04,2024-09-06,1693.27,1693.27,Conciliado,Recebimento,CT-005,FN-009,Ref. NF-7263,Pix,0.00,,,,,,,,
TRX-01509,2024-12-16,2024-12-22,2024-12-23,39507.13,39507.13,Conciliado,Estorno,CT-006,FN-004,Ref. NF-4427,Pix,0.00,,,,,,,,
TRX-02823,2024-03-28,2024-04-10,2024-04-12,44401.26,44401.26,Conciliado,Estorno,CT-007,FN-003,Ref. NF-2920,Débito,0.00,,,,,,,,
TRX-02775,2024-08-26,2024-09-01,2024-09-04,40972.48,40972.48,Conciliado,Pagamento,CT-006,FN-002,Ref. NF-6881,Débito,0.00,,,,,,,,
TRX-00698,2024-05-28,2024-06-02,2024-06-02,610.60,610.60,Conciliado,Pagamento,CT-005,FN-004,Ref. NF-8999,Débito,0.00,,,,,,,,
TRX-00491,2024-07-31,2024-08-03,2024-08-05,9707.32,9707.32,Conciliado,Recebimento,CT-003,FN-004,Ref. NF-8593,Débito,0.00,,,,,,,,
TRX-01882,2024-04-14,2024-04-29,2024-04-30,49819.76,49819.76,Conciliado,Pagamento,CT-005,FN-001,Ref. NF-2446,Pix,0.00,,,,,,,,
TRX-00370,2024-12-03,2024-12-12,2024-12-12,8129.51,8129.51,Conciliado,Pagamento,CT-008,FN-009,Ref. NF-1717,Boleto,0.00,,,,,,,,
TRX-00621,2024-11-26,2024-11-28,,25883.15,,Pendente,Pagamento,CT-005,FN-009,Ref. NF-2168,Boleto,25883.15,184,,181 a 360 dias,,Muito Crítico,,6,
TRX-01944,2024-02-16,2024-03-02,2024-03-03,20537.52,20537.52,Conciliado,Pagamento,CT-008,FN-002,Ref. NF-2530,Pix,0.00,,,,,,,,
TRX-01119,2025-04-20,2025-04-28,2025-05-01,28588.96,28588.96,Conciliado,Estorno,CT-005,FN-009,Ref. NF-7338,Débito,0.00,,,,,,,,
TRX-02038,2024-12-14,2024-12-24,2024-12-25,42605.26,42605.26,Conciliado,Pagamento,CT-003,FN-008,Ref. NF-6603,Débito,0.00,,,,,,,,
TRX-02475,2025-04-28,2025-05-12,2025-05-15,25053.32,25053.32,Conciliado,Recebimento,CT-002,FN-008,Ref. NF-7544,Ted,0.00,,,,,,,,
TRX-01689,2025-02-09,2025-02-12,2025-02-15,28701.71,28701.71,Conciliado,Pagamento,CT-002,FN-005,Ref. NF-8264,Ted,0.00,,,,,,,,
TRX-01610,2025-01-23,2025-02-02,2025-02-04,31978.14,31978.14,Conciliado,Pagamento,CT-001,FN-004,Ref. NF-5550,Ted,0.00,,,,,,,,
TRX-01616,2025-04-25,2025-04-27,,1386.00,,Pendente,Pagamento,CT-006,FN-010,Ref. NF-1996,Pix,1386.00,34,,31 a 60 dias,,Atenção,,2,
TRX-01083,2024-08-15,2024-08-22,2024-08-22,11157.78,11157.78,Conciliado,Pagamento,CT-001,FN-006,Ref. NF-5873,Pix,0.00,,,,,,,,
TRX-01972,2024-01-05,2024-01-19,2024-01-24,22669.30,21124.03,Divergente,Recebimento,CT-004,FN-010,Ref. NF-7917,Boleto,1545.27,,493,,+360 dias,,Máximo,,7
TRX-00145,2024-06-24,2024-07-03,2024-07-05,47888.20,47888.20,Conciliado,Pagamento,CT-008,FN-004,Ref. NF-9011,Boleto,0.00,,,,,,,,
TRX-02443,2024-11-16,2024-12-01,,22274.46,,Pendente,Pagamento,CT-008,FN-004,Ref. NF-2862,Pix,22274.46,181,,181 a 360 dias,,Muito Crítico,,6,
TRX-00251,2024-10-15,2024-10-16,2024-10-16,40504.92,40504.92,Conciliado,Pagamento,CT-002,FN-006,Ref. NF-7858,Pix,0.00,,,,,,,,
TRX-00350,2024-10-22,2024-11-01,2024-11-01,16591.97,16591.97,Conciliado,Pagamento,CT-005,FN-006,Ref. NF-3373,Débito,0.00,,,,,,,,
TRX-01692,2024-05-05,2024-05-11,2024-05-12,8435.94,8435.94,Conciliado,Estorno,CT-003,FN-003,Ref. NF-1766,Ted,0.00,,,,,,,,
TRX-00123,2024-12-19,2024-12-27,2024-12-27,30935.15,30935.15,Conciliado,Recebimento,CT-001,FN-006,Ref. NF-9406,Boleto,0.00,,,,,,,,
TRX-02998,2024-11-02,2024-11-04,2024-11-07,7857.45,7857.45,Conciliado,Recebimento,CT-001,FN-010,Ref. NF-6799,Pix,0.00,,,,,,,,
TRX-02695,2024-01-31,2024-02-09,2024-02-11,9557.13,9557.13,Conciliado,Pagamento,CT-005,FN-001,Ref. NF-9375,Pix,0.00,,,,,,,,
TRX-02572,2024-09-16,2024-09-25,2024-09-25,18743.41,18743.41,Conciliado,Pagamento,CT-002,FN-001,Ref. NF-4352,Boleto,0.00,,,,,,,,
TRX-02579,2024-07-15,2024-07-29,,5046.65,,Pendente,Estorno,CT-006,FN-004,Ref. NF-3362,Ted,5046.65,306,,181 a 360 dias,,Muito Crítico,,6,
TRX-00308,2025-01-17,2025-01-28,2025-01-28,2375.37,2375.37,Conciliado,Pagamento,CT-008,FN-006,Ref. NF-5237,Pix,0.00,,,,,,,,
TRX-01956,2024-02-25,2024-03-03,2024-03-03,38708.10,38708.10,Conciliado,Estorno,CT-007,FN-006,Ref. NF-7187,Boleto,0.00,,,,,,,,
TRX-02956,2024-06-10,2024-06-13,,17246.00,,Pendente,Estorno,CT-002,FN-004,Ref. NF-9440,Ted,17246.00,352,,181 a 360 dias,,Muito Crítico,,6,
TRX-00005,2025-01-30,2025-02-04,2025-02-06,14259.69,14259.69,Conciliado,Pagamento,CT-002,FN-007,Ref. NF-2169,Pix,0.00,,,,,,,,
TRX-01052,2024-06-13,2024-06-24,2024-06-26,35557.76,35557.76,Conciliado,Pagamento,CT-008,FN-004,Ref. NF-2003,Débito,0.00,,,,,,,,
TRX-00378,2025-04-15,2025-04-24,2025-04-25,2367.95,2367.95,Conciliado,Estorno,CT-003,FN-002,Ref. NF-2505,Débito,0.00,,,,,,,,
TRX-02455,2024-03-28,2024-04-09,2024-04-12,28431.87,28431.87,Conciliado,Pagamento,CT-008,FN-005,Ref. NF-3029,Ted,0.00,,,,,,,,
TRX-01793,2024-08-11,2024-08-23,2024-08-25,48622.37,48622.37,Conciliado,Pagamento,CT-004,FN-010,Ref. NF-3647,Pix,0.00,,,,,,,,
TRX-02418,2024-11-27,2024-12-05,2024-12-06,29207.94,29207.94,Conciliado,Pagamento,CT-005,FN-008,Ref. NF-7705,Ted,0.00,,,,,,,,
TRX-01227,2024-01-25,2024-02-04,2024-02-04,24882.76,24882.76,Conciliado,Pagamento,CT-002,FN-004,Ref. NF-2258,Ted,0.00,,,,,,,,
TRX-00038,2024-04-30,2024-05-05,2024-05-05,7966.12,7966.12,Conciliado,Pagamento,CT-002,FN-003,Ref. NF-8633,Boleto,0.00,,,,,,,,
TRX-00286,2024-09-22,2024-10-01,2024-10-01,17614.60,17614.60,Conciliado,Recebimento,CT-004,FN-008,Ref. NF-9283,Pix,0.00,,,,,,,,
TRX-00848,2025-04-18,2025-04-27,2025-04-30,13383.81,13383.81,Conciliado,Recebimento,CT-003,FN-010,Ref. NF-9096,Ted,0.00,,,,,,,,
TRX-02842,2025-04-09,2025-04-24,2025-04-26,42340.40,42340.40,Conciliado,Pagamento,CT-008,FN-006,Ref. NF-3240,Boleto,0.00,,,,,,,,
TRX-01322,2024-08-24,2024-09-05,2024-09-09,40743.36,36344.43,Divergente,Pagamento,CT-002,FN-001,Ref. NF-4220,Ted,4398.93,,264,,181 a 360 dias,,Muito Crítico,,6
TRX-02898,2024-06-26,2024-07-03,2024-07-06,29653.19,29653.19,Conciliado,Recebimento,CT-005,FN-004,Ref. NF-4997,Boleto,0.00,,,,,,,,
TRX-02180,2024-05-09,2024-05-14,2024-05-15,41808.66,41808.66,Conciliado,Pagamento,CT-007,FN-001,Ref. NF-6632,Boleto,0.00,,,,,,,,
TRX-01372,2024-05-03,2024-05-14,2024-05-17,25868.37,25868.37,Conciliado,Pagamento,CT-008,FN-009,Ref. NF-3539,Pix,0.00,,,,,,,,
TRX-01590,2024-04-20,2024-04-21,2024-04-21,20268.14,20268.14,Conciliado,Pagamento,CT-003,FN-009,Ref. NF-4873,Débito,0.00,,,,,,,,
TRX-02942,2025-01-26,2025-01-28,2025-01-29,13145.65,13145.65,Conciliado,Recebimento,CT-006,FN-006,Ref. NF-3912,Ted,0.00,,,,,,,,
TRX-01027,2025-01-28,2025-02-01,2025-02-05,17396.70,15275.88,Divergente,Pagamento,CT-001,FN-003,Ref. NF-3508,Boleto,2120.82,,115,,91 a 120 dias,,Alto,,4
TRX-00872,2024-08-05,2024-08-14,2024-08-17,10532.00,10532.00,Conciliado,Pagamento,CT-005,FN-008,Ref. NF-7657,Pix,0.00,,,,,,,,
TRX-01820,2024-09-15,2024-09-20,2024-09-23,10665.47,10665.47,Conciliado,Estorno,CT-008,FN-007,Ref. NF-7539,Débito,0.00,,,,,,,,
TRX-02039,2024-02-24,2024-03-03,2024-03-06,28103.75,28103.75,Conciliado,Pagamento,CT-003,FN-006,Ref. NF-2741,Ted,0.00,,,,,,,,
TRX-01983,2024-04-02,2024-04-05,2024-04-06,10935.62,10935.62,Conciliado,Pagamento,CT-007,FN-010,Ref. NF-9167,Ted,0.00,,,,,,,,
TRX-01833,2024-07-20,2024-07-29,2024-07-31,41578.39,41578.39,Conciliado,Pagamento,CT-003,FN-010,Ref. NF-4715,Ted,0.00,,,,,,,,
TRX-01529,2024-09-27,2024-10-05,2024-10-07,24903.91,24903.91,Conciliado,Pagamento,CT-007,FN-008,Ref. NF-9818,Boleto,0.00,,,,,,,,
TRX-01898,2024-02-22,2024-03-03,2024-03-03,4321.46,4321.46,Conciliado,Pagamento,CT-004,FN-005,Ref. NF-8692,Ted,0.00,,,,,,,,
TRX-02829,2025-04-14,2025-04-25,2025-04-26,40731.97,40731.97,Conciliado,Pagamento,CT-006,FN-008,Ref. NF-9243,Ted,0.00,,,,,,,,
TRX-00951,2024-08-18,2024-08-23,2024-08-25,780.79,780.79,Conciliado,Estorno,CT-007,FN-007,Ref. NF-8485,Boleto,0.00,,,,,,,,
TRX-01342,2024-10-23,2024-11-05,2024-11-08,27562.24,25490.86,Divergente,Recebimento,CT-005,FN-009,Ref. NF-1673,Ted,2071.38,,204,,181 a 360 dias,,Muito Crítico,,6
TRX-00963,2025-01-29,2025-02-12,2025-02-12,38763.10,38763.10,Conciliado,Estorno,CT-003,FN-004,Ref. NF-2134,Boleto,0.00,,,,,,,,
TRX-00843,2024-08-28,2024-09-02,2024-09-03,14898.20,14898.20,Conciliado,Pagamento,CT-006,FN-001,Ref. NF-9326,Pix,0.00,,,,,,,,
TRX-01049,2025-02-16,2025-02-27,2025-02-28,40632.38,40632.38,Conciliado,Estorno,CT-002,FN-001,Ref. NF-4882,Boleto,0.00,,,,,,,,
TRX-00890,2025-04-16,2025-04-17,2025-04-17,20215.55,20215.55,Conciliado,Pagamento,CT-005,FN-008,Ref. NF-8713,Ted,0.00,,,,,,,,
TRX-00738,2024-03-25,2024-03-26,2024-03-26,5865.84,5865.84,Conciliado,Recebimento,CT-004,FN-005,Ref. NF-2744,Boleto,0.00,,,,,,,,
TRX-00262,2024-05-25,2024-05-26,2024-05-27,39101.59,39101.59,Conciliado,Pagamento,CT-003,FN-010,Ref. NF-1328,Boleto,0.00,,,,,,,,
TRX-01360,2024-02-17,2024-02-23,2024-02-26,802.90,802.90,Conciliado,Pagamento,CT-007,FN-001,Ref. NF-8883,Débito,0.00,,,,,,,,
TRX-00637,2025-02-24,2025-03-01,2025-03-02,5475.50,5475.50,Conciliado,Pagamento,CT-001,FN-010,Ref. NF-5476,Pix,0.00,,,,,,,,
TRX-02720,2024-11-16,2024-11-25,2024-11-27,35183.06,35183.06,Conciliado,Recebimento,CT-006,FN-009,Ref. NF-6550,Boleto,0.00,,,,,,,,
TRX-02402,2025-01-15,2025-01-20,2025-01-20,31200.20,31200.20,Conciliado,Pagamento,CT-002,FN-004,Ref. NF-9509,Boleto,0.00,,,,,,,,
TRX-00510,2024-11-14,2024-11-24,2024-11-26,10495.62,10495.62,Conciliado,Pagamento,CT-008,FN-008,Ref. NF-1289,Pix,0.00,,,,,,,,
TRX-01871,2024-03-08,2024-03-10,2024-03-12,38526.58,38526.58,Conciliado,Recebimento,CT-004,FN-010,Ref. NF-3694,Ted,0.00,,,,,,,,
TRX-02750,2024-06-26,2024-07-04,,46904.24,,Pendente,Pagamento,CT-006,FN-002,Ref. NF-8475,Débito,46904.24,331,,181 a 360 dias,,Muito Crítico,,6,
TRX-01415,2025-03-17,2025-03-21,,23194.58,,Pendente,Pagamento,CT-007,FN-008,Ref. NF-4571,Pix,23194.58,71,,61 a 90 dias,,Elevado,,3,
TRX-00184,2024-10-19,2024-10-28,2024-10-31,13811.49,13811.49,Conciliado,Recebimento,CT-003,FN-003,Ref. NF-2260,Pix,0.00,,,,,,,,
TRX-00813,2024-08-27,2024-09-11,2024-09-14,18208.51,18208.51,Conciliado,Pagamento,CT-001,FN-003,Ref. NF-3480,Débito,0.00,,,,,,,,
TRX-02115,2025-01-10,2025-01-15,2025-01-18,7754.69,7754.69,Conciliado,Estorno,CT-008,FN-006,Ref. NF-6402,Boleto,0.00,,,,,,,,
TRX-01219,2025-01-13,2025-01-14,2025-01-18,47448.04,45101.52,Divergente,Pagamento,CT-003,FN-009,Ref. NF-7548,Ted,2346.52,,133,,121 a 180 dias,,Crítico,,5
TRX-02537,2024-08-19,2024-08-30,2024-09-02,46264.00,46264.00,Conciliado,Pagamento,CT-004,FN-005,Ref. NF-5057,Boleto,0.00,,,,,,,,
TRX-00527,2025-04-23,2025-04-30,2025-04-30,11098.38,11098.38,Conciliado,Pagamento,CT-002,FN-003,Ref. NF-2850,Ted,0.00,,,,,,,,
TRX-01432,2024-04-24,2024-04-27,,4938.11,,Pendente,Pagamento,CT-003,FN-010,Ref. NF-5891,Pix,4938.11,399,,+360 dias,,Máximo,,7,
TRX-01735,2024-10-28,2024-11-12,,37699.03,,Pendente,Pagamento,CT-004,FN-006,Ref. NF-8602,Débito,37699.03,200,,181 a 360 dias,,Muito Crítico,,6,
TRX-02879,2024-11-24,2024-12-06,2024-12-08,19883.85,19883.85,Conciliado,Recebimento,CT-008,FN-006,Ref. NF-5881,Boleto,0.00,,,,,,,,
TRX-02414,2024-01-17,2024-01-26,,40274.65,,Pendente,Pagamento,CT-004,FN-007,Ref. NF-9645,Pix,40274.65,491,,+360 dias,,Máximo,,7,
TRX-01201,2025-02-11,2025-02-18,2025-02-20,29352.52,29352.52,Conciliado,Pagamento,CT-002,FN-009,Ref. NF-3691,Boleto,0.00,,,,,,,,
TRX-02626,2025-01-06,2025-01-14,2025-01-16,4171.12,4171.12,Conciliado,Recebimento,CT-005,FN-004,Ref. NF-2253,Pix,0.00,,,,,,,,
TRX-02670,2024-04-12,2024-04-14,2024-04-17,48022.12,48022.12,Conciliado,Pagamento,CT-006,FN-006,Ref. NF-3095,Ted,0.00,,,,,,,,
TRX-00715,2024-04-15,2024-04-18,,34987.73,,Pendente,Pagamento,CT-004,FN-010,Ref. NF-9602,Pix,34987.73,408,,+360 dias,,Máximo,,7,
TRX-00642,2024-02-03,2024-02-14,2024-02-17,3832.90,3832.90,Conciliado,Estorno,CT-006,FN-001,Ref. NF-9784,Ted,0.00,,,,,,,,
TRX-01118,2024-10-02,2024-10-08,2024-10-08,6659.25,6659.25,Conciliado,Pagamento,CT-002,FN-005,Ref. NF-5174,Pix,0.00,,,,,,,,
TRX-00752,2024-03-25,2024-03-29,2024-04-01,27007.56,26407.01,Divergente,Recebimento,CT-008,FN-008,Ref. NF-4253,Boleto,600.55,,425,,+360 dias,,Máximo,,7
TRX-01982,2024-06-23,2024-07-04,2024-07-07,24923.68,24923.68,Conciliado,Pagamento,CT-007,FN-001,Ref. NF-3445,Pix,0.00,,,,,,,,
TRX-02109,2025-01-24,2025-02-05,2025-02-05,28225.91,28225.91,Conciliado,Estorno,CT-006,FN-004,Ref. NF-5253,Ted,0.00,,,,,,,,
TRX-02779,2024-07-22,2024-07-29,2024-08-01,7624.13,7624.13,Conciliado,Pagamento,CT-002,FN-005,Ref. NF-8973,Pix,0.00,,,,,,,,
TRX-02586,2024-06-30,2024-07-04,2024-07-08,3541.86,3134.58,Divergente,Pagamento,CT-003,FN-001,Ref. NF-3249,Ted,407.28,,327,,181 a 360 dias,,Muito Crítico,,6
TRX-01087,2024-10-22,2024-11-06,2024-11-08,36084.11,36084.11,Conciliado,Pagamento,CT-005,FN-005,Ref. NF-8339,Pix,0.00,,,,,,,,
TRX-02888,2024-03-18,2024-03-23,2024-03-24,18099.23,18099.23,Conciliado,Estorno,CT-002,FN-009,Ref. NF-1065,Ted,0.00,,,,,,,,
TRX-00033,2024-05-26,2024-05-30,2024-05-31,22368.41,22368.41,Conciliado,Estorno,CT-006,FN-008,Ref. NF-6491,Boleto,0.00,,,,,,,,
TRX-02095,2025-03-10,2025-03-11,2025-03-14,9895.56,9895.56,Conciliado,Pagamento,CT-004,FN-001,Ref. NF-2635,Pix,0.00,,,,,,,,
TRX-00058,2024-08-05,2024-08-07,2024-08-09,41418.24,41418.24,Conciliado,Pagamento,CT-003,FN-005,Ref. NF-5982,Débito,0.00,,,,,,,,
TRX-02744,2024-06-17,2024-07-02,2024-07-05,18505.96,18505.96,Conciliado,Pagamento,CT-002,FN-008,Ref. NF-9212,Boleto,0.00,,,,,,,,
TRX-00403,2024-12-20,2024-12-31,2025-01-03,35458.22,35458.22,Conciliado,Pagamento,CT-002,FN-002,Ref. NF-3619,Pix,0.00,,,,,,,,
TRX-02773,2024-10-09,2024-10-16,2024-10-18,33074.47,33074.47,Conciliado,Recebimento,CT-003,FN-009,Ref. NF-4548,Pix,0.00,,,,,,,,
TRX-01629,2024-07-26,2024-08-02,2024-08-04,40919.65,40919.65,Conciliado,Pagamento,CT-006,FN-002,Ref. NF-5570,Ted,0.00,,,,,,,,
TRX-02315,2024-01-07,2024-01-11,2024-01-12,47719.80,47719.80,Conciliado,Recebimento,CT-006,FN-003,Ref. NF-3264,Ted,0.00,,,,,,,,
TRX-00176,2024-07-26,2024-08-03,2024-08-06,32859.92,32859.92,Conciliado,Pagamento,CT-005,FN-002,Ref. NF-1919,Ted,0.00,,,,,,,,
TRX-02387,2024-02-15,2024-02-18,2024-02-19,20628.50,18123.22,Divergente,Pagamento,CT-006,FN-005,Ref. NF-4821,Ted,2505.28,,467,,+360 dias,,Máximo,,7
TRX-01038,2024-11-24,2024-12-01,2024-12-03,23694.70,23694.70,Conciliado,Pagamento,CT-007,FN-006,Ref. NF-9693,Ted,0.00,,,,,,,,
TRX-00442,2024-10-31,2024-11-15,2024-11-17,12278.40,12278.40,Conciliado,Recebimento,CT-007,FN-007,Ref. NF-2900,Pix,0.00,,,,,,,,
TRX-01394,2024-08-02,2024-08-04,2024-08-04,24332.78,24332.78,Conciliado,Estorno,CT-006,FN-001,Ref. NF-1016,Boleto,0.00,,,,,,,,
TRX-02401,2024-08-27,2024-09-02,2024-09-03,7535.96,7535.96,Conciliado,Estorno,CT-008,FN-003,Ref. NF-6532,Pix,0.00,,,,,,,,
TRX-01325,2025-03-31,2025-04-07,,29464.79,,Pendente,Pagamento,CT-002,FN-006,Ref. NF-1310,Boleto,29464.79,54,,31 a 60 dias,,Atenção,,2,
TRX-02001,2024-08-05,2024-08-15,2024-08-16,1498.79,1365.42,Divergente,Pagamento,CT-007,FN-004,Ref. NF-6498,Ted,133.37,,288,,181 a 360 dias,,Muito Crítico,,6
TRX-01319,2024-05-08,2024-05-16,2024-05-16,21992.15,21992.15,Conciliado,Pagamento,CT-005,FN-008,Ref. NF-7759,Pix,0.00,,,,,,,,
TRX-02804,2024-03-28,2024-03-29,2024-03-29,10831.43,10831.43,Conciliado,Pagamento,CT-008,FN-006,Ref. NF-9550,Ted,0.00,,,,,,,,
TRX-01310,2025-01-24,2025-02-01,2025-02-01,15033.81,15033.81,Conciliado,Pagamento,CT-004,FN-001,Ref. NF-5939,Ted,0.00,,,,,,,,
TRX-00747,2024-12-24,2025-01-07,2025-01-08,14887.70,14887.70,Conciliado,Pagamento,CT-003,FN-002,Ref. NF-2531,Débito,0.00,,,,,,,,
TRX-01619,2025-04-29,2025-05-08,2025-05-11,22043.70,19915.53,Divergente,Pagamento,CT-008,FN-007,Ref. NF-3911,Boleto,2128.17,,20,,0 a 30 dias,,Normal,,1
TRX-00237,2024-11-01,2024-11-05,2024-11-06,26706.90,23627.59,Divergente,Pagamento,CT-001,FN-008,Ref. NF-1916,Pix,3079.31,,206,,181 a 360 dias,,Muito Crítico,,6
TRX-02442,2024-12-15,2024-12-17,2024-12-18,14406.07,14406.07,Conciliado,Estorno,CT-004,FN-009,Ref. NF-9969,Débito,0.00,,,,,,,,
TRX-01705,2024-10-04,2024-10-17,2024-10-18,44856.82,44856.82,Conciliado,Pagamento,CT-007,FN-005,Ref. NF-2100,Débito,0.00,,,,,,,,
TRX-01671,2024-05-12,2024-05-21,2024-05-22,44988.24,44988.24,Conciliado,Estorno,CT-004,FN-003,Ref. NF-6857,Pix,0.00,,,,,,,,
TRX-02067,2024-09-21,2024-10-02,2024-10-04,43042.84,43042.84,Conciliado,Estorno,CT-004,FN-007,Ref. NF-2385,Ted,0.00,,,,,,,,
TRX-02986,2024-10-28,2024-11-04,2024-11-04,7948.22,7948.22,Conciliado,Pagamento,CT-007,FN-010,Ref. NF-6666,Pix,0.00,,,,,,,,
TRX-01047,2025-01-11,2025-01-21,2025-01-23,45274.47,45274.47,Conciliado,Pagamento,CT-007,FN-004,Ref. NF-9398,Pix,0.00,,,,,,,,
TRX-02893,2024-12-28,2025-01-12,2025-01-14,37368.31,37368.31,Conciliado,Pagamento,CT-006,FN-007,Ref. NF-4084,Pix,0.00,,,,,,,,
TRX-00124,2025-02-14,2025-02-26,2025-02-28,34065.40,34065.40,Conciliado,Pagamento,CT-003,FN-010,Ref. NF-1530,Pix,0.00,,,,,,,,
TRX-00096,2024-06-25,2024-07-02,2024-07-02,33523.06,33523.06,Conciliado,Pagamento,CT-008,FN-009,Ref. NF-4460,Pix,0.00,,,,,,,,
TRX-00506,2025-03-13,2025-03-20,2025-03-23,9375.22,9375.22,Conciliado,Pagamento,CT-008,FN-006,Ref. NF-2392,Ted,0.00,,,,,,,,
TRX-02772,2025-04-05,2025-04-06,2025-04-09,25966.71,25966.71,Conciliado,Pagamento,CT-003,FN-006,Ref. NF-7056,Boleto,0.00,,,,,,,,
TRX-02254,2025-04-21,2025-04-26,2025-04-29,14884.36,14884.36,Conciliado,Pagamento,CT-005,FN-008,Ref. NF-9500,Pix,0.00,,,,,,,,
TRX-00181,2024-02-13,2024-02-26,,13764.62,,Pendente,Pagamento,CT-002,FN-002,Ref. NF-6188,Ted,13764.62,460,,+360 dias,,Máximo,,7,
TRX-00084,2024-10-27,2024-10-31,2024-11-02,640.36,640.36,Conciliado,Pagamento,CT-003,FN-010,Ref. NF-1422,Ted,0.00,,,,,,,,
TRX-02752,2024-12-29,2025-01-13,2025-01-16,23466.78,23466.78,Conciliado,Recebimento,CT-005,FN-002,Ref. NF-2816,Débito,0.00,,,,,,,,
TRX-00630,2024-07-18,2024-08-02,2024-08-04,21893.93,21893.93,Conciliado,Pagamento,CT-004,FN-005,Ref. NF-8519,Ted,0.00,,,,,,,,
TRX-02588,2025-03-26,2025-04-09,2025-04-10,4835.74,4835.74,Conciliado,Pagamento,CT-001,FN-009,Ref. NF-8795,Débito,0.00,,,,,,,,
TRX-02569,2024-04-14,2024-04-20,2024-04-22,3171.44,3171.44,Conciliado,Recebimento,CT-007,FN-009,Ref. NF-2501,Débito,0.00,,,,,,,,
TRX-02270,2024-01-25,2024-02-05,2024-02-10,26777.36,25957.37,Divergente,Estorno,CT-003,FN-004,Ref. NF-4572,Débito,819.99,,476,,+360 dias,,Máximo,,7
TRX-01961,2024-12-08,2024-12-13,2024-12-14,45966.44,45966.44,Conciliado,Pagamento,CT-008,FN-009,Ref. NF-4062,Débito,0.00,,,,,,,,
TRX-00352,2024-05-18,2024-06-02,2024-06-04,8782.25,8782.25,Conciliado,Pagamento,CT-008,FN-007,Ref. NF-2311,Débito,0.00,,,,,,,,
TRX-02336,2024-11-21,2024-11-23,2024-11-28,44065.81,41680.07,Divergente,Recebimento,CT-004,FN-002,Ref. NF-5424,Pix,2385.74,,184,,181 a 360 dias,,Muito Crítico,,6
TRX-01904,2024-06-11,2024-06-14,2024-06-14,21203.61,21203.61,Conciliado,Recebimento,CT-002,FN-004,Ref. NF-1335,Débito,0.00,,,,,,,,
TRX-02022,2024-07-31,2024-08-13,2024-08-16,18041.58,18041.58,Conciliado,Recebimento,CT-004,FN-010,Ref. NF-7099,Pix,0.00,,,,,,,,
TRX-02549,2024-10-09,2024-10-18,2024-10-20,10395.20,10395.20,Conciliado,Estorno,CT-004,FN-001,Ref. NF-6607,Boleto,0.00,,,,,,,,
TRX-02305,2024-03-07,2024-03-18,2024-03-18,34499.53,34499.53,Conciliado,Estorno,CT-004,FN-001,Ref. NF-8850,Débito,0.00,,,,,,,,
TRX-01197,2024-07-01,2024-07-09,2024-07-09,11765.10,11765.10,Conciliado,Estorno,CT-006,FN-008,Ref. NF-7729,Ted,0.00,,,,,,,,
TRX-01447,2024-11-29,2024-12-08,2024-12-09,40920.61,40920.61,Conciliado,Pagamento,CT-003,FN-007,Ref. NF-7760,Ted,0.00,,,,,,,,
TRX-01553,2025-01-30,2025-02-02,2025-02-04,41746.71,41746.71,Conciliado,Recebimento,CT-005,FN-002,Ref. NF-8527,Ted,0.00,,,,,,,,
TRX-02390,2024-02-12,2024-02-16,2024-02-16,43035.23,43035.23,Conciliado,Pagamento,CT-005,FN-010,Ref. NF-2150,Pix,0.00,,,,,,,,
TRX-02070,2025-01-17,2025-01-24,2025-01-27,10958.60,10958.60,Conciliado,Pagamento,CT-005,FN-005,Ref. NF-4811,Ted,0.00,,,,,,,,
TRX-00806,2024-01-28,2024-02-10,2024-02-10,23408.99,23408.99,Conciliado,Pagamento,CT-007,FN-001,Ref. NF-2753,Boleto,0.00,,,,,,,,
TRX-01643,2024-09-14,2024-09-16,2024-09-16,45687.30,45687.30,Conciliado,Pagamento,CT-001,FN-005,Ref. NF-3414,Ted,0.00,,,,,,,,
TRX-00564,2024-03-30,2024-04-13,2024-04-16,21815.71,21815.71,Conciliado,Pagamento,CT-002,FN-006,Ref. NF-6820,Débito,0.00,,,,,,,,
TRX-01731,2025-03-06,2025-03-21,2025-03-22,17937.77,17937.77,Conciliado,Estorno,CT-003,FN-002,Ref. NF-7554,Débito,0.00,,,,,,,,
TRX-02339,2024-04-25,2024-04-29,2024-05-02,30056.58,30056.58,Conciliado,Estorno,CT-006,FN-008,Ref. NF-2103,Boleto,0.00,,,,,,,,
TRX-01997,2024-05-29,2024-06-04,2024-06-05,40010.22,40010.22,Conciliado,Pagamento,CT-007,FN-001,Ref. NF-5987,Pix,0.00,,,,,,,,
TRX-02025,2024-02-06,2024-02-19,2024-02-20,9118.73,9118.73,Conciliado,Recebimento,CT-002,FN-005,Ref. NF-9714,Débito,0.00,,,,,,,,
TRX-00876,2024-05-09,2024-05-16,2024-05-18,16411.43,16411.43,Conciliado,Pagamento,CT-003,FN-001,Ref. NF-9007,Ted,0.00,,,,,,,,
TRX-01887,2025-04-02,2025-04-04,2025-04-09,24584.66,22765.21,Divergente,Pagamento,CT-006,FN-005,Ref. NF-9613,Pix,1819.45,,52,,31 a 60 dias,,Atenção,,2
TRX-01151,2024-08-11,2024-08-18,2024-08-19,48928.75,48928.75,Conciliado,Pagamento,CT-007,FN-008,Ref. NF-7493,Boleto,0.00,,,,,,,,
TRX-02535,2024-05-06,2024-05-13,2024-05-13,40665.41,40665.41,Conciliado,Pagamento,CT-001,FN-005,Ref. NF-2431,Boleto,0.00,,,,,,,,
TRX-00358,2024-11-01,2024-11-05,2024-11-08,20880.93,20880.93,Conciliado,Estorno,CT-006,FN-004,Ref. NF-2297,Pix,0.00,,,,,,,,
TRX-02894,2024-07-15,2024-07-28,2024-07-30,8134.60,8134.60,Conciliado,Pagamento,CT-005,FN-002,Ref. NF-9700,Pix,0.00,,,,,,,,
TRX-02582,2024-05-16,2024-05-23,2024-05-25,45214.14,45214.14,Conciliado,Recebimento,CT-003,FN-003,Ref. NF-2053,Débito,0.00,,,,,,,,
TRX-01361,2024-12-30,2025-01-07,2025-01-08,9058.01,8879.91,Divergente,Pagamento,CT-004,FN-002,Ref. NF-7693,Débito,178.10,,143,,121 a 180 dias,,Crítico,,5
TRX-02591,2024-10-24,2024-11-07,2024-11-10,42438.61,42438.61,Conciliado,Pagamento,CT-001,FN-006,Ref. NF-5750,Boleto,0.00,,,,,,,,
TRX-00941,2025-03-06,2025-03-18,2025-03-18,33380.08,33380.08,Conciliado,Pagamento,CT-004,FN-006,Ref. NF-9810,Débito,0.00,,,,,,,,
TRX-00709,2024-01-21,2024-01-22,2024-01-24,23866.88,23866.88,Conciliado,Pagamento,CT-004,FN-005,Ref. NF-5986,Pix,0.00,,,,,,,,
TRX-01795,2024-01-30,2024-02-05,2024-02-06,26346.75,26346.75,Conciliado,Pagamento,CT-002,FN-007,Ref. NF-7063,Débito,0.00,,,,,,,,
TRX-01374,2024-01-19,2024-02-01,2024-02-02,9163.96,9163.96,Conciliado,Estorno,CT-007,FN-005,Ref. NF-4857,Pix,0.00,,,,,,,,
TRX-02295,2024-07-27,2024-08-01,2024-08-03,26028.35,26028.35,Conciliado,Estorno,CT-007,FN-003,Ref. NF-7683,Pix,0.00,,,,,,,,
TRX-00471,2024-05-06,2024-05-12,,47339.49,,Pendente,Estorno,CT-004,FN-010,Ref. NF-1656,Boleto,47339.49,384,,+360 dias,,Máximo,,7,
TRX-00265,2024-06-01,2024-06-12,,49423.87,,Pendente,Recebimento,CT-002,FN-006,Ref. NF-5895,Pix,49423.87,353,,181 a 360 dias,,Muito Crítico,,6,
TRX-00554,2025-03-24,2025-04-05,2025-04-07,31378.61,27484.91,Divergente,Pagamento,CT-008,FN-008,Ref. NF-2742,Ted,3893.70,,54,,31 a 60 dias,,Atenção,,2
TRX-02400,2024-04-20,2024-04-25,2024-04-26,44532.84,44532.84,Conciliado,Pagamento,CT-007,FN-006,Ref. NF-4987,Ted,0.00,,,,,,,,
TRX-01344,2024-02-15,2024-02-20,2024-02-21,44854.96,44854.96,Conciliado,Pagamento,CT-002,FN-010,Ref. NF-7674,Pix,0.00,,,,,,,,
TRX-02611,2024-07-29,2024-07-30,,28275.09,,Pendente,Recebimento,CT-002,FN-002,Ref. NF-4609,Pix,28275.09,305,,181 a 360 dias,,Muito Crítico,,6,
TRX-01191,2024-09-25,2024-09-30,2024-10-03,7464.54,7464.54,Conciliado,Recebimento,CT-002,FN-005,Ref. NF-8445,Ted,0.00,,,,,,,,
TRX-02533,2024-10-13,2024-10-25,2024-10-26,43985.50,43985.50,Conciliado,Estorno,CT-007,FN-006,Ref. NF-5581,Ted,0.00,,,,,,,,
TRX-01334,2024-08-15,2024-08-16,2024-08-19,2011.52,2011.52,Conciliado,Estorno,CT-005,FN-009,Ref. NF-3264,Débito,0.00,,,,,,,,
TRX-02352,2025-03-13,2025-03-26,2025-03-28,36577.77,36577.77,Conciliado,Recebimento,CT-005,FN-010,Ref. NF-8465,Ted,0.00,,,,,,,,
TRX-00921,2024-11-02,2024-11-15,2024-11-18,1394.61,1394.61,Conciliado,Pagamento,CT-004,FN-004,Ref. NF-6386,Boleto,0.00,,,,,,,,
TRX-00322,2024-11-30,2024-12-07,2024-12-09,12953.53,12953.53,Conciliado,Estorno,CT-002,FN-009,Ref. NF-8898,Boleto,0.00,,,,,,,,
TRX-01697,2024-04-01,2024-04-09,2024-04-10,47575.59,47575.59,Conciliado,Recebimento,CT-006,FN-008,Ref. NF-3950,Débito,0.00,,,,,,,,
TRX-00882,2024-10-02,2024-10-10,2024-10-11,23700.36,23700.36,Conciliado,Pagamento,CT-001,FN-010,Ref. NF-4156,Boleto,0.00,,,,,,,,
TRX-01780,2024-11-29,2024-12-02,2024-12-02,1573.71,1573.71,Conciliado,Pagamento,CT-004,FN-003,Ref. NF-3870,Pix,0.00,,,,,,,,
TRX-02117,2024-07-16,2024-07-27,2024-07-30,38150.34,38150.34,Conciliado,Recebimento,CT-008,FN-006,Ref. NF-5394,Pix,0.00,,,,,,,,
TRX-02333,2024-08-10,2024-08-12,2024-08-13,27514.92,27514.92,Conciliado,Estorno,CT-008,FN-003,Ref. NF-7570,Pix,0.00,,,,,,,,
TRX-02130,2024-12-05,2024-12-15,2024-12-18,22001.47,22001.47,Conciliado,Pagamento,CT-008,FN-008,Ref. NF-5314,Débito,0.00,,,,,,,,
TRX-00280,2024-10-07,2024-10-15,2024-10-17,635.53,624.68,Divergente,Recebimento,CT-006,FN-004,Ref. NF-2659,Ted,10.85,,226,,181 a 360 dias,,Muito Crítico,,6
TRX-02722,2024-03-06,2024-03-14,2024-03-15,5667.01,5667.01,Conciliado,Estorno,CT-007,FN-006,Ref. NF-4702,Pix,0.00,,,,,,,,
TRX-02152,2024-02-21,2024-03-04,2024-03-07,15394.96,15394.96,Conciliado,Recebimento,CT-007,FN-009,Ref. NF-3204,Ted,0.00,,,,,,,,
TRX-01853,2025-03-05,2025-03-06,2025-03-06,43254.38,43254.38,Conciliado,Estorno,CT-001,FN-003,Ref. NF-4214,Boleto,0.00,,,,,,,,
TRX-02642,2024-05-25,2024-06-08,2024-06-08,783.22,783.22,Conciliado,Recebimento,CT-006,FN-003,Ref. NF-1703,Pix,0.00,,,,,,,,
TRX-01824,2025-04-16,2025-04-17,2025-04-18,24796.08,24796.08,Conciliado,Pagamento,CT-001,FN-007,Ref. NF-6805,Ted,0.00,,,,,,,,
TRX-01686,2025-02-07,2025-02-10,2025-02-12,24371.62,24371.62,Conciliado,Estorno,CT-005,FN-007,Ref. NF-6224,Pix,0.00,,,,,,,,
TRX-01188,2024-12-16,2024-12-23,2024-12-23,28941.45,28941.45,Conciliado,Pagamento,CT-005,FN-002,Ref. NF-8324,Pix,0.00,,,,,,,,
TRX-02426,2025-02-13,2025-02-18,2025-02-20,48001.16,48001.16,Conciliado,Pagamento,CT-008,FN-004,Ref. NF-9143,Pix,0.00,,,,,,,,
TRX-01943,2024-02-22,2024-03-08,,14450.70,,Pendente,Estorno,CT-006,FN-007,Ref. NF-1591,Boleto,14450.70,449,,+360 dias,,Máximo,,7,
TRX-02644,2024-03-16,2024-03-24,2024-03-24,33272.68,33272.68,Conciliado,Estorno,CT-002,FN-004,Ref. NF-5474,Pix,0.00,,,,,,,,
TRX-02725,2024-09-29,2024-10-05,2024-10-07,3202.77,3161.03,Divergente,Pagamento,CT-002,FN-002,Ref. NF-8333,Débito,41.74,,236,,181 a 360 dias,,Muito Crítico,,6
TRX-01720,2025-03-28,2025-04-08,,19290.88,,Pendente,Estorno,CT-001,FN-002,Ref. NF-3325,Débito,19290.88,53,,31 a 60 dias,,Atenção,,2,
TRX-00333,2025-03-13,2025-03-27,,5463.79,,Pendente,Pagamento,CT-008,FN-003,Ref. NF-1852,Pix,5463.79,65,,61 a 90 dias,,Elevado,,3,
TRX-01669,2024-08-10,2024-08-15,2024-08-15,37800.10,37800.10,Conciliado,Recebimento,CT-008,FN-006,Ref. NF-3814,Pix,0.00,,,,,,,,
TRX-01272,2024-03-17,2024-03-31,2024-04-03,41933.73,41933.73,Conciliado,Estorno,CT-008,FN-003,Ref. NF-9718,Boleto,0.00,,,,,,,,
TRX-01300,2024-03-23,2024-04-05,2024-04-05,28766.66,28766.66,Conciliado,Pagamento,CT-004,FN-001,Ref. NF-8189,Boleto,0.00,,,,,,,,
TRX-00616,2024-11-02,2024-11-09,2024-11-11,15062.05,15062.05,Conciliado,Pagamento,CT-004,FN-009,Ref. NF-9011,Ted,0.00,,,,,,,,
TRX-00224,2025-03-19,2025-03-24,2025-03-25,23108.94,23108.94,Conciliado,Pagamento,CT-002,FN-009,Ref. NF-9083,Ted,0.00,,,,,,,,
TRX-00394,2025-04-10,2025-04-13,2025-04-15,3856.80,3856.80,Conciliado,Pagamento,CT-003,FN-006,Ref. NF-1483,Boleto,0.00,,,,,,,,
TRX-02643,2024-03-18,2024-03-19,2024-03-23,31104.40,28023.76,Divergente,Pagamento,CT-005,FN-007,Ref. NF-9887,Débito,3080.64,,434,,+360 dias,,Máximo,,7
TRX-00536,2024-03-17,2024-03-19,2024-03-23,36069.88,31257.86,Divergente,Pagamento,CT-002,FN-001,Ref. NF-5361,Boleto,4812.02,,434,,+360 dias,,Máximo,,7
TRX-00989,2024-05-03,2024-05-17,2024-05-19,32083.97,32083.97,Conciliado,Recebimento,CT-007,FN-001,Ref. NF-6387,Débito,0.00,,,,,,,,
TRX-02968,2024-05-10,2024-05-19,2024-05-21,736.51,736.51,Conciliado,Pagamento,CT-005,FN-001,Ref. NF-3015,Pix,0.00,,,,,,,,
TRX-02831,2025-04-16,2025-04-21,2025-04-24,36950.88,36950.88,Conciliado,Pagamento,CT-007,FN-007,Ref. NF-7770,Boleto,0.00,,,,,,,,
TRX-00728,2024-05-18,2024-06-02,2024-06-05,39548.38,34434.35,Divergente,Pagamento,CT-005,FN-002,Ref. NF-8838,Débito,5114.03,,360,,181 a 360 dias,,Muito Crítico,,6
TRX-02416,2025-03-24,2025-04-05,2025-04-08,47755.44,47755.44,Conciliado,Pagamento,CT-003,FN-010,Ref. NF-2385,Pix,0.00,,,,,,,,
TRX-01002,2025-02-15,2025-02-28,2025-02-28,45052.62,45052.62,Conciliado,Recebimento,CT-006,FN-006,Ref. NF-5045,Ted,0.00,,,,,,,,
TRX-02361,2024-04-06,2024-04-20,2024-04-23,10880.49,10880.49,Conciliado,Pagamento,CT-003,FN-002,Ref. NF-7473,Pix,0.00,,,,,,,,
TRX-01571,2025-01-02,2025-01-04,2025-01-07,44026.32,44026.32,Conciliado,Pagamento,CT-006,FN-001,Ref. NF-9698,Pix,0.00,,,,,,,,
TRX-00230,2024-08-25,2024-08-30,2024-08-31,41406.14,41406.14,Conciliado,Pagamento,CT-003,FN-005,Ref. NF-6828,Pix,0.00,,,,,,,,
TRX-01945,2024-02-24,2024-03-01,2024-03-04,48899.42,48899.42,Conciliado,Recebimento,CT-007,FN-009,Ref. NF-9541,Débito,0.00,,,,,,,,
TRX-01832,2025-03-20,2025-03-22,2025-03-23,22923.80,22923.80,Conciliado,Estorno,CT-008,FN-006,Ref. NF-9340,Boleto,0.00,,,,,,,,
TRX-01275,2024-05-17,2024-05-22,2024-05-24,29882.95,29882.95,Conciliado,Estorno,CT-007,FN-008,Ref. NF-3180,Pix,0.00,,,,,,,,
TRX-02434,2024-08-29,2024-09-05,2024-09-07,25736.64,25736.64,Conciliado,Pagamento,CT-002,FN-010,Ref. NF-1057,Boleto,0.00,,,,,,,,
TRX-02061,2024-10-26,2024-10-27,2024-10-29,4499.28,4499.28,Conciliado,Pagamento,CT-008,FN-002,Ref. NF-8340,Pix,0.00,,,,,,,,
TRX-02718,2025-02-19,2025-03-01,2025-03-02,23282.08,23282.08,Conciliado,Recebimento,CT-006,FN-002,Ref. NF-9614,Débito,0.00,,,,,,,,
TRX-01510,2024-03-22,2024-04-06,2024-04-07,9656.83,9656.83,Conciliado,Recebimento,CT-004,FN-005,Ref. NF-1287,Boleto,0.00,,,,,,,,
TRX-02921,2024-04-13,2024-04-25,2024-04-27,15382.34,15382.34,Conciliado,Pagamento,CT-003,FN-004,Ref. NF-6190,Ted,0.00,,,,,,,,
TRX-02296,2024-11-11,2024-11-21,2024-11-22,16829.86,16829.86,Conciliado,Pagamento,CT-004,FN-002,Ref. NF-1786,Boleto,0.00,,,,,,,,
TRX-02408,2024-03-01,2024-03-03,2024-03-06,43933.81,43933.81,Conciliado,Recebimento,CT-001,FN-004,Ref. NF-6453,Ted,0.00,,,,,,,,
TRX-02564,2024-10-07,2024-10-21,,44871.22,,Pendente,Estorno,CT-007,FN-008,Ref. NF-3172,Ted,44871.22,222,,181 a 360 dias,,Muito Crítico,,6,
TRX-01357,2025-01-29,2025-02-05,2025-02-05,20126.27,20126.27,Conciliado,Pagamento,CT-001,FN-002,Ref. NF-7971,Boleto,0.00,,,,,,,,
TRX-01893,2024-07-27,2024-07-30,2024-07-31,17883.13,17883.13,Conciliado,Estorno,CT-002,FN-002,Ref. NF-3539,Ted,0.00,,,,,,,,
TRX-01169,2024-12-04,2024-12-13,2024-12-13,28257.36,28257.36,Conciliado,Pagamento,CT-004,FN-007,Ref. NF-5023,Ted,0.00,,,,,,,,
TRX-02733,2024-03-05,2024-03-15,2024-03-18,13714.90,13714.90,Conciliado,Pagamento,CT-007,FN-009,Ref. NF-9164,Débito,0.00,,,,,,,,
TRX-00065,2024-08-21,2024-08-30,,25657.92,,Pendente,Recebimento,CT-004,FN-010,Ref. NF-7798,Pix,25657.92,274,,181 a 360 dias,,Muito Crítico,,6,
TRX-00723,2024-03-14,2024-03-25,2024-03-26,36938.51,36938.51,Conciliado,Pagamento,CT-002,FN-009,Ref. NF-8279,Pix,0.00,,,,,,,,
TRX-01220,2024-05-17,2024-05-21,2024-05-23,31144.20,31144.20,Conciliado,Pagamento,CT-003,FN-007,Ref. NF-4976,Pix,0.00,,,,,,,,
TRX-02071,2024-02-23,2024-03-03,2024-03-03,18853.80,18853.80,Conciliado,Pagamento,CT-004,FN-004,Ref. NF-3032,Pix,0.00,,,,,,,,
TRX-02221,2024-03-02,2024-03-14,2024-03-16,33028.09,33028.09,Conciliado,Pagamento,CT-002,FN-009,Ref. NF-1012,Boleto,0.00,,,,,,,,
TRX-02004,2024-07-24,2024-07-29,2024-07-30,9197.36,9197.36,Conciliado,Pagamento,CT-003,FN-009,Ref. NF-8234,Boleto,0.00,,,,,,,,
TRX-02189,2025-04-25,2025-04-26,2025-04-26,36296.35,36296.35,Conciliado,Pagamento,CT-001,FN-002,Ref. NF-3252,Pix,0.00,,,,,,,,
TRX-01623,2024-03-19,2024-04-02,2024-04-05,44026.39,44026.39,Conciliado,Pagamento,CT-002,FN-010,Ref. NF-5807,Pix,0.00,,,,,,,,
TRX-02386,2025-02-25,2025-03-06,2025-03-06,24170.66,24170.66,Conciliado,Pagamento,CT-003,FN-006,Ref. NF-5143,Pix,0.00,,,,,,,,
TRX-02886,2024-12-07,2024-12-19,2024-12-21,37112.15,37112.15,Conciliado,Pagamento,CT-003,FN-005,Ref. NF-6608,Pix,0.00,,,,,,,,
TRX-02176,2025-04-17,2025-05-01,2025-05-04,7044.73,7044.73,Conciliado,Pagamento,CT-004,FN-009,Ref. NF-8193,Boleto,0.00,,,,,,,,
TRX-00777,2024-09-12,2024-09-13,2024-09-13,22912.86,22912.86,Conciliado,Recebimento,CT-002,FN-002,Ref. NF-1076,Ted,0.00,,,,,,,,
TRX-01551,2024-03-12,2024-03-24,2024-03-27,48886.17,48886.17,Conciliado,Pagamento,CT-007,FN-002,Ref. NF-1855,Boleto,0.00,,,,,,,,
TRX-00931,2024-05-05,2024-05-16,2024-05-17,25260.64,25260.64,Conciliado,Pagamento,CT-003,FN-008,Ref. NF-2144,Débito,0.00,,,,,,,,
TRX-00143,2024-09-25,2024-10-06,2024-10-08,28842.23,28842.23,Conciliado,Pagamento,CT-004,FN-001,Ref. NF-4340,Boleto,0.00,,,,,,,,
TRX-01770,2025-02-19,2025-02-26,,22658.42,,Pendente,Pagamento,CT-007,FN-001,Ref. NF-7653,Pix,22658.42,94,,91 a 120 dias,,Alto,,4,
TRX-01266,2024-12-11,2024-12-14,2024-12-16,38975.69,38975.69,Conciliado,Recebimento,CT-006,FN-001,Ref. NF-2193,Pix,0.00,,,,,,,,
TRX-02156,2024-04-04,2024-04-06,2024-04-08,27507.21,27507.21,Conciliado,Pagamento,CT-001,FN-005,Ref. NF-4643,Débito,0.00,,,,,,,,
TRX-02923,2024-12-12,2024-12-24,2024-12-27,5950.03,5950.03,Conciliado,Recebimento,CT-002,FN-007,Ref. NF-5111,Pix,0.00,,,,,,,,
TRX-00409,2025-01-23,2025-01-30,2025-02-02,7160.02,7160.02,Conciliado,Pagamento,CT-005,FN-008,Ref. NF-1953,Débito,0.00,,,,,,,,
TRX-00382,2024-08-16,2024-08-29,2024-09-01,14844.26,14844.26,Conciliado,Pagamento,CT-004,FN-007,Ref. NF-7540,Débito,0.00,,,,,,,,
TRX-00765,2024-04-05,2024-04-09,,42102.61,,Pendente,Pagamento,CT-004,FN-009,Ref. NF-1847,Ted,42102.61,417,,+360 dias,,Máximo,,7,
TRX-02959,2024-05-19,2024-05-31,2024-06-05,2328.58,2299.73,Divergente,Pagamento,CT-008,FN-008,Ref. NF-6079,Débito,28.85,,360,,181 a 360 dias,,Muito Crítico,,6
TRX-02153,2024-03-25,2024-03-26,2024-03-26,12525.24,12525.24,Conciliado,Pagamento,CT-004,FN-004,Ref. NF-4392,Pix,0.00,,,,,,,,
TRX-02135,2024-06-07,2024-06-09,2024-06-10,23645.85,23645.85,Conciliado,Estorno,CT-006,FN-006,Ref. NF-6726,Boleto,0.00,,,,,,,,
TRX-02697,2024-10-26,2024-11-06,2024-11-08,39523.95,35147.46,Divergente,Pagamento,CT-006,FN-005,Ref. NF-8904,Débito,4376.49,,204,,181 a 360 dias,,Muito Crítico,,6
TRX-00437,2025-03-15,2025-03-28,2025-03-28,44550.82,44550.82,Conciliado,Recebimento,CT-002,FN-009,Ref. NF-6119,Ted,0.00,,,,,,,,
TRX-00676,2024-05-24,2024-06-05,2024-06-07,6979.58,6979.58,Conciliado,Estorno,CT-007,FN-002,Ref. NF-3253,Ted,0.00,,,,,,,,
TRX-00197,2024-06-27,2024-07-03,2024-07-03,45974.79,45974.79,Conciliado,Estorno,CT-003,FN-005,Ref. NF-7116,Débito,0.00,,,,,,,,
TRX-01389,2025-02-05,2025-02-07,2025-02-10,5049.15,5049.15,Conciliado,Estorno,CT-003,FN-005,Ref. NF-8823,Pix,0.00,,,,,,,,
TRX-02763,2024-03-06,2024-03-14,2024-03-14,16364.29,16364.29,Conciliado,Recebimento,CT-004,FN-006,Ref. NF-8012,Boleto,0.00,,,,,,,,
TRX-01827,2024-09-21,2024-09-26,2024-09-28,18698.40,18698.40,Conciliado,Pagamento,CT-001,FN-005,Ref. NF-1842,Ted,0.00,,,,,,,,
TRX-01484,2025-03-16,2025-03-24,2025-03-27,45012.27,45012.27,Conciliado,Recebimento,CT-006,FN-005,Ref. NF-3161,Pix,0.00,,,,,,,,
TRX-01034,2024-04-16,2024-04-23,2024-04-26,22472.70,22472.70,Conciliado,Recebimento,CT-008,FN-008,Ref. NF-5030,Boleto,0.00,,,,,,,,
TRX-01869,2024-12-21,2024-12-29,2025-01-01,25106.59,25106.59,Conciliado,Pagamento,CT-004,FN-001,Ref. NF-1066,Pix,0.00,,,,,,,,
TRX-01868,2025-02-07,2025-02-18,2025-02-21,43091.98,43091.98,Conciliado,Recebimento,CT-002,FN-006,Ref. NF-4223,Pix,0.00,,,,,,,,
TRX-00744,2024-10-07,2024-10-21,2024-10-23,16029.08,16029.08,Conciliado,Recebimento,CT-002,FN-008,Ref. NF-8548,Pix,0.00,,,,,,,,
TRX-01848,2024-04-29,2024-05-01,2024-05-03,36695.15,36695.15,Conciliado,Pagamento,CT-005,FN-007,Ref. NF-6858,Ted,0.00,,,,,,,,
TRX-01954,2024-01-05,2024-01-13,2024-01-15,41450.38,41450.38,Conciliado,Pagamento,CT-002,FN-001,Ref. NF-1849,Pix,0.00,,,,,,,,
TRX-02018,2024-08-26,2024-09-07,2024-09-08,21706.33,21706.33,Conciliado,Estorno,CT-005,FN-008,Ref. NF-2633,Débito,0.00,,,,,,,,
TRX-01475,2024-07-21,2024-07-26,2024-07-26,20345.23,20345.23,Conciliado,Estorno,CT-007,FN-008,Ref. NF-6694,Ted,0.00,,,,,,,,
TRX-00525,2025-01-04,2025-01-12,2025-01-15,30279.19,28584.59,Divergente,Pagamento,CT-002,FN-006,Ref. NF-3302,Pix,1694.60,,136,,121 a 180 dias,,Crítico,,5
TRX-01081,2024-06-07,2024-06-08,2024-06-11,25229.84,25229.84,Conciliado,Pagamento,CT-006,FN-004,Ref. NF-9055,Ted,0.00,,,,,,,,
TRX-00549,2024-05-25,2024-06-05,2024-06-08,40154.47,37872.61,Divergente,Pagamento,CT-005,FN-008,Ref. NF-9021,Pix,2281.86,,357,,181 a 360 dias,,Muito Crítico,,6
TRX-00532,2024-02-03,2024-02-09,2024-02-12,34912.90,34912.90,Conciliado,Estorno,CT-006,FN-008,Ref. NF-7564,Boleto,0.00,,,,,,,,
TRX-02523,2024-11-12,2024-11-15,2024-11-19,625.52,599.77,Divergente,Pagamento,CT-001,FN-002,Ref. NF-8541,Pix,25.75,,193,,181 a 360 dias,,Muito Crítico,,6
TRX-00926,2024-08-02,2024-08-17,2024-08-19,33379.61,33379.61,Conciliado,Pagamento,CT-006,FN-002,Ref. NF-4688,Ted,0.00,,,,,,,,
TRX-02423,2024-12-03,2024-12-11,2024-12-14,45956.05,45956.05,Conciliado,Pagamento,CT-004,FN-001,Ref. NF-2356,Débito,0.00,,,,,,,,
TRX-00868,2025-01-27,2025-02-09,2025-02-11,10917.94,9723.80,Divergente,Pagamento,CT-001,FN-009,Ref. NF-7773,Débito,1194.14,,109,,91 a 120 dias,,Alto,,4
TRX-01330,2024-02-22,2024-02-29,2024-03-02,24505.29,24505.29,Conciliado,Pagamento,CT-003,FN-004,Ref. NF-6280,Boleto,0.00,,,,,,,,
TRX-00546,2024-12-12,2024-12-14,2024-12-16,20011.41,17090.59,Divergente,Pagamento,CT-005,FN-002,Ref. NF-8861,Boleto,2920.82,,166,,121 a 180 dias,,Crítico,,5
TRX-00584,2024-11-25,2024-12-04,2024-12-04,26326.81,26326.81,Conciliado,Pagamento,CT-001,FN-010,Ref. NF-1310,Pix,0.00,,,,,,,,
TRX-01158,2024-08-02,2024-08-15,2024-08-15,12413.72,12413.72,Conciliado,Pagamento,CT-006,FN-004,Ref. NF-2764,Ted,0.00,,,,,,,,
TRX-00772,2024-02-22,2024-03-03,2024-03-05,21956.85,21956.85,Conciliado,Pagamento,CT-004,FN-008,Ref. NF-8033,Ted,0.00,,,,,,,,
TRX-00909,2024-09-13,2024-09-27,2024-09-29,32456.07,32456.07,Conciliado,Estorno,CT-007,FN-002,Ref. NF-3947,Pix,0.00,,,,,,,,
TRX-02640,2024-12-26,2025-01-01,2025-01-01,4739.40,4739.40,Conciliado,Pagamento,CT-003,FN-003,Ref. NF-5429,Pix,0.00,,,,,,,,
TRX-01417,2024-04-04,2024-04-14,,39569.20,,Pendente,Pagamento,CT-003,FN-004,Ref. NF-1523,Pix,39569.20,412,,+360 dias,,Máximo,,7,
TRX-02544,2025-04-10,2025-04-25,2025-04-28,22571.77,22571.77,Conciliado,Recebimento,CT-007,FN-009,Ref. NF-7626,Ted,0.00,,,,,,,,
TRX-01949,2024-10-03,2024-10-17,2024-10-17,24501.43,24501.43,Conciliado,Recebimento,CT-007,FN-009,Ref. NF-4350,Ted,0.00,,,,,,,,
TRX-01921,2024-05-05,2024-05-08,2024-05-11,27187.98,27187.98,Conciliado,Pagamento,CT-008,FN-002,Ref. NF-5660,Pix,0.00,,,,,,,,
TRX-01831,2025-01-06,2025-01-20,2025-01-21,21884.32,21884.32,Conciliado,Pagamento,CT-001,FN-002,Ref. NF-4412,Boleto,0.00,,,,,,,,
TRX-02238,2024-03-19,2024-03-28,2024-03-29,26332.51,26332.51,Conciliado,Pagamento,CT-006,FN-002,Ref. NF-7622,Débito,0.00,,,,,,,,
TRX-02924,2024-09-03,2024-09-10,2024-09-13,10851.33,10851.33,Conciliado,Pagamento,CT-008,FN-001,Ref. NF-4037,Pix,0.00,,,,,,,,
TRX-00348,2024-09-30,2024-10-12,2024-10-13,28325.85,28325.85,Conciliado,Recebimento,CT-005,FN-005,Ref. NF-8807,Boleto,0.00,,,,,,,,
TRX-00074,2024-04-11,2024-04-18,2024-04-19,28810.17,28433.11,Divergente,Pagamento,CT-004,FN-007,Ref. NF-1803,Débito,377.06,,407,,+360 dias,,Máximo,,7
TRX-01615,2024-06-25,2024-07-03,2024-07-05,8393.78,8393.78,Conciliado,Pagamento,CT-005,FN-002,Ref. NF-7859,Pix,0.00,,,,,,,,
TRX-00711,2024-02-14,2024-02-29,2024-03-01,29534.79,29534.79,Conciliado,Pagamento,CT-002,FN-001,Ref. NF-2226,Pix,0.00,,,,,,,,
TRX-02285,2024-10-05,2024-10-06,2024-10-08,37284.21,37284.21,Conciliado,Recebimento,CT-004,FN-001,Ref. NF-9376,Boleto,0.00,,,,,,,,
TRX-01919,2024-02-04,2024-02-07,2024-02-07,4783.76,4783.76,Conciliado,Estorno,CT-003,FN-009,Ref. NF-1980,Pix,0.00,,,,,,,,
TRX-01012,2024-03-29,2024-04-02,2024-04-03,5299.81,5299.81,Conciliado,Pagamento,CT-004,FN-006,Ref. NF-3908,Débito,0.00,,,,,,,,
TRX-01026,2025-03-02,2025-03-09,2025-03-09,22079.46,22079.46,Conciliado,Pagamento,CT-002,FN-004,Ref. NF-4096,Pix,0.00,,,,,,,,
TRX-02087,2024-09-03,2024-09-14,2024-09-17,45830.95,45830.95,Conciliado,Pagamento,CT-002,FN-009,Ref. NF-9141,Ted,0.00,,,,,,,,
TRX-00944,2024-08-25,2024-08-27,2024-08-27,10223.08,10223.08,Conciliado,Pagamento,CT-006,FN-002,Ref. NF-8982,Débito,0.00,,,,,,,,
TRX-02259,2024-08-17,2024-08-22,2024-08-24,15500.38,15500.38,Conciliado,Pagamento,CT-004,FN-009,Ref. NF-2784,Ted,0.00,,,,,,,,
TRX-00007,2025-02-16,2025-02-22,2025-02-25,45700.24,45700.24,Conciliado,Pagamento,CT-002,FN-004,Ref. NF-8517,Boleto,0.00,,,,,,,,
TRX-01210,2025-03-11,2025-03-25,2025-03-25,26138.78,26138.78,Conciliado,Pagamento,CT-004,FN-002,Ref. NF-3697,Ted,0.00,,,,,,,,
TRX-00252,2024-10-01,2024-10-12,,15293.18,,Pendente,Estorno,CT-004,FN-008,Ref. NF-9467,Débito,15293.18,231,,181 a 360 dias,,Muito Crítico,,6,
TRX-02712,2024-02-04,2024-02-09,,33490.91,,Pendente,Pagamento,CT-007,FN-010,Ref. NF-9138,Ted,33490.91,477,,+360 dias,,Máximo,,7,
TRX-00326,2025-04-29,2025-05-01,2025-05-02,8943.06,8943.06,Conciliado,Recebimento,CT-008,FN-008,Ref. NF-3747,Ted,0.00,,,,,,,,
TRX-00400,2025-03-25,2025-03-29,2025-03-30,28106.20,28106.20,Conciliado,Estorno,CT-007,FN-001,Ref. NF-5989,Débito,0.00,,,,,,,,
TRX-00212,2024-11-24,2024-12-05,2024-12-06,32676.00,32676.00,Conciliado,Pagamento,CT-001,FN-010,Ref. NF-8248,Pix,0.00,,,,,,,,
TRX-00557,2024-04-17,2024-04-25,2024-04-28,9950.27,9950.27,Conciliado,Pagamento,CT-007,FN-009,Ref. NF-3497,Pix,0.00,,,,,,,,
TRX-02600,2025-04-03,2025-04-11,2025-04-14,35460.05,35460.05,Conciliado,Pagamento,CT-003,FN-002,Ref. NF-9656,Ted,0.00,,,,,,,,
TRX-02646,2024-04-21,2024-04-23,2024-04-25,14846.08,12925.85,Divergente,Recebimento,CT-003,FN-004,Ref. NF-5125,Boleto,1920.23,,401,,+360 dias,,Máximo,,7
TRX-01975,2024-01-13,2024-01-15,2024-01-18,9008.93,9008.93,Conciliado,Pagamento,CT-008,FN-007,Ref. NF-1183,Boleto,0.00,,,,,,,,
TRX-01928,2024-09-18,2024-09-23,2024-09-23,40800.22,40800.22,Conciliado,Pagamento,CT-003,FN-005,Ref. NF-6159,Boleto,0.00,,,,,,,,
TRX-01053,2024-08-14,2024-08-17,,48722.42,,Pendente,Pagamento,CT-002,FN-003,Ref. NF-3031,Débito,48722.42,287,,181 a 360 dias,,Muito Crítico,,6,
TRX-01993,2024-08-03,2024-08-06,2024-08-06,18040.19,18040.19,Conciliado,Estorno,CT-006,FN-002,Ref. NF-4030,Boleto,0.00,,,,,,,,
TRX-02621,2024-10-22,2024-10-24,2024-10-25,18793.27,18793.27,Conciliado,Estorno,CT-004,FN-004,Ref. NF-4551,Boleto,0.00,,,,,,,,
TRX-01729,2024-11-28,2024-12-11,,12493.01,,Pendente,Pagamento,CT-003,FN-005,Ref. NF-6766,Débito,12493.01,171,,121 a 180 dias,,Crítico,,5,
TRX-01739,2024-04-21,2024-04-26,2024-04-29,40670.61,40670.61,Conciliado,Pagamento,CT-004,FN-009,Ref. NF-9849,Pix,0.00,,,,,,,,
TRX-00205,2025-02-28,2025-03-04,2025-03-04,31803.90,31803.90,Conciliado,Recebimento,CT-003,FN-010,Ref. NF-7046,Boleto,0.00,,,,,,,,
TRX-02610,2024-01-04,2024-01-14,2024-01-15,23714.21,23714.21,Conciliado,Recebimento,CT-003,FN-001,Ref. NF-3623,Ted,0.00,,,,,,,,
TRX-02348,2024-03-15,2024-03-23,2024-03-23,34727.99,34727.99,Conciliado,Pagamento,CT-002,FN-002,Ref. NF-7951,Pix,0.00,,,,,,,,
TRX-01920,2024-03-20,2024-03-23,2024-03-27,24183.79,22686.52,Divergente,Pagamento,CT-002,FN-007,Ref. NF-6493,Ted,1497.27,,430,,+360 dias,,Máximo,,7
TRX-01749,2024-02-15,2024-02-23,2024-02-28,13765.23,13269.02,Divergente,Pagamento,CT-006,FN-002,Ref. NF-1023,Ted,496.21,,458,,+360 dias,,Máximo,,7
TRX-02716,2024-09-26,2024-09-29,2024-10-02,30571.03,30571.03,Conciliado,Estorno,CT-001,FN-001,Ref. NF-2986,Boleto,0.00,,,,,,,,
TRX-01767,2024-12-04,2024-12-10,2024-12-13,16291.63,15959.31,Divergente,Pagamento,CT-003,FN-001,Ref. NF-1266,Ted,332.32,,169,,121 a 180 dias,,Crítico,,5
TRX-02166,2024-06-22,2024-07-05,2024-07-07,4531.57,4531.57,Conciliado,Pagamento,CT-008,FN-008,Ref. NF-1933,Débito,0.00,,,,,,,,
TRX-00507,2024-03-02,2024-03-05,2024-03-08,3703.17,3703.17,Conciliado,Recebimento,CT-002,FN-003,Ref. NF-9177,Boleto,0.00,,,,,,,,
TRX-02869,2024-07-16,2024-07-31,2024-08-01,42230.07,42230.07,Conciliado,Pagamento,CT-008,FN-006,Ref. NF-7547,Ted,0.00,,,,,,,,
TRX-00977,2024-01-08,2024-01-11,2024-01-12,16465.35,16465.35,Conciliado,Pagamento,CT-003,FN-007,Ref. NF-7646,Pix,0.00,,,,,,,,
TRX-00763,2024-12-29,2025-01-11,2025-01-12,39321.92,39321.92,Conciliado,Estorno,CT-002,FN-010,Ref. NF-2528,Pix,0.00,,,,,,,,
TRX-00889,2024-07-14,2024-07-20,2024-07-20,18369.07,18369.07,Conciliado,Pagamento,CT-004,FN-008,Ref. NF-9237,Pix,0.00,,,,,,,,
TRX-00126,2024-01-14,2024-01-26,2024-01-28,6329.17,6329.17,Conciliado,Recebimento,CT-007,FN-009,Ref. NF-4279,Pix,0.00,,,,,,,,
TRX-00300,2024-10-09,2024-10-10,2024-10-12,43508.07,43508.07,Conciliado,Pagamento,CT-004,FN-010,Ref. NF-4218,Pix,0.00,,,,,,,,
TRX-02545,2025-03-08,2025-03-19,2025-03-24,13732.74,12981.59,Divergente,Pagamento,CT-001,FN-007,Ref. NF-5405,Boleto,751.15,,68,,61 a 90 dias,,Elevado,,3
TRX-01011,2024-02-18,2024-02-21,,16679.55,,Pendente,Estorno,CT-001,FN-001,Ref. NF-2136,Pix,16679.55,465,,+360 dias,,Máximo,,7,
TRX-02853,2024-01-25,2024-01-29,2024-01-31,40852.49,40852.49,Conciliado,Pagamento,CT-001,FN-009,Ref. NF-8043,Ted,0.00,,,,,,,,
TRX-01155,2025-04-02,2025-04-07,2025-04-08,4576.12,4576.12,Conciliado,Pagamento,CT-001,FN-010,Ref. NF-9034,Boleto,0.00,,,,,,,,
TRX-02632,2024-04-17,2024-04-26,2024-04-28,4913.05,4913.05,Conciliado,Estorno,CT-002,FN-002,Ref. NF-2515,Ted,0.00,,,,,,,,
TRX-00392,2025-04-28,2025-05-07,2025-05-08,44910.18,44910.18,Conciliado,Pagamento,CT-003,FN-006,Ref. NF-7987,Ted,0.00,,,,,,,,
TRX-01137,2024-03-26,2024-04-04,,4134.15,,Pendente,Pagamento,CT-001,FN-004,Ref. NF-7756,Débito,4134.15,422,,+360 dias,,Máximo,,7,
TRX-00875,2024-10-30,2024-11-03,,41984.48,,Pendente,Pagamento,CT-007,FN-010,Ref. NF-9084,Pix,41984.48,209,,181 a 360 dias,,Muito Crítico,,6,
TRX-02732,2024-12-23,2024-12-27,,41147.11,,Pendente,Pagamento,CT-005,FN-002,Ref. NF-4097,Pix,41147.11,155,,121 a 180 dias,,Crítico,,5,
TRX-01495,2024-07-28,2024-08-05,,39274.00,,Pendente,Pagamento,CT-002,FN-007,Ref. NF-3326,Débito,39274.00,299,,181 a 360 dias,,Muito Crítico,,6,
TRX-00915,2024-08-05,2024-08-11,2024-08-11,15015.36,15015.36,Conciliado,Pagamento,CT-005,FN-003,Ref. NF-1599,Ted,0.00,,,,,,,,
TRX-01863,2024-05-16,2024-05-24,2024-05-27,43680.70,43680.70,Conciliado,Pagamento,CT-006,FN-004,Ref. NF-7053,Boleto,0.00,,,,,,,,
TRX-01096,2025-02-21,2025-02-25,2025-02-25,6493.24,6493.24,Conciliado,Pagamento,CT-001,FN-005,Ref. NF-7912,Pix,0.00,,,,,,,,
TRX-01173,2024-09-03,2024-09-14,2024-09-14,17985.39,17985.39,Conciliado,Pagamento,CT-006,FN-002,Ref. NF-2415,Ted,0.00,,,,,,,,
TRX-02341,2024-12-06,2024-12-11,2024-12-16,9193.45,8974.38,Divergente,Pagamento,CT-004,FN-010,Ref. NF-8755,Débito,219.07,,166,,121 a 180 dias,,Crítico,,5
TRX-02706,2024-12-14,2024-12-26,2024-12-27,11814.80,10309.55,Divergente,Recebimento,CT-002,FN-009,Ref. NF-3119,Pix,1505.25,,155,,121 a 180 dias,,Crítico,,5
TRX-01584,2024-11-14,2024-11-29,2024-12-04,41382.28,35914.86,Divergente,Pagamento,CT-004,FN-009,Ref. NF-3733,Pix,5467.42,,178,,121 a 180 dias,,Crítico,,5
TRX-00547,2024-08-20,2024-08-31,2024-09-05,48503.64,42106.24,Divergente,Estorno,CT-001,FN-006,Ref. NF-5635,Ted,6397.40,,268,,181 a 360 dias,,Muito Crítico,,6
TRX-02950,2024-10-17,2024-10-19,2024-10-21,47012.93,47012.93,Conciliado,Recebimento,CT-002,FN-008,Ref. NF-9259,Pix,0.00,,,,,,,,
TRX-01487,2024-12-27,2025-01-06,2025-01-09,17200.40,17200.40,Conciliado,Pagamento,CT-006,FN-010,Ref. NF-4578,Boleto,0.00,,,,,,,,
TRX-01214,2024-09-01,2024-09-06,2024-09-08,9198.39,9198.39,Conciliado,Estorno,CT-002,FN-003,Ref. NF-8121,Débito,0.00,,,,,,,,
TRX-02311,2024-10-23,2024-11-03,2024-11-06,37168.22,37168.22,Conciliado,Pagamento,CT-006,FN-010,Ref. NF-8380,Débito,0.00,,,,,,,,
TRX-00533,2024-04-12,2024-04-23,2024-04-28,8312.21,7863.40,Divergente,Pagamento,CT-002,FN-002,Ref. NF-8837,Ted,448.81,,398,,+360 dias,,Máximo,,7
TRX-01723,2024-03-25,2024-04-04,2024-04-04,41729.72,41729.72,Conciliado,Estorno,CT-003,FN-005,Ref. NF-6552,Boleto,0.00,,,,,,,,
TRX-00110,2025-01-04,2025-01-12,2025-01-13,48494.64,48494.64,Conciliado,Recebimento,CT-006,FN-004,Ref. NF-8684,Pix,0.00,,,,,,,,
TRX-02777,2024-12-27,2024-12-31,2025-01-01,28683.76,28683.76,Conciliado,Pagamento,CT-003,FN-003,Ref. NF-4014,Débito,0.00,,,,,,,,
TRX-00331,2024-12-18,2024-12-31,2025-01-03,8161.54,8161.54,Conciliado,Recebimento,CT-006,FN-002,Ref. NF-7511,Boleto,0.00,,,,,,,,
TRX-02037,2024-05-04,2024-05-12,2024-05-15,18892.79,18892.79,Conciliado,Estorno,CT-006,FN-005,Ref. NF-4840,Pix,0.00,,,,,,,,
TRX-01862,2024-03-31,2024-04-10,2024-04-13,41824.54,41824.54,Conciliado,Pagamento,CT-006,FN-007,Ref. NF-2086,Débito,0.00,,,,,,,,
TRX-00361,2025-01-07,2025-01-08,2025-01-10,24932.19,24932.19,Conciliado,Pagamento,CT-003,FN-001,Ref. NF-6410,Ted,0.00,,,,,,,,
TRX-00073,2025-04-05,2025-04-18,2025-04-21,22365.62,22365.62,Conciliado,Pagamento,CT-003,FN-002,Ref. NF-5949,Débito,0.00,,,,,,,,
TRX-02106,2025-02-16,2025-02-19,2025-02-21,25678.63,25678.63,Conciliado,Estorno,CT-008,FN-009,Ref. NF-4893,Ted,0.00,,,,,,,,
TRX-00550,2024-08-16,2024-08-31,2024-09-01,30216.87,30216.87,Conciliado,Recebimento,CT-005,FN-010,Ref. NF-1662,Boleto,0.00,,,,,,,,
TRX-00660,2024-04-12,2024-04-13,2024-04-14,22316.16,22316.16,Conciliado,Pagamento,CT-005,FN-007,Ref. NF-3042,Pix,0.00,,,,,,,,
TRX-00135,2024-07-23,2024-07-26,2024-07-26,12466.02,12466.02,Conciliado,Estorno,CT-002,FN-006,Ref. NF-7850,Boleto,0.00,,,,,,,,
TRX-02298,2024-11-01,2024-11-07,,45774.45,,Pendente,Pagamento,CT-002,FN-002,Ref. NF-8133,Pix,45774.45,205,,181 a 360 dias,,Muito Crítico,,6,
TRX-01927,2024-06-10,2024-06-16,2024-06-19,33795.74,33795.74,Conciliado,Pagamento,CT-008,FN-006,Ref. NF-8230,Ted,0.00,,,,,,,,
TRX-02601,2025-02-05,2025-02-11,,36176.83,,Pendente,Pagamento,CT-001,FN-003,Ref. NF-6291,Boleto,36176.83,109,,91 a 120 dias,,Alto,,4,
TRX-01390,2024-06-20,2024-06-29,2024-07-04,36189.80,32517.46,Divergente,Recebimento,CT-001,FN-005,Ref. NF-1743,Pix,3672.34,,331,,181 a 360 dias,,Muito Crítico,,6
TRX-01411,2024-04-14,2024-04-26,2024-04-28,6739.80,6739.80,Conciliado,Pagamento,CT-005,FN-006,Ref. NF-2536,Pix,0.00,,,,,,,,
TRX-02883,2024-12-29,2024-12-31,,24479.12,,Pendente,Pagamento,CT-002,FN-008,Ref. NF-7945,Pix,24479.12,151,,121 a 180 dias,,Crítico,,5,
TRX-02488,2024-11-01,2024-11-10,,29927.55,,Pendente,Pagamento,CT-007,FN-009,Ref. NF-1753,Pix,29927.55,202,,181 a 360 dias,,Muito Crítico,,6,
TRX-02511,2024-07-24,2024-07-25,,8521.68,,Pendente,Recebimento,CT-007,FN-003,Ref. NF-3965,Pix,8521.68,310,,181 a 360 dias,,Muito Crítico,,6,
TRX-00844,2025-02-05,2025-02-15,2025-02-15,2113.68,2113.68,Conciliado,Pagamento,CT-007,FN-010,Ref. NF-4679,Boleto,0.00,,,,,,,,
TRX-02181,2024-12-01,2024-12-04,2024-12-04,44057.76,44057.76,Conciliado,Pagamento,CT-008,FN-009,Ref. NF-8903,Ted,0.00,,,,,,,,
TRX-00503,2025-04-16,2025-04-25,,33839.52,,Pendente,Pagamento,CT-003,FN-008,Ref. NF-9425,Débito,33839.52,36,,31 a 60 dias,,Atenção,,2,
TRX-01042,2024-02-28,2024-03-10,2024-03-10,7212.14,7212.14,Conciliado,Recebimento,CT-002,FN-001,Ref. NF-6937,Pix,0.00,,,,,,,,
TRX-00945,2024-06-02,2024-06-12,2024-06-15,36139.08,36139.08,Conciliado,Estorno,CT-007,FN-002,Ref. NF-7671,Pix,0.00,,,,,,,,
TRX-01395,2024-11-08,2024-11-11,,9703.52,,Pendente,Pagamento,CT-002,FN-006,Ref. NF-8218,Débito,9703.52,201,,181 a 360 dias,,Muito Crítico,,6,
TRX-01926,2024-12-24,2024-12-31,2024-12-31,22533.26,22533.26,Conciliado,Pagamento,CT-003,FN-007,Ref. NF-5581,Boleto,0.00,,,,,,,,
TRX-00713,2025-04-03,2025-04-09,2025-04-11,24399.62,22786.35,Divergente,Pagamento,CT-007,FN-002,Ref. NF-1744,Débito,1613.27,,50,,31 a 60 dias,,Atenção,,2
TRX-00340,2024-12-12,2024-12-24,,26066.96,,Pendente,Pagamento,CT-007,FN-006,Ref. NF-7536,Ted,26066.96,158,,121 a 180 dias,,Crítico,,5,
TRX-00967,2025-02-13,2025-02-22,2025-02-25,6043.62,6043.62,Conciliado,Recebimento,CT-005,FN-009,Ref. NF-6904,Boleto,0.00,,,,,,,,
TRX-02208,2025-03-03,2025-03-16,2025-03-18,45623.89,45623.89,Conciliado,Estorno,CT-007,FN-007,Ref. NF-3765,Boleto,0.00,,,,,,,,
TRX-01698,2024-11-15,2024-11-16,2024-11-16,16725.79,16725.79,Conciliado,Recebimento,CT-002,FN-008,Ref. NF-9100,Ted,0.00,,,,,,,,
TRX-00984,2025-01-04,2025-01-09,2025-01-09,33571.95,33571.95,Conciliado,Pagamento,CT-005,FN-009,Ref. NF-3355,Pix,0.00,,,,,,,,
TRX-00569,2024-08-03,2024-08-16,2024-08-17,45941.99,41897.30,Divergente,Pagamento,CT-007,FN-007,Ref. NF-9476,Ted,4044.69,,287,,181 a 360 dias,,Muito Crítico,,6
TRX-00669,2024-12-06,2024-12-14,2024-12-14,39879.25,39879.25,Conciliado,Pagamento,CT-008,FN-002,Ref. NF-7252,Pix,0.00,,,,,,,,
TRX-02820,2025-02-11,2025-02-22,2025-02-25,4333.32,4333.32,Conciliado,Pagamento,CT-004,FN-010,Ref. NF-8754,Boleto,0.00,,,,,,,,
TRX-01785,2024-04-16,2024-04-25,2024-04-27,39979.74,39979.74,Conciliado,Pagamento,CT-004,FN-007,Ref. NF-1615,Boleto,0.00,,,,,,,,
TRX-01878,2025-01-30,2025-01-31,,7950.85,,Pendente,Pagamento,CT-003,FN-001,Ref. NF-7622,Pix,7950.85,120,,91 a 120 dias,,Alto,,4,
TRX-00582,2025-01-25,2025-01-28,2025-01-31,7874.64,7874.64,Conciliado,Recebimento,CT-008,FN-008,Ref. NF-6554,Débito,0.00,,,,,,,,
TRX-01699,2024-11-13,2024-11-23,2024-11-25,2538.23,2538.23,Conciliado,Pagamento,CT-005,FN-003,Ref. NF-9129,Ted,0.00,,,,,,,,
TRX-02450,2024-05-06,2024-05-09,2024-05-10,4906.83,4906.83,Conciliado,Estorno,CT-006,FN-010,Ref. NF-7244,Débito,0.00,,,,,,,,
TRX-02721,2024-10-21,2024-11-03,2024-11-06,15185.46,15185.46,Conciliado,Pagamento,CT-006,FN-001,Ref. NF-7444,Pix,0.00,,,,,,,,
TRX-01518,2024-03-31,2024-04-10,2024-04-13,24281.86,24281.86,Conciliado,Recebimento,CT-008,FN-009,Ref. NF-7542,Débito,0.00,,,,,,,,
TRX-00729,2025-02-21,2025-02-23,2025-02-25,7661.06,7661.06,Conciliado,Estorno,CT-007,FN-005,Ref. NF-7782,Pix,0.00,,,,,,,,
TRX-00804,2024-02-19,2024-02-22,2024-02-25,46776.55,46776.55,Conciliado,Recebimento,CT-006,FN-009,Ref. NF-1453,Débito,0.00,,,,,,,,
TRX-02512,2025-02-07,2025-02-18,,41535.18,,Pendente,Pagamento,CT-002,FN-010,Ref. NF-9801,Débito,41535.18,102,,91 a 120 dias,,Alto,,4,
TRX-01561,2024-02-18,2024-03-01,2024-03-03,14880.21,14880.21,Conciliado,Estorno,CT-007,FN-009,Ref. NF-9465,Pix,0.00,,,,,,,,
TRX-01528,2024-04-12,2024-04-27,2024-04-29,33814.83,33814.83,Conciliado,Estorno,CT-003,FN-002,Ref. NF-2037,Ted,0.00,,,,,,,,
TRX-01570,2024-06-06,2024-06-09,2024-06-11,36313.59,36313.59,Conciliado,Pagamento,CT-002,FN-004,Ref. NF-9229,Boleto,0.00,,,,,,,,
TRX-02507,2024-01-28,2024-02-09,2024-02-12,29742.79,29742.79,Conciliado,Pagamento,CT-006,FN-010,Ref. NF-3090,Pix,0.00,,,,,,,,
TRX-01776,2024-07-21,2024-07-30,2024-08-03,38713.84,37249.70,Divergente,Pagamento,CT-008,FN-001,Ref. NF-1097,Pix,1464.14,,301,,181 a 360 dias,,Muito Crítico,,6
TRX-00063,2024-05-16,2024-05-25,2024-05-26,6510.59,6510.59,Conciliado,Pagamento,CT-008,FN-008,Ref. NF-7684,Pix,0.00,,,,,,,,
TRX-00705,2024-08-10,2024-08-18,2024-08-19,38164.54,38164.54,Conciliado,Pagamento,CT-008,FN-002,Ref. NF-5317,Ted,0.00,,,,,,,,
TRX-02415,2024-11-17,2024-11-22,2024-11-25,40741.12,40741.12,Conciliado,Pagamento,CT-004,FN-008,Ref. NF-6494,Débito,0.00,,,,,,,,
TRX-00512,2025-03-28,2025-04-09,2025-04-12,15966.75,15966.75,Conciliado,Recebimento,CT-007,FN-003,Ref. NF-8697,Pix,0.00,,,,,,,,
TRX-02089,2025-04-06,2025-04-13,2025-04-15,10896.85,10896.85,Conciliado,Estorno,CT-002,FN-006,Ref. NF-9011,Boleto,0.00,,,,,,,,
TRX-02236,2024-04-19,2024-04-20,2024-04-20,11378.07,11378.07,Conciliado,Pagamento,CT-004,FN-009,Ref. NF-6033,Ted,0.00,,,,,,,,
TRX-02313,2024-12-12,2024-12-13,2024-12-16,32781.66,32781.66,Conciliado,Pagamento,CT-001,FN-008,Ref. NF-4167,Débito,0.00,,,,,,,,
TRX-01446,2024-03-10,2024-03-14,,9488.84,,Pendente,Estorno,CT-002,FN-005,Ref. NF-5338,Boleto,9488.84,443,,+360 dias,,Máximo,,7,
TRX-02173,2024-10-31,2024-11-13,2024-11-16,20971.05,20971.05,Conciliado,Estorno,CT-005,FN-008,Ref. NF-6931,Boleto,0.00,,,,,,,,
TRX-02110,2024-08-23,2024-09-05,2024-09-08,22304.74,22304.74,Conciliado,Pagamento,CT-004,FN-005,Ref. NF-6429,Pix,0.00,,,,,,,,
TRX-01941,2024-10-22,2024-11-02,2024-11-05,3531.93,3531.93,Conciliado,Pagamento,CT-005,FN-002,Ref. NF-2242,Pix,0.00,,,,,,,,
TRX-02618,2024-11-23,2024-12-01,2024-12-04,6970.53,6970.53,Conciliado,Pagamento,CT-002,FN-009,Ref. NF-8391,Ted,0.00,,,,,,,,
TRX-02767,2024-06-26,2024-07-06,2024-07-07,23367.00,22445.59,Divergente,Estorno,CT-006,FN-006,Ref. NF-4063,Ted,921.41,,328,,181 a 360 dias,,Muito Crítico,,6
TRX-00577,2024-02-17,2024-02-18,2024-02-21,22585.12,22585.12,Conciliado,Pagamento,CT-008,FN-004,Ref. NF-7937,Boleto,0.00,,,,,,,,
TRX-01144,2024-01-19,2024-01-30,2024-02-01,46680.91,46680.91,Conciliado,Estorno,CT-002,FN-003,Ref. NF-4216,Débito,0.00,,,,,,,,
TRX-02595,2025-03-14,2025-03-15,2025-03-15,4779.17,4779.17,Conciliado,Pagamento,CT-004,FN-007,Ref. NF-8433,Pix,0.00,,,,,,,,
TRX-01112,2025-01-30,2025-02-01,,3783.53,,Pendente,Estorno,CT-001,FN-007,Ref. NF-1654,Boleto,3783.53,119,,91 a 120 dias,,Alto,,4,
TRX-01512,2024-06-14,2024-06-29,2024-07-02,29774.91,29774.91,Conciliado,Pagamento,CT-001,FN-003,Ref. NF-3525,Boleto,0.00,,,,,,,,
TRX-00899,2024-01-19,2024-02-02,,17672.62,,Pendente,Pagamento,CT-004,FN-007,Ref. NF-9253,Boleto,17672.62,484,,+360 dias,,Máximo,,7,
TRX-02123,2024-07-10,2024-07-23,2024-07-23,5664.18,5664.18,Conciliado,Recebimento,CT-007,FN-008,Ref. NF-7438,Débito,0.00,,,,,,,,
TRX-00149,2024-10-08,2024-10-23,2024-10-23,32701.67,32701.67,Conciliado,Recebimento,CT-008,FN-008,Ref. NF-4804,Pix,0.00,,,,,,,,
TRX-01280,2024-11-02,2024-11-10,2024-11-10,41734.71,41734.71,Conciliado,Pagamento,CT-004,FN-009,Ref. NF-6039,Pix,0.00,,,,,,,,
TRX-01006,2024-07-21,2024-07-25,2024-07-26,12011.94,12011.94,Conciliado,Pagamento,CT-005,FN-006,Ref. NF-6152,Débito,0.00,,,,,,,,
TRX-02362,2024-08-01,2024-08-03,2024-08-05,43157.42,43157.42,Conciliado,Pagamento,CT-006,FN-010,Ref. NF-5857,Boleto,0.00,,,,,,,,
TRX-00820,2025-01-31,2025-02-07,2025-02-10,34276.88,34276.88,Conciliado,Pagamento,CT-006,FN-003,Ref. NF-8761,Débito,0.00,,,,,,,,
TRX-00212,2024-11-24,2024-12-05,2024-12-06,32676.00,32676.00,Conciliado,Pagamento,CT-001,FN-010,Ref. NF-8248,Pix,0.00,,,,,,,,
TRX-01323,2024-01-13,2024-01-14,2024-01-17,43040.52,43040.52,Conciliado,Pagamento,CT-006,FN-009,Ref. NF-4351,Boleto,0.00,,,,,,,,
TRX-02818,2024-03-28,2024-04-07,2024-04-07,44641.58,44641.58,Conciliado,Pagamento,CT-006,FN-008,Ref. NF-9241,Ted,0.00,,,,,,,,
TRX-00055,2024-11-06,2024-11-16,2024-11-18,45470.97,45470.97,Conciliado,Estorno,CT-007,FN-008,Ref. NF-2625,Ted,0.00,,,,,,,,
TRX-02065,2025-04-06,2025-04-09,2025-04-12,41656.22,41656.22,Conciliado,Recebimento,CT-002,FN-008,Ref. NF-3130,Débito,0.00,,,,,,,,
TRX-00486,2024-03-12,2024-03-23,2024-03-25,20380.68,20380.68,Conciliado,Pagamento,CT-005,FN-001,Ref. NF-9625,Débito,0.00,,,,,,,,
TRX-01626,2024-03-18,2024-03-20,2024-03-21,37043.61,37043.61,Conciliado,Recebimento,CT-005,FN-010,Ref. NF-5528,Boleto,0.00,,,,,,,,
TRX-02229,2025-03-28,2025-04-06,2025-04-06,48858.65,48858.65,Conciliado,Pagamento,CT-005,FN-006,Ref. NF-1578,Boleto,0.00,,,,,,,,
TRX-01314,2024-03-01,2024-03-04,2024-03-05,27709.90,27709.90,Conciliado,Pagamento,CT-007,FN-006,Ref. NF-2227,Ted,0.00,,,,,,,,
TRX-01030,2024-03-14,2024-03-29,2024-03-29,669.34,669.34,Conciliado,Pagamento,CT-001,FN-007,Ref. NF-1576,Pix,0.00,,,,,,,,
TRX-02008,2025-04-10,2025-04-18,2025-04-21,7492.10,7492.10,Conciliado,Pagamento,CT-002,FN-007,Ref. NF-3567,Ted,0.00,,,,,,,,
TRX-01488,2025-04-28,2025-04-30,2025-04-30,13339.06,13339.06,Conciliado,Pagamento,CT-005,FN-004,Ref. NF-7078,Ted,0.00,,,,,,,,
